    0x01, 0xf1, 0x01, 0xf1, 0x01, 0xf1, 0x01, 0xf1, 0x01, 0xf1, 0x01, 0xf1, 0x01, 0xf1, 0x01, 0xf1,
    0x01, 0xf1, 0x01, 0xf1, 0x01, 0xf1, 0x01, 0xf1, 0x01, 0xf1, 0x01, 0xf1, 0x01, 0xf1, 0x01, 0xf1,
    0x01, 0xf1, 0x01, 0xf1, 0x01, 0xf1, 0x01, 0xf1, 0x01, 0xf1, 0x01, 0xf1, 0x02, 0xf1, 0x01, 0xf1,
    0x01, 0xf1, 0x02, 0xf1, 0x02, 0xf1, 0x02, 0xf1, 0x02, 0xf1, 0x01, 0xf1, 0x01, 0xf1, 0x01, 0xf1,
    0x01, 0xf1, 0x01, 0xf1, 0x01, 0xf1, 0x02, 0xf1, 0x01, 0xf1, 0x02, 0xf1, 0x02, 0xf1, 0x02, 0xf1,
    0x02, 0xf1, 0x02, 0xf1, 0x02, 0xf1, 0x02, 0xf1, 0x02, 0xf1, 0x02, 0xf1, 0x01, 0xf1, 0x02, 0xf1,
    0x02, 0xf1, 0x02, 0xf1, 0x02, 0xf1, 0x02, 0xf1, 0x02, 0xf1, 0x02, 0xf1, 0x02, 0xf1, 0x02, 0xf1,
    0x02, 0xf1, 0x03, 0xf1, 0x03, 0xf1, 0x02, 0xf1, 0x02, 0xf1, 0x02, 0xf1, 0x02, 0xf1, 0x02, 0xf1,
    0x02, 0xf1, 0x02, 0xf1, 0x02, 0xf1, 0x02, 0xf1, 0x02, 0xf1, 0x03, 0xf1, 0x03, 0xf1, 0x02, 0xf1,
    0x03, 0xf1, 0x14, 0xf2, 0x24, 0xf2, 0x13, 0xf1, 0x02, 0xf1, 0x02, 0xf1, 0x02, 0xf1, 0x02, 0xf1,
    0x02, 0xf1, 0x02, 0xf1, 0x03, 0xf1, 0x02, 0xf1, 0x02, 0xf1, 0x02, 0xf1, 0x02, 0xf1, 0x02, 0xf1,
    0x02, 0xf1, 0x02, 0xf1, 0x02, 0xf1, 0x02, 0xf1, 0x02, 0xf1, 0x02, 0xf1, 0x02, 0xf1, 0x02, 0xf1,
    0x02, 0xf1, 0x02, 0xf1, 0x02, 0xf1, 0x02, 0xf1, 0x02, 0xf1, 0x02, 0xf1, 0x02, 0xf1, 0x02, 0xf1,
    0x02, 0xf1, 0x02, 0xf1, 0x02, 0xf1, 0x02, 0xf1, 0x02, 0xf1, 0x02, 0xf1, 0x02, 0xf1, 0x02, 0xf1,
    0x02, 0xf1, 0x02, 0xf1, 0x02, 0xf1, 0x02, 0xf1, 0x02, 0xf1, 0x02, 0xf1, 0x02, 0xf1, 0x02, 0xf1,
    0x02, 0xf1, 0x02, 0xf1, 0x02, 0xf1, 0x02, 0xf1, 0x02, 0xf1, 0x02, 0xf1, 0x02, 0xf1, 0x02, 0xf1,
    0x02, 0xf1, 0x13, 0xf1, 0x02, 0xf1, 0x02, 0xf1, 0x02, 0xf1, 0x02, 0xf1, 0x02, 0xf1, 0x03, 0xf1,
    0x13, 0xf1, 0x03, 0xf1, 0x02, 0xf1, 0x02, 0xf1, 0x02, 0xf1, 0x02, 0xf1, 0x02, 0xf1, 0x02, 0xf1,
    0x02, 0xf1, 0x02, 0xf1, 0x02, 0xf1, 0x02, 0xf1, 0x02, 0xf1, 0x02, 0xf1, 0x03, 0xf1, 0x02, 0xf1,
    0x02, 0xf1, 0x02, 0xf1, 0x02, 0xf1, 0x02, 0xf1, 0x02, 0xf1, 0x02, 0xf1, 0x02, 0xf1, 0x02, 0xf1,
    0x02, 0xf1, 0x02, 0xf1, 0x02, 0xf1, 0x02, 0xf1, 0x02, 0xf1, 0x02, 0xf1, 0x02, 0xf1, 0x02, 0xf1,
    0x02, 0xf1, 0x02, 0xf1, 0x02, 0xf1, 0x02, 0xf1, 0x02, 0xf1, 0x35, 0xf2, 0x24, 0xf2, 0x02, 0xf1,
    0x02, 0xf1, 0x02, 0xf1, 0x02, 0xf1, 0x02, 0xf1, 0x02, 0xf1, 0x02, 0xf1, 0x02, 0xf1, 0x02, 0xf1,
    0x02, 0xf1, 0x01, 0xf1, 0x01, 0xf1, 0x01, 0xf1, 0x01, 0xf1, 0x02, 0xf1, 0x02, 0xf1, 0x02, 0xf1,
    0x02, 0xf1, 0x01, 0xf1, 0x01, 0xf1, 0x01, 0xf1, 0x01, 0xf1, 0x02, 0xf1, 0x01, 0xf1, 0x01, 0xf1,
    0x01, 0xf1, 0x01, 0xf1, 0x01, 0xf1, 0x02, 0xf1, 0x01, 0xf1, 0x01, 0xf1, 0x01, 0xf1, 0x01, 0xf1,
    0x01, 0xf1, 0x01, 0xf1, 0x01, 0xf1, 0x01, 0xf1, 0x01, 0xf1, 0x01, 0xf1, 0x01, 0xf1, 0x01, 0xf1,
    0x01, 0xf1, 0x12, 0xf1, 0x02, 0xf1, 0x01, 0xf1, 0x01, 0xf1, 0x01, 0xf1, 0x01, 0xf1, 0x01, 0xf1,
    0x02, 0xf1, 0x02, 0xf1, 0x01, 0xf1, 0x01, 0xf1, 0x01, 0xf1, 0x01, 0xf1, 0x01, 0xf1, 0x01, 0xf1,
    0x01, 0xf1, 0x01, 0xf1, 0x01, 0xf1, 0x01, 0xf1, 0x01, 0xf1, 0x01, 0xf1, 0x01, 0xf1, 0x01, 0xf1,
    0x01, 0xf1, 0x01, 0xf1, 0x01, 0xf1, 0x01, 0xf1, 0x01, 0xf1, 0x01, 0xf1, 0x01, 0xf1, 0x01, 0xf1,
    0x01, 0xf1, 0x01, 0xf1, 0x01, 0xf1, 0x01, 0xf1, 0x01, 0xf1, 0x01, 0xf1, 0x01, 0xf1, 0x01, 0xf1,
    0x01, 0xf1, 0x01, 0xf1, 0x01, 0xf1, 0x01, 0xf1, 0x01, 0xf1, 0x01, 0xf1, 0x01, 0xf1, 0x01, 0xf1,
    0x01, 0xf1, 0x01, 0xf1, 0x01, 0xf1, 0x02, 0xf1, 0x02, 0xf1, 0x01, 0xf1, 0x01, 0xf1, 0x01, 0xf1,
    0x01, 0xf1, 0x01, 0xf1, 0x02, 0xf1, 0x02, 0xf1, 0x02, 0xf1, 0x01, 0xf1, 0x02, 0xf1, 0x02, 0xf1,
    0x02, 0xf1, 0x02, 0xf1, 0x02, 0xf1, 0x02, 0xf1, 0x02, 0xf1, 0x02, 0xf1, 0x01, 0xf1, 0x01, 0xf1,
    0x01, 0xf1, 0x02, 0xf1, 0x02, 0xf1, 0x02, 0xf1, 0x02, 0xf1, 0x02, 0xf1, 0x02, 0xf1, 0x02, 0xf1,
    0x02, 0xf1, 0x03, 0xf1, 0x02, 0xf1, 0x02, 0xf1, 0x02, 0xf1, 0x02, 0xf1, 0x02, 0xf1, 0x02, 0xf1,
    0x02, 0xf1, 0x02, 0xf1, 0x02, 0xf1, 0x02, 0xf1, 0x02, 0xf1, 0x02, 0xf1, 0x03, 0xf1, 0x02, 0xf1,
    0x02, 0xf1, 0x25, 0xf2, 0x69, 0xf3, 0x14, 0xf1, 0x02, 0xf1, 0x02, 0xf1, 0x02, 0xf1, 0x02, 0xf1,
    0x02, 0xf1, 0x02, 0xf1, 0x02, 0xf1, 0x02, 0xf1, 0x02, 0xf1, 0x02, 0xf1, 0x02, 0xf1, 0x02, 0xf1,
    0x02, 0xf1, 0x02, 0xf1, 0x02, 0xf1, 0x02, 0xf1, 0x02, 0xf1, 0x02, 0xf1, 0x02, 0xf1, 0x02, 0xf1,
    0x01, 0xf1, 0x01, 0xf1, 0x01, 0xf1, 0x01, 0xf1, 0x01, 0xf1, 0x01, 0xf1, 0x01, 0xf1, 0x02, 0xf1,
    0x02, 0xf1, 0x02, 0xf1, 0x02, 0xf1, 0x02, 0xf1, 0x02, 0xf1, 0x02, 0xf1, 0x02, 0xf1, 0x02, 0xf1,
    0x02, 0xf1, 0x02, 0xf1, 0x02, 0xf1, 0x02, 0xf1, 0x02, 0xf1, 0x02, 0xf1, 0x02, 0xf1, 0x02, 0xf1,
    0x02, 0xf1, 0x02, 0xf1, 0x02, 0xf1, 0x02, 0xf1, 0x02, 0xf1, 0x02, 0xf1, 0x02, 0xf1, 0x02, 0xf1,
    0x02, 0xf1, 0x13, 0xf1, 0x02, 0xf1, 0x02, 0xf1, 0x02, 0xf1, 0x02, 0xf1, 0x02, 0xf1, 0x13, 0xf1,
    0x24, 0xf2, 0x02, 0xf1, 0x02, 0xf1, 0x02, 0xf1, 0x02, 0xf1, 0x02, 0xf1, 0x02, 0xf1, 0x02, 0xf1,
    0x02, 0xf1, 0x02, 0xf1, 0x02, 0xf1, 0x02, 0xf1, 0x02, 0xf1, 0x02, 0xf1, 0x02, 0xf1, 0x02, 0xf1,
    0x02, 0xf1, 0x02, 0xf1, 0x02, 0xf1, 0x02, 0xf1, 0x02, 0xf1, 0x02, 0xf1, 0x02, 0xf1, 0x02, 0xf1,
    0x02, 0xf1, 0x02, 0xf1, 0x02, 0xf1, 0x02, 0xf1, 0x02, 0xf1, 0x02, 0xf1, 0x02, 0xf1, 0x02, 0xf1,
    0x02, 0xf1, 0x02, 0xf1, 0x01, 0xf1, 0x02, 0xf1, 0x02, 0xf1, 0x03, 0xf1, 0x02, 0xf1, 0x01, 0xf1,
    0x02, 0xf1, 0x02, 0xf1, 0x02, 0xf1, 0x02, 0xf1, 0x02, 0xf1, 0x02, 0xf1, 0x02, 0xf1, 0x02, 0xf1,
    0x02, 0xf1, 0x01, 0xf1, 0x01, 0xf1, 0x01, 0xf1, 0x01, 0xf1, 0x02, 0xf1, 0x02, 0xf1, 0x02, 0xf1,
    0x02, 0xf1, 0x02, 0xf1, 0x01, 0xf1, 0x01, 0xf1, 0x01, 0xf1, 0x02, 0xf1, 0x01, 0xf1, 0x01, 0xf1,
    0x01, 0xf1, 0x01, 0xf1, 0x01, 0xf1, 0x01, 0xf1, 0x01, 0xf1, 0x01, 0xf1, 0x01, 0xf1, 0x01, 0xf1,
    0x01, 0xf1, 0x01, 0xf1, 0x01, 0xf1, 0x01, 0xf1, 0x01, 0xf1, 0x01, 0xf1, 0x01, 0xf1, 0x01, 0xf1,
    0x01, 0xf1, 0x01, 0xf1, 0x01, 0xf1, 0x01, 0xf1, 0x01, 0xf1, 0x01, 0xf1, 0x01, 0xf1, 0x01, 0xf1,
    0x01, 0xf1, 0x01, 0xf1, 0x01, 0xf1, 0x01, 0xf1, 0x01, 0xf1, 0x01, 0xf1, 0x02, 0xf1, 0x01, 0xf1,
    0x01, 0xf1, 0x01, 0xf1, 0x01, 0xf1, 0x01, 0xf1, 0x01, 0xf1, 0x01, 0xf1, 0x01, 0xf1, 0x01, 0xf1,
    0x01, 0xf1, 0x01, 0xf1, 0x01, 0xf1, 0x01, 0xf1, 0x01, 0xf1, 0x01, 0xf1, 0x01, 0xf1, 0x01, 0xf1,
    0x01, 0xf1, 0x01, 0xf1, 0x01, 0xf1, 0x01, 0xf1, 0x01, 0xf1, 0x01, 0xf1, 0x01, 0xf1, 0x01, 0xf1,
    0x01, 0xf1, 0x01, 0xf1, 0x01, 0xf1, 0x01, 0xf1, 0x01, 0xf1, 0x01, 0xf1, 0x02, 0xf1, 0x01, 0xf1,
    0x01, 0xf1, 0x01, 0xf1, 0x01, 0xf1, 0x01, 0xf1, 0x01, 0xf1, 0x01, 0xf1, 0x01, 0xf1, 0x01, 0xf1,
    0x01, 0xf1, 0x02, 0xf1, 0x36, 0xf2, 0x13, 0xf1, 0x01, 0xf1, 0x02, 0xf1, 0x02, 0xf1, 0x02, 0xf1,
    0x02, 0xf1, 0x02, 0xf1, 0x02, 0xf1, 0x02, 0xf1, 0x02, 0xf1, 0x01, 0xf1, 0x01, 0xf1, 0x01, 0xf1,
    0x02, 0xf1, 0x02, 0xf1, 0x02, 0xf1, 0x02, 0xf1, 0x02, 0xf1, 0x03, 0xf1, 0x03, 0xf1, 0x03, 0xf1,
    0x03, 0xf1, 0x02, 0xf1, 0x02, 0xf1, 0x02, 0xf1, 0x02, 0xf1, 0x02, 0xf1, 0x02, 0xf1, 0x01, 0xf1,
    0x01, 0xf1, 0x02, 0xf1, 0x02, 0xf1, 0x02, 0xf1, 0x02, 0xf1, 0x02, 0xf1, 0x02, 0xf1, 0x02, 0xf1,
    0x02, 0xf1, 0x13, 0xf1, 0x14, 0xf2, 0x03, 0xf1, 0x02, 0xf1, 0x02, 0xf1, 0x02, 0xf1, 0x02, 0xf1,
    0x02, 0xf1, 0x02, 0xf1, 0x02, 0xf1, 0x02, 0xf1, 0x02, 0xf1, 0x02, 0xf1, 0x02, 0xf1, 0x02, 0xf1,
    0x02, 0xf1, 0x02, 0xf1, 0x02, 0xf1, 0x01, 0xf1, 0x01, 0xf1, 0x02, 0xf1, 0x02, 0xf1, 0x01, 0xf1,
    0x01, 0xf1, 0x02, 0xf1, 0x02, 0xf1, 0x02, 0xf1, 0x02, 0xf1, 0x01, 0xf1, 0x02, 0xf1, 0x02, 0xf1,
    0x02, 0xf1, 0x02, 0xf1, 0x02, 0xf1, 0x02, 0xf1, 0x02, 0xf1, 0x02, 0xf1, 0x02, 0xf1, 0x02, 0xf1,
    0x02, 0xf1, 0x02, 0xf1, 0x02, 0xf1, 0x02, 0xf1, 0x02, 0xf1, 0x02, 0xf1, 0x02, 0xf1, 0x02, 0xf1,
    0x02, 0xf1, 0x02, 0xf1, 0x02, 0xf1, 0x02, 0xf1, 0x02, 0xf1, 0x02, 0xf1, 0x02, 0xf1, 0x02, 0xf1,
    0x02, 0xf1, 0x02, 0xf1, 0x02, 0xf1, 0x02, 0xf1, 0x02, 0xf1, 0x02, 0xf1, 0x03, 0xf1, 0x02, 0xf1,
    0x02, 0xf1, 0x02, 0xf1, 0x02, 0xf1, 0x02, 0xf1, 0x02, 0xf1, 0x02, 0xf1, 0x02, 0xf1, 0x02, 0xf1,
    0x02, 0xf1, 0x02, 0xf1, 0x02, 0xf1, 0x02, 0xf1, 0x02, 0xf1, 0x02, 0xf1, 0x02, 0xf1, 0x02, 0xf1,
    0x02, 0xf1, 0x02, 0xf1, 0x02, 0xf1, 0x02, 0xf1, 0x02, 0xf1, 0x02, 0xf1, 0x02, 0xf1, 0x02, 0xf1,
    0x02, 0xf1, 0x02, 0xf1, 0x02, 0xf1, 0x02, 0xf1, 0x02, 0xf1, 0x02, 0xf1, 0x02, 0xf1, 0x02, 0xf1,
    0x02, 0xf1, 0x01, 0xf1, 0x01, 0xf1, 0x01, 0xf1, 0x02, 0xf1, 0x02, 0xf1, 0x02, 0xf1, 0x01, 0xf1,
    0x02, 0xf1, 0x02, 0xf1, 0x02, 0xf1, 0x02, 0xf1, 0x02, 0xf1, 0x02, 0xf1, 0x02, 0xf1, 0x02, 0xf1,
    0x02, 0xf1, 0x01, 0xf1, 0x01, 0xf1, 0x01, 0xf1, 0x01, 0xf1, 0x02, 0xf1, 0x02, 0xf1, 0x02, 0xf1,
    0x02, 0xf1, 0x02, 0xf1, 0x01, 0xf1, 0x02, 0xf1, 0x02, 0xf1, 0x02, 0xf1, 0x01, 0xf1, 0x01, 0xf1,
    0x01, 0xf1, 0x01, 0xf1, 0x01, 0xf1, 0x01, 0xf1, 0x01, 0xf1, 0x01, 0xf0, 0x01, 0xf1, 0x01, 0xf1,
    0x01, 0xf1, 0x01, 0xf1, 0x01, 0xf1, 0x01, 0xf1, 0x01, 0xf1, 0x01, 0xf1, 0x01, 0xf1, 0x01, 0xf1,
    0x01, 0xf1, 0x01, 0xf1, 0x01, 0xf1, 0x01, 0xf1, 0x01, 0xf1, 0x01, 0xf1, 0x01, 0xf1, 0x01, 0xf1,
    0x01, 0xf1, 0x01, 0xf1, 0x01, 0xf1, 0x01, 0xf1, 0x01, 0xf1, 0x01, 0xf1, 0x02, 0xf1, 0x01, 0xf1,
    0x01, 0xf1, 0x01, 0xf1, 0x01, 0xf1, 0x01, 0xf1, 0x01, 0xf1, 0x01, 0xf1, 0x01, 0xf1, 0x01, 0xf1,
    0x01, 0xf1, 0x01, 0xf1, 0x01, 0xf1, 0x01, 0xf1, 0x01, 0xf1, 0x01, 0xf1, 0x01, 0xf1, 0x01, 0xf1,
    0x01, 0xf1, 0x01, 0xf1, 0x01, 0xf1, 0x01, 0xf1, 0x01, 0xf1, 0x01, 0xf1, 0x01, 0xf1, 0x01, 0xf1,
    0x01, 0xf1, 0x01, 0xf1, 0x01, 0xf1, 0x01, 0xf1, 0x01, 0xf1, 0x02, 0xf1, 0x02, 0xf1, 0x01, 0xf1,
    0x01, 0xf1, 0x01, 0xf1, 0x01, 0xf1, 0x01, 0xf1, 0x01, 0xf1, 0x01, 0xf1, 0x01, 0xf1, 0x01, 0xf1,
    0x02, 0xf1, 0x02, 0xf1, 0x13, 0xf1, 0x02, 0xf1, 0x01, 0xf1, 0x02, 0xf1, 0x02, 0xf1, 0x02, 0xf1,
    0x02, 0xf1, 0x02, 0xf1, 0x02, 0xf1, 0x02, 0xf1, 0x02, 0xf1, 0x01, 0xf1, 0x02, 0xf1, 0x02, 0xf1,
    0x02, 0xf1, 0x02, 0xf1, 0x02, 0xf1, 0x02, 0xf1, 0x03, 0xf1, 0x14, 0xf1, 0x03, 0xf1, 0x03, 0xf1,
    0x03, 0xf1, 0x02, 0xf1, 0x02, 0xf1, 0x02, 0xf1, 0x02, 0xf1, 0x02, 0xf1, 0x02, 0xf1, 0x01, 0xf1,
    0x01, 0xf1, 0x01, 0xf1, 0x02, 0xf1, 0x02, 0xf1, 0x02, 0xf1, 0x02, 0xf1, 0x02, 0xf1, 0x02, 0xf1,
    0x03, 0xf1, 0x02, 0xf1, 0x02, 0xf1, 0x02, 0xf1, 0x02, 0xf1, 0x02, 0xf1, 0x02, 0xf1, 0x02, 0xf1,
    0x02, 0xf1, 0x02, 0xf1, 0x02, 0xf1, 0x02, 0xf1, 0x02, 0xf1, 0x02, 0xf1, 0x02, 0xf1, 0x02, 0xf1,
    0x02, 0xf1, 0x02, 0xf1, 0x01, 0xf1, 0x01, 0xf1, 0x01, 0xf1, 0x01, 0xf1, 0x02, 0xf1, 0x02, 0xf1,
    0x02, 0xf1, 0x02, 0xf1, 0x02, 0xf1, 0x02, 0xf1, 0x02, 0xf1, 0x01, 0xf1, 0x02, 0xf1, 0x02, 0xf1,
    0x02, 0xf1, 0x02, 0xf1, 0x02, 0xf1, 0x02, 0xf1, 0x02, 0xf1, 0x03, 0xf1, 0x02, 0xf1, 0x02, 0xf1,
    0x02, 0xf1, 0x02, 0xf1, 0x02, 0xf1, 0x02, 0xf1, 0x02, 0xf1, 0x02, 0xf1, 0x02, 0xf1, 0x02, 0xf1,
    0x02, 0xf1, 0x02, 0xf1, 0x02, 0xf1, 0x02, 0xf1, 0x02, 0xf1, 0x02, 0xf1, 0x02, 0xf1, 0x02, 0xf1,
    0x02, 0xf1, 0x02, 0xf1, 0x02, 0xf1, 0x03, 0xf1, 0x02, 0xf1, 0x02, 0xf1, 0x02, 0xf1, 0x02, 0xf1,
    0x02, 0xf1, 0x02, 0xf1, 0x02, 0xf1, 0x02, 0xf1, 0x02, 0xf1, 0x02, 0xf1, 0x02, 0xf1, 0x02, 0xf1,
    0x02, 0xf1, 0x02, 0xf1, 0x02, 0xf1, 0x02, 0xf1, 0x02, 0xf1, 0x02, 0xf1, 0x03, 0xf1, 0x02, 0xf1,
    0x02, 0xf1, 0x02, 0xf1, 0x02, 0xf1, 0x02, 0xf1, 0x02, 0xf1, 0x02, 0xf1, 0x02, 0xf1, 0x02, 0xf1,
    0x02, 0xf1, 0x02, 0xf1, 0x02, 0xf1, 0x02, 0xf1, 0x02, 0xf1, 0x02, 0xf1, 0x02, 0xf1, 0x02, 0xf1,
    0x02, 0xf1, 0x02, 0xf1, 0x01, 0xf1, 0x01, 0xf1, 0x02, 0xf1, 0x02, 0xf1, 0x02, 0xf1, 0x02, 0xf1,
    0x01, 0xf1, 0x02, 0xf1, 0x02, 0xf1, 0x02, 0xf1, 0x02, 0xf1, 0x02, 0xf1, 0x02, 0xf1, 0x02, 0xf1,
    0x02, 0xf1, 0x01, 0xf1, 0x01, 0xf1, 0x02, 0xf1, 0x02, 0xf1, 0x02, 0xf1, 0x02, 0xf1, 0x02, 0xf1,
    0x01, 0xf1, 0x02, 0xf1, 0x02, 0xf1, 0x02, 0xf1, 0x02, 0xf1, 0x02, 0xf1, 0x01, 0xf1, 0x01, 0xf1,
    0x01, 0xf1, 0x01, 0xf1, 0x01, 0xf1, 0x01, 0xf1, 0x01, 0xf0, 0x01, 0xf1, 0x01, 0xf1, 0x01, 0xf1,
    0x01, 0xf1, 0x01, 0xf1, 0x01, 0xf1, 0x01, 0xf1, 0x01, 0xf1, 0x01, 0xf1, 0x01, 0xf1, 0x01, 0xf1,
    0x01, 0xf1, 0x01, 0xf1, 0x01, 0xf1, 0x01, 0xf1, 0x01, 0xf1, 0x01, 0xf1, 0x01, 0xf1, 0x01, 0xf1,
    0x01, 0xf1, 0x01, 0xf1, 0x01, 0xf1, 0x01, 0xf1, 0x01, 0xf1, 0x01, 0xf1, 0x01, 0xf1, 0x01, 0xf1,
    0x01, 0xf1, 0x01, 0xf1, 0x01, 0xf1, 0x01, 0xf1, 0x01, 0xf1, 0x01, 0xf1, 0x01, 0xf1, 0x01, 0xf1,
    0x01, 0xf1, 0x02, 0xf1, 0x01, 0xf1, 0x01, 0xf1, 0x01, 0xf1, 0x02, 0xf1, 0x01, 0xf1, 0x01, 0xf1,
    0x01, 0xf1, 0x01, 0xf1, 0x01, 0xf1, 0x02, 0xf1, 0x01, 0xf1, 0x01, 0xf1, 0x01, 0xf1, 0x01, 0xf1,
    0x02, 0xf1, 0x02, 0xf1, 0x01, 0xf1, 0x01, 0xf1, 0x01, 0xf1, 0x01, 0xf1, 0x01, 0xf1, 0x01, 0xf1,
    0x01, 0xf1, 0x01, 0xf1, 0x01, 0xf1, 0x01, 0xf1, 0x01, 0xf1, 0x01, 0xf1, 0x01, 0xf1, 0x01, 0xf1,
    0x02, 0xf1, 0x02, 0xf1, 0x02, 0xf1, 0x01, 0xf1, 0x01, 0xf1, 0x02, 0xf1, 0x02, 0xf1, 0x02, 0xf1,
    0x02, 0xf1, 0x02, 0xf1, 0x02, 0xf1, 0x02, 0xf1, 0x02, 0xf1, 0x02, 0xf1, 0x02, 0xf1, 0x02, 0xf1,
    0x02, 0xf1, 0x02, 0xf1, 0x13, 0xf1, 0x13, 0xf1, 0x13, 0xf1, 0x03, 0xf1, 0x02, 0xf1, 0x02, 0xf1,
    0x02, 0xf1, 0x02, 0xf1, 0x02, 0xf1, 0x02, 0xf1, 0x02, 0xf1, 0x02, 0xf1, 0x02, 0xf1, 0x01, 0xf1,
    0x01, 0xf1, 0x01, 0xf1, 0x02, 0xf1, 0x02, 0xf1, 0x02, 0xf1, 0x02, 0xf1, 0x02, 0xf1, 0x02, 0xf1,
    0x02, 0xf1, 0x02, 0xf1, 0x02, 0xf1, 0x02, 0xf1, 0x02, 0xf1, 0x02, 0xf1, 0x02, 0xf1, 0x02, 0xf1,
    0x02, 0xf1, 0x02, 0xf1, 0x02, 0xf1, 0x02, 0xf1, 0x02, 0xf1, 0x02, 0xf1, 0x02, 0xf1, 0x02, 0xf1,
    0x02, 0xf1, 0x02, 0xf1, 0x01, 0xf1, 0x01, 0xf1, 0x01, 0xf1, 0x01, 0xf1, 0x01, 0xf1, 0x02, 0xf1,
    0x02, 0xf1, 0x02, 0xf1, 0x02, 0xf1, 0x02, 0xf1, 0x02, 0xf1, 0x02, 0xf1, 0x02, 0xf1, 0x02, 0xf1,
    0x02, 0xf1, 0x02, 0xf1, 0x02, 0xf1, 0x02, 0xf1, 0x02, 0xf1, 0x03, 0xf1, 0x02, 0xf1, 0x02, 0xf1,
    0x02, 0xf1, 0x02, 0xf1, 0x02, 0xf1, 0x02, 0xf1, 0x02, 0xf1, 0x02, 0xf1, 0x02, 0xf1, 0x02, 0xf1,
    0x02, 0xf1, 0x02, 0xf1, 0x02, 0xf1, 0x02, 0xf1, 0x02, 0xf1, 0x02, 0xf1, 0x02, 0xf1, 0x02, 0xf1,
    0x02, 0xf1, 0x02, 0xf1, 0x03, 0xf1, 0x13, 0xf1, 0x02, 0xf1, 0x02, 0xf1, 0x02, 0xf1, 0x02, 0xf1,
    0x02, 0xf1, 0x02, 0xf1, 0x02, 0xf1, 0x02, 0xf1, 0x02, 0xf1, 0x02, 0xf1, 0x02, 0xf1, 0x02, 0xf1,
    0x02, 0xf1, 0x02, 0xf1, 0x02, 0xf1, 0x02, 0xf1, 0x02, 0xf1, 0x02, 0xf1, 0x03, 0xf1, 0x02, 0xf1,
    0x02, 0xf1, 0x02, 0xf1, 0x02, 0xf1, 0x02, 0xf1, 0x02, 0xf1, 0x02, 0xf1, 0x02, 0xf1, 0x02, 0xf1,
    0x02, 0xf1, 0x02, 0xf1, 0x02, 0xf1, 0x13, 0xf1, 0x13, 0xf1, 0x02, 0xf1, 0x02, 0xf1, 0x02, 0xf1,
    0x02, 0xf1, 0x01, 0xf1, 0x02, 0xf1, 0x01, 0xf1, 0x02, 0xf1, 0x02, 0xf1, 0x02, 0xf1, 0x02, 0xf1,
    0x01, 0xf1, 0x01, 0xf1, 0x02, 0xf1, 0x02, 0xf1, 0x02, 0xf1, 0x02, 0xf1, 0x02, 0xf1, 0x02, 0xf1,
    0x02, 0xf1, 0x01, 0xf1, 0x01, 0xf1, 0x02, 0xf1, 0x02, 0xf1, 0x02, 0xf1, 0x01, 0xf1, 0x01, 0xf1,
    0x01, 0xf1, 0x02, 0xf1, 0x01, 0xf1, 0x01, 0xf1, 0x01, 0xf1, 0x02, 0xf1, 0x01, 0xf1, 0x01, 0xf1,
    0x01, 0xf1, 0x01, 0xf1, 0x01, 0xf1, 0x01, 0xf0, 0x01, 0xf0, 0x01, 0xf1, 0x01, 0xf1, 0x01, 0xf1,
    0x01, 0xf1, 0x01, 0xf1, 0x01, 0xf1, 0x01, 0xf1, 0x01, 0xf1, 0x01, 0xf1, 0x01, 0xf1, 0x01, 0xf1,
    0x01, 0xf1, 0x01, 0xf1, 0x01, 0xf1, 0x01, 0xf1, 0x01, 0xf1, 0x01, 0xf1, 0x01, 0xf1, 0x01, 0xf1,
    0x01, 0xf1, 0x01, 0xf1, 0x01, 0xf1, 0x01, 0xf1, 0x01, 0xf1, 0x01, 0xf1, 0x01, 0xf1, 0x01, 0xf1,
    0x01, 0xf1, 0x01, 0xf1, 0x01, 0xf1, 0x01, 0xf1, 0x01, 0xf1, 0x01, 0xf1, 0x01, 0xf1, 0x01, 0xf1,
    0x01, 0xf1, 0x02, 0xf1, 0x01, 0xf1, 0x01, 0xf1, 0x01, 0xf1, 0x01, 0xf1, 0x01, 0xf1, 0x01, 0xf1,
    0x01, 0xf1, 0x02, 0xf1, 0x01, 0xf1, 0x01, 0xf1, 0x01, 0xf1, 0x01, 0xf1, 0x01, 0xf1, 0x01, 0xf1,
    0x01, 0xf1, 0x01, 0xf1, 0x01, 0xf1, 0x01, 0xf1, 0x01, 0xf1, 0x01, 0xf1, 0x01, 0xf1, 0x01, 0xf1,
    0x01, 0xf1, 0x02, 0xf1, 0x01, 0xf1, 0x01, 0xf1, 0x01, 0xf1, 0x01, 0xf1, 0x01, 0xf1, 0x01, 0xf1,
    0x02, 0xf1, 0x02, 0xf1, 0x01, 0xf1, 0x01, 0xf1, 0x01, 0xf1, 0x01, 0xf1, 0x02, 0xf1, 0x02, 0xf1,
    0x02, 0xf1, 0x02, 0xf1, 0x02, 0xf1, 0x02, 0xf1, 0x02, 0xf1, 0x02, 0xf1, 0x02, 0xf1, 0x02, 0xf1,
    0x02, 0xf1, 0x02, 0xf1, 0x03, 0xf1, 0x02, 0xf1, 0x02, 0xf1, 0x02, 0xf1, 0x03, 0xf1, 0x02, 0xf1,
    0x02, 0xf1, 0x02, 0xf1, 0x02, 0xf1, 0x02, 0xf1, 0x02, 0xf1, 0x02, 0xf1, 0x02, 0xf1, 0x01, 0xf1,
    0x01, 0xf1, 0x01, 0xf1, 0x02, 0xf1, 0x02, 0xf1, 0x02, 0xf1, 0x02, 0xf1, 0x02, 0xf1, 0x02, 0xf1,
    0x02, 0xf1, 0x02, 0xf1, 0x02, 0xf1, 0x02, 0xf1, 0x02, 0xf1, 0x02, 0xf1, 0x02, 0xf1, 0x02, 0xf1,
    0x02, 0xf1, 0x02, 0xf1, 0x02, 0xf1, 0x02, 0xf1, 0x02, 0xf1, 0x02, 0xf1, 0x02, 0xf1, 0x02, 0xf1,
    0x02, 0xf1, 0x02, 0xf1, 0x02, 0xf1, 0x02, 0xf1, 0x02, 0xf1, 0x01, 0xf1, 0x01, 0xf1, 0x02, 0xf1,
    0x02, 0xf1, 0x02, 0xf1, 0x02, 0xf1, 0x01, 0xf1, 0x01, 0xf1, 0x02, 0xf1, 0x02, 0xf1, 0x02, 0xf1,
    0x02, 0xf1, 0x02, 0xf1, 0x02, 0xf1, 0x02, 0xf1, 0x02, 0xf1, 0x02, 0xf1, 0x02, 0xf1, 0x02, 0xf1,
    0x02, 0xf1, 0x02, 0xf1, 0x02, 0xf1, 0x02, 0xf1, 0x02, 0xf1, 0x02, 0xf1, 0x02, 0xf1, 0x02, 0xf1,
    0x02, 0xf1, 0x02, 0xf1, 0x02, 0xf1, 0x02, 0xf1, 0x02, 0xf1, 0x02, 0xf1, 0x02, 0xf1, 0x02, 0xf1,
    0x02, 0xf1, 0x02, 0xf1, 0x02, 0xf1, 0x02, 0xf1, 0x02, 0xf1, 0x02, 0xf1, 0x02, 0xf1, 0x02, 0xf1,
    0x02, 0xf1, 0x02, 0xf1, 0x02, 0xf1, 0x02, 0xf1, 0x02, 0xf1, 0x02, 0xf1, 0x02, 0xf1, 0x02, 0xf1,
    0x02, 0xf1, 0x02, 0xf1, 0x02, 0xf1, 0x02, 0xf1, 0x02, 0xf1, 0x02, 0xf1, 0x02, 0xf1, 0x02, 0xf1,
    0x02, 0xf1, 0x02, 0xf1, 0x02, 0xf1, 0x02, 0xf1, 0x02, 0xf1, 0x02, 0xf1, 0x02, 0xf1, 0x02, 0xf1,
    0x02, 0xf1, 0x02, 0xf1, 0x02, 0xf1, 0x02, 0xf1, 0x02, 0xf1, 0x02, 0xf1, 0x02, 0xf1, 0x02, 0xf1,
    0x02, 0xf1, 0x02, 0xf1, 0x02, 0xf1, 0x01, 0xf1, 0x01, 0xf1, 0x01, 0xf1, 0x02, 0xf1, 0x02, 0xf1,
    0x01, 0xf1, 0x02, 0xf1, 0x02, 0xf1, 0x02, 0xf1, 0x02, 0xf1, 0x02, 0xf1, 0x02, 0xf1, 0x02, 0xf1,
    0x01, 0xf1, 0x01, 0xf1, 0x01, 0xf1, 0x01, 0xf1, 0x01, 0xf1, 0x01, 0xf1, 0x01, 0xf1, 0x01, 0xf1,
    0x01, 0xf1, 0x01, 0xf1, 0x01, 0xf1, 0x01, 0xf1, 0x02, 0xf1, 0x02, 0xf1, 0x01, 0xf1, 0x01, 0xf1,
    0x01, 0xf1, 0x01, 0xf1, 0x01, 0xf0, 0x01, 0xf0, 0x01, 0xf1, 0x01, 0xf1, 0x01, 0xf1, 0x01, 0xf1,
    0x01, 0xf1, 0x01, 0xf1, 0x01, 0xf1, 0x01, 0xf1, 0x01, 0xf1, 0x01, 0xf1, 0x01, 0xf1, 0x01, 0xf1,
    0x01, 0xf1, 0x01, 0xf1, 0x02, 0xf1, 0x01, 0xf1, 0x01, 0xf1, 0x01, 0xf1, 0x01, 0xf1, 0x01, 0xf1,
    0x01, 0xf1, 0x01, 0xf1, 0x01, 0xf1, 0x01, 0xf1, 0x01, 0xf1, 0x01, 0xf1, 0x01, 0xf1, 0x01, 0xf1,
    0x01, 0xf1, 0x01, 0xf1, 0x01, 0xf1, 0x01, 0xf1, 0x01, 0xf1, 0x01, 0xf1, 0x01, 0xf1, 0x01, 0xf1,
    0x01, 0xf1, 0x01, 0xf1, 0x01, 0xf1, 0x01, 0xf1, 0x01, 0xf1, 0x01, 0xf1, 0x01, 0xf1, 0x01, 0xf1,
    0x01, 0xf1, 0x02, 0xf1, 0x01, 0xf1, 0x01, 0xf1, 0x01, 0xf1, 0x01, 0xf1, 0x01, 0xf1, 0x01, 0xf1,
    0x01, 0xf1, 0x01, 0xf1, 0x01, 0xf1, 0x01, 0xf1, 0x01, 0xf1, 0x01, 0xf1, 0x01, 0xf1, 0x01, 0xf1,
    0x01, 0xf1, 0x01, 0xf1, 0x01, 0xf1, 0x01, 0xf1, 0x01, 0xf1, 0x01, 0xf1, 0x01, 0xf1, 0x02, 0xf1,
    0x01, 0xf1, 0x02, 0xf1, 0x01, 0xf1, 0x01, 0xf1, 0x01, 0xf1, 0x02, 0xf1, 0x02, 0xf1, 0x02, 0xf1,
    0x02, 0xf1, 0x02, 0xf1, 0x02, 0xf1, 0x02, 0xf1, 0x12, 0xf1, 0x02, 0xf1, 0x02, 0xf1, 0x02, 0xf1,
    0x02, 0xf1, 0x02, 0xf1, 0x02, 0xf1, 0x02, 0xf1, 0x02, 0xf1, 0x02, 0xf1, 0x13, 0xf1, 0x02, 0xf1,
    0x02, 0xf1, 0x02, 0xf1, 0x02, 0xf1, 0x02, 0xf1, 0x02, 0xf1, 0x02, 0xf1, 0x02, 0xf1, 0x01, 0xf1,
    0x01, 0xf1, 0x01, 0xf1, 0x01, 0xf1, 0x02, 0xf1, 0x02, 0xf1, 0x02, 0xf1, 0x02, 0xf1, 0x02, 0xf1,
    0x02, 0xf1, 0x02, 0xf1, 0x02, 0xf1, 0x02, 0xf1, 0x02, 0xf1, 0x02, 0xf1, 0x02, 0xf1, 0x02, 0xf1,
    0x02, 0xf1, 0x02, 0xf1, 0x02, 0xf1, 0x02, 0xf1, 0x02, 0xf1, 0x02, 0xf1, 0x02, 0xf1, 0x02, 0xf1,
    0x02, 0xf1, 0x02, 0xf1, 0x02, 0xf1, 0x02, 0xf1, 0x02, 0xf1, 0x02, 0xf1, 0x01, 0xf1, 0x01, 0xf1,
    0x01, 0xf1, 0x01, 0xf1, 0x01, 0xf1, 0x01, 0xf1, 0x01, 0xf1, 0x02, 0xf1, 0x02, 0xf1, 0x02, 0xf1,
    0x02, 0xf1, 0x02, 0xf1, 0x02, 0xf1, 0x02, 0xf1, 0x02, 0xf1, 0x02, 0xf1, 0x02, 0xf1, 0x02, 0xf1,
    0x02, 0xf1, 0x02, 0xf1, 0x02, 0xf1, 0x02, 0xf1, 0x02, 0xf1, 0x02, 0xf1, 0x02, 0xf1, 0x02, 0xf1,
    0x02, 0xf1, 0x01, 0xf1, 0x01, 0xf1, 0x01, 0xf1, 0x02, 0xf1, 0x02, 0xf1, 0x02, 0xf1, 0x02, 0xf1,
    0x02, 0xf1, 0x02, 0xf1, 0x02, 0xf1, 0x02, 0xf1, 0x02, 0xf1, 0x02, 0xf1, 0x02, 0xf1, 0x02, 0xf1,
    0x02, 0xf1, 0x02, 0xf1, 0x02, 0xf1, 0x02, 0xf1, 0x02, 0xf1, 0x02, 0xf1, 0x02, 0xf1, 0x02, 0xf1,
    0x02, 0xf1, 0x02, 0xf1, 0x02, 0xf1, 0x02, 0xf1, 0x02, 0xf1, 0x02, 0xf1, 0x02, 0xf1, 0x02, 0xf1,
    0x02, 0xf1, 0x02, 0xf1, 0x02, 0xf1, 0x02, 0xf1, 0x02, 0xf1, 0x02, 0xf1, 0x02, 0xf1, 0x02, 0xf1,
    0x02, 0xf1, 0x02, 0xf1, 0x02, 0xf1, 0x02, 0xf1, 0x02, 0xf1, 0x02, 0xf1, 0x02, 0xf1, 0x02, 0xf1,
    0x02, 0xf1, 0x02, 0xf1, 0x02, 0xf1, 0x02, 0xf1, 0x01, 0xf1, 0x01, 0xf1, 0x02, 0xf1, 0x01, 0xf1,
    0x01, 0xf1, 0x02, 0xf1, 0x02, 0xf1, 0x02, 0xf1, 0x02, 0xf1, 0x01, 0xf1, 0x01, 0xf1, 0x01, 0xf1,
    0x01, 0xf1, 0x01, 0xf1, 0x01, 0xf1, 0x01, 0xf1, 0x01, 0xf1, 0x01, 0xf1, 0x01, 0xf1, 0x01, 0xf1,
    0x01, 0xf1, 0x01, 0xf1, 0x02, 0xf1, 0x02, 0xf1, 0x02, 0xf1, 0x01, 0xf1, 0x01, 0xf1, 0x01, 0xf1,
    0x01, 0xf0, 0x01, 0xf0, 0x01, 0xf0, 0x01, 0xf1, 0x01, 0xf1, 0x01, 0xf1, 0x01, 0xf1, 0x01, 0xf1,
    0x01, 0xf1, 0x01, 0xf1, 0x01, 0xf1, 0x01, 0xf1, 0x01, 0xf1, 0x01, 0xf1, 0x01, 0xf1, 0x01, 0xf1,
    0x01, 0xf1, 0x01, 0xf1, 0x02, 0xf1, 0x01, 0xf1, 0x01, 0xf1, 0x01, 0xf1, 0x01, 0xf1, 0x01, 0xf1,
    0x01, 0xf1, 0x01, 0xf1, 0x01, 0xf1, 0x01, 0xf1, 0x01, 0xf1, 0x01, 0xf1, 0x01, 0xf1, 0x01, 0xf1,
    0x01, 0xf1, 0x01, 0xf1, 0x01, 0xf1, 0x01, 0xf1, 0x01, 0xf1, 0x01, 0xf1, 0x01, 0xf1, 0x01, 0xf1,
    0x01, 0xf1, 0x01, 0xf1, 0x02, 0xf1, 0x12, 0xf1, 0x01, 0xf1, 0x01, 0xf1, 0x01, 0xf1, 0x01, 0xf1,
    0x01, 0xf1, 0x01, 0xf1, 0x01, 0xf1, 0x01, 0xf1, 0x01, 0xf1, 0x01, 0xf1, 0x01, 0xf0, 0x01, 0xf1,
    0x01, 0xf1, 0x01, 0xf1, 0x01, 0xf1, 0x01, 0xf1, 0x01, 0xf1, 0x01, 0xf1, 0x01, 0xf1, 0x01, 0xf1,
    0x01, 0xf1, 0x01, 0xf1, 0x01, 0xf1, 0x02, 0xf1, 0x01, 0xf1, 0x01, 0xf1, 0x01, 0xf1, 0x01, 0xf1,
    0x01, 0xf1, 0x01, 0xf1, 0x01, 0xf1, 0x01, 0xf1, 0x01, 0xf1, 0x01, 0xf1, 0x02, 0xf1, 0x01, 0xf1,
    0x01, 0xf1, 0x02, 0xf1, 0x02, 0xf1, 0x02, 0xf1, 0x02, 0xf1, 0x02, 0xf1, 0x02, 0xf1, 0x02, 0xf1,
    0x02, 0xf1, 0x02, 0xf1, 0x02, 0xf1, 0x01, 0xf1, 0x02, 0xf1, 0x02, 0xf1, 0x02, 0xf1, 0x02, 0xf1,
    0x02, 0xf1, 0x02, 0xf1, 0x02, 0xf1, 0x02, 0xf1, 0x02, 0xf1, 0x02, 0xf1, 0x02, 0xf1, 0x02, 0xf1,
    0x02, 0xf1, 0x01, 0xf1, 0x02, 0xf1, 0x02, 0xf1, 0x02, 0xf1, 0x02, 0xf1, 0x02, 0xf1, 0x02, 0xf1,
    0x02, 0xf1, 0x02, 0xf1, 0x02, 0xf1, 0x02, 0xf1, 0x02, 0xf1, 0x02, 0xf1, 0x02, 0xf1, 0x02, 0xf1,
    0x02, 0xf1, 0x02, 0xf1, 0x02, 0xf1, 0x02, 0xf1, 0x02, 0xf1, 0x02, 0xf1, 0x02, 0xf1, 0x02, 0xf1,
    0x02, 0xf1, 0x02, 0xf1, 0x02, 0xf1, 0x02, 0xf1, 0x02, 0xf1, 0x02, 0xf1, 0x02, 0xf1, 0x01, 0xf1,
    0x01, 0xf1, 0x01, 0xf1, 0x01, 0xf1, 0x01, 0xf1, 0x01, 0xf1, 0x01, 0xf1, 0x02, 0xf1, 0x02, 0xf1,
    0x01, 0xf1, 0x02, 0xf1, 0x02, 0xf1, 0x01, 0xf1, 0x01, 0xf1, 0x02, 0xf1, 0x02, 0xf1, 0x02, 0xf1,
    0x02, 0xf1, 0x02, 0xf1, 0x02, 0xf1, 0x02, 0xf1, 0x02, 0xf1, 0x02, 0xf1, 0x02, 0xf1, 0x02, 0xf1,
    0x01, 0xf1, 0x01, 0xf1, 0x01, 0xf1, 0x02, 0xf1, 0x02, 0xf1, 0x02, 0xf1, 0x02, 0xf1, 0x02, 0xf1,
    0x02, 0xf1, 0x02, 0xf1, 0x02, 0xf1, 0x02, 0xf1, 0x02, 0xf1, 0x02, 0xf1, 0x01, 0xf1, 0x01, 0xf1,
    0x02, 0xf1, 0x02, 0xf1, 0x02, 0xf1, 0x02, 0xf1, 0x02, 0xf1, 0x02, 0xf1, 0x02, 0xf1, 0x02, 0xf1,
    0x02, 0xf1, 0x02, 0xf1, 0x02, 0xf1, 0x02, 0xf1, 0x02, 0xf1, 0x02, 0xf1, 0x02, 0xf1, 0x02, 0xf1,
    0x02, 0xf1, 0x02, 0xf1, 0x02, 0xf1, 0x02, 0xf1, 0x02, 0xf1, 0x02, 0xf1, 0x02, 0xf1, 0x02, 0xf1,
    0x02, 0xf1, 0x02, 0xf1, 0x02, 0xf1, 0x02, 0xf1, 0x02, 0xf1, 0x02, 0xf1, 0x02, 0xf1, 0x01, 0xf1,
    0x01, 0xf1, 0x02, 0xf1, 0x02, 0xf1, 0x02, 0xf1, 0x01, 0xf1, 0x01, 0xf1, 0x01, 0xf1, 0x01, 0xf1,
    0x01, 0xf1, 0x02, 0xf1, 0x02, 0xf1, 0x01, 0xf1, 0x01, 0xf1, 0x01, 0xf1, 0x01, 0xf1, 0x01, 0xf1,
    0x01, 0xf1, 0x01, 0xf1, 0x01, 0xf1, 0x01, 0xf1, 0x01, 0xf1, 0x01, 0xf1, 0x01, 0xf1, 0x01, 0xf1,
    0x01, 0xf1, 0x01, 0xf1, 0x01, 0xf1, 0x01, 0xf1, 0x01, 0xf1, 0x01, 0xf1, 0x01, 0xf1, 0x01, 0xf1,
    0x01, 0xf1, 0x01, 0xf0, 0x01, 0xf1, 0x01, 0xf1, 0x02, 0xf1, 0x01, 0xf1, 0x01, 0xf1, 0x01, 0xf1,
    0x01, 0xf1, 0x01, 0xf1, 0x01, 0xf1, 0x01, 0xf1, 0x01, 0xf1, 0x01, 0xf1, 0x01, 0xf1, 0x01, 0xf1,
    0x01, 0xf1, 0x01, 0xf1, 0x01, 0xf1, 0x01, 0xf1, 0x01, 0xf1, 0x01, 0xf1, 0x01, 0xf1, 0x01, 0xf1,
    0x01, 0xf1, 0x01, 0xf1, 0x01, 0xf1, 0x01, 0xf1, 0x01, 0xf1, 0x01, 0xf1, 0x01, 0xf1, 0x01, 0xf1,
    0x01, 0xf1, 0x01, 0xf1, 0x01, 0xf1, 0x01, 0xf1, 0x01, 0xf1, 0x01, 0xf1, 0x02, 0xf1, 0x02, 0xf1,
    0x01, 0xf1, 0x01, 0xf1, 0x01, 0xf1, 0x01, 0xf1, 0x01, 0xf1, 0x01, 0xf1, 0x01, 0xf1, 0x01, 0xf1,
    0x01, 0xf1, 0x01, 0xf1, 0x01, 0xf1, 0x01, 0xf1, 0x01, 0xf1, 0x01, 0xf1, 0x01, 0xf1, 0x02, 0xf1,
    0x02, 0xf1, 0x01, 0xf1, 0x01, 0xf1, 0x01, 0xf1, 0x01, 0xf1, 0x01, 0xf1, 0x01, 0xf1, 0x01, 0xf1,
    0x01, 0xf1, 0x01, 0xf1, 0x01, 0xf1, 0x02, 0xf1, 0x02, 0xf1, 0x01, 0xf1, 0x01, 0xf1, 0x01, 0xf1,
    0x01, 0xf1, 0x01, 0xf1, 0x01, 0xf1, 0x01, 0xf1, 0x01, 0xf1, 0x01, 0xf1, 0x01, 0xf1, 0x01, 0xf1,
    0x02, 0xf1, 0x01, 0xf1, 0x02, 0xf1, 0x01, 0xf1, 0x02, 0xf1, 0x02, 0xf1, 0x02, 0xf1, 0x02, 0xf1,
    0x02, 0xf1, 0x02, 0xf1, 0x02, 0xf1, 0x01, 0xf1, 0x01, 0xf1, 0x02, 0xf1, 0x02, 0xf1, 0x02, 0xf1,
    0x13, 0xf1, 0x02, 0xf1, 0x02, 0xf1, 0x02, 0xf1, 0x02, 0xf1, 0x02, 0xf1, 0x02, 0xf1, 0x02, 0xf1,
    0x02, 0xf1, 0x01, 0xf1, 0x02, 0xf1, 0x01, 0xf1, 0x01, 0xf1, 0x02, 0xf1, 0x02, 0xf1, 0x02, 0xf1,
    0x01, 0xf1, 0x01, 0xf1, 0x01, 0xf1, 0x01, 0xf1, 0x02, 0xf1, 0x02, 0xf1, 0x02, 0xf1, 0x02, 0xf1,
    0x02, 0xf1, 0x02, 0xf1, 0x02, 0xf1, 0x02, 0xf1, 0x02, 0xf1, 0x02, 0xf1, 0x02, 0xf1, 0x02, 0xf1,
    0x02, 0xf1, 0x02, 0xf1, 0x01, 0xf1, 0x01, 0xf1, 0x01, 0xf1, 0x02, 0xf1, 0x01, 0xf1, 0x01, 0xf1,
    0x01, 0xf1, 0x01, 0xf1, 0x01, 0xf1, 0x01, 0xf1, 0x01, 0xf1, 0x01, 0xf1, 0x01, 0xf1, 0x01, 0xf1,
    0x01, 0xf1, 0x02, 0xf1, 0x02, 0xf1, 0x02, 0xf1, 0x02, 0xf1, 0x02, 0xf1, 0x02, 0xf1, 0x02, 0xf1,
    0x02, 0xf1, 0x02, 0xf1, 0x02, 0xf1, 0x02, 0xf1, 0x02, 0xf1, 0x02, 0xf1, 0x02, 0xf1, 0x01, 0xf1,
    0x01, 0xf1, 0x01, 0xf1, 0x02, 0xf1, 0x02, 0xf1, 0x02, 0xf1, 0x02, 0xf1, 0x02, 0xf1, 0x02, 0xf1,
    0x02, 0xf1, 0x02, 0xf1, 0x02, 0xf1, 0x02, 0xf1, 0x02, 0xf1, 0x01, 0xf1, 0x01, 0xf1, 0x01, 0xf1,
    0x01, 0xf1, 0x02, 0xf1, 0x02, 0xf1, 0x02, 0xf1, 0x02, 0xf1, 0x02, 0xf1, 0x02, 0xf1, 0x03, 0xf1,
    0x02, 0xf1, 0x02, 0xf1, 0x02, 0xf1, 0x02, 0xf1, 0x02, 0xf1, 0x02, 0xf1, 0x02, 0xf1, 0x02, 0xf1,
    0x02, 0xf1, 0x02, 0xf1, 0x02, 0xf1, 0x02, 0xf1, 0x02, 0xf1, 0x02, 0xf1, 0x02, 0xf1, 0x02, 0xf1,
    0x02, 0xf1, 0x02, 0xf1, 0x02, 0xf1, 0x02, 0xf1, 0x02, 0xf1, 0x02, 0xf1, 0x02, 0xf1, 0x01, 0xf1,
    0x01, 0xf1, 0x01, 0xf1, 0x02, 0xf1, 0x02, 0xf1, 0x01, 0xf1, 0x01, 0xf1, 0x01, 0xf1, 0x02, 0xf1,
    0x02, 0xf1, 0x01, 0xf1, 0x01, 0xf1, 0x02, 0xf1, 0x01, 0xf1, 0x01, 0xf1, 0x01, 0xf1, 0x01, 0xf1,
    0x01, 0xf1, 0x01, 0xf1, 0x01, 0xf1, 0x01, 0xf1, 0x01, 0xf1, 0x01, 0xf1, 0x01, 0xf1, 0x01, 0xf1,
    0x01, 0xf1, 0x01, 0xf1, 0x02, 0xf1, 0x01, 0xf1, 0x01, 0xf1, 0x01, 0xf1, 0x01, 0xf1, 0x01, 0xf1,
    0x01, 0xf1, 0x01, 0xf0, 0x01, 0xf0, 0x01, 0xf1, 0x01, 0xf1, 0x01, 0xf1, 0x01, 0xf1, 0x01, 0xf1,
    0x01, 0xf1, 0x01, 0xf1, 0x01, 0xf1, 0x01, 0xf1, 0x01, 0xf1, 0x01, 0xf1, 0x01, 0xf1, 0x01, 0xf1,
    0x01, 0xf1, 0x01, 0xf1, 0x01, 0xf1, 0x01, 0xf1, 0x01, 0xf1, 0x01, 0xf1, 0x01, 0xf1, 0x01, 0xf1,
    0x01, 0xf1, 0x01, 0xf1, 0x01, 0xf1, 0x01, 0xf1, 0x01, 0xf1, 0x01, 0xf1, 0x01, 0xf1, 0x01, 0xf1,
    0x01, 0xf1, 0x01, 0xf1, 0x01, 0xf1, 0x01, 0xf1, 0x01, 0xf1, 0x01, 0xf1, 0x01, 0xf1, 0x01, 0xf1,
    0x01, 0xf1, 0x01, 0xf1, 0x01, 0xf1, 0x01, 0xf1, 0x01, 0xf1, 0x01, 0xf1, 0x01, 0xf1, 0x01, 0xf1,
    0x01, 0xf1, 0x01, 0xf1, 0x01, 0xf1, 0x01, 0xf1, 0x01, 0xf1, 0x02, 0xf1, 0x01, 0xf1, 0x02, 0xf1,
    0x02, 0xf1, 0x02, 0xf1, 0x01, 0xf1, 0x01, 0xf1, 0x01, 0xf1, 0x01, 0xf1, 0x01, 0xf1, 0x01, 0xf1,
    0x01, 0xf1, 0x01, 0xf1, 0x01, 0xf1, 0x02, 0xf1, 0x01, 0xf1, 0x01, 0xf1, 0x01, 0xf1, 0x02, 0xf1,
    0x01, 0xf1, 0x01, 0xf1, 0x01, 0xf1, 0x01, 0xf1, 0x01, 0xf1, 0x01, 0xf1, 0x01, 0xf1, 0x01, 0xf1,
    0x01, 0xf1, 0x01, 0xf1, 0x01, 0xf1, 0x01, 0xf1, 0x01, 0xf1, 0x02, 0xf1, 0x02, 0xf1, 0x02, 0xf1,
    0x02, 0xf1, 0x02, 0xf1, 0x02, 0xf1, 0x01, 0xf1, 0x02, 0xf1, 0x02, 0xf1, 0x01, 0xf1, 0x02, 0xf1,
    0x02, 0xf1, 0x02, 0xf1, 0x02, 0xf1, 0x02, 0xf1, 0x02, 0xf1, 0x02, 0xf1, 0x02, 0xf1, 0x02, 0xf1,
    0x02, 0xf1, 0x02, 0xf1, 0x01, 0xf1, 0x02, 0xf1, 0x02, 0xf1, 0x02, 0xf1, 0x01, 0xf1, 0x02, 0xf1,
    0x02, 0xf1, 0x01, 0xf1, 0x01, 0xf1, 0x02, 0xf1, 0x02, 0xf1, 0x02, 0xf1, 0x02, 0xf1, 0x02, 0xf1,
    0x02, 0xf1, 0x02, 0xf1, 0x02, 0xf1, 0x02, 0xf1, 0x02, 0xf1, 0x02, 0xf1, 0x02, 0xf1, 0x02, 0xf1,
    0x01, 0xf1, 0x01, 0xf1, 0x02, 0xf1, 0x01, 0xf1, 0x01, 0xf1, 0x01, 0xf1, 0x02, 0xf1, 0x01, 0xf1,
    0x13, 0xf1, 0x02, 0xf1, 0x01, 0xf1, 0x01, 0xf1, 0x01, 0xf1, 0x01, 0xf1, 0x01, 0xf1, 0x01, 0xf1,
    0x01, 0xf1, 0x02, 0xf1, 0x02, 0xf1, 0x02, 0xf1, 0x02, 0xf1, 0x02, 0xf1, 0x02, 0xf1, 0x02, 0xf1,
    0x02, 0xf1, 0x02, 0xf1, 0x02, 0xf1, 0x01, 0xf1, 0x01, 0xf1, 0x01, 0xf1, 0x01, 0xf1, 0x01, 0xf1,
    0x02, 0xf1, 0x02, 0xf1, 0x02, 0xf1, 0x02, 0xf1, 0x02, 0xf1, 0x02, 0xf1, 0x02, 0xf1, 0x02, 0xf1,
    0x02, 0xf1, 0x02, 0xf1, 0x02, 0xf1, 0x02, 0xf1, 0x02, 0xf1, 0x02, 0xf1, 0x01, 0xf1, 0x01, 0xf1,
    0x02, 0xf1, 0x02, 0xf1, 0x02, 0xf1, 0x02, 0xf1, 0x02, 0xf1, 0x02, 0xf1, 0x02, 0xf1, 0x02, 0xf1,
    0x02, 0xf1, 0x02, 0xf1, 0x02, 0xf1, 0x02, 0xf1, 0x02, 0xf1, 0x02, 0xf1, 0x02, 0xf1, 0x02, 0xf1,
    0x02, 0xf1, 0x02, 0xf1, 0x02, 0xf1, 0x02, 0xf1, 0x02, 0xf1, 0x02, 0xf1, 0x02, 0xf1, 0x02, 0xf1,
    0x02, 0xf1, 0x02, 0xf1, 0x02, 0xf1, 0x02, 0xf1, 0x02, 0xf1, 0x02, 0xf1, 0x02, 0xf1, 0x01, 0xf1,
    0x01, 0xf1, 0x01, 0xf1, 0x02, 0xf1, 0x02, 0xf1, 0x02, 0xf1, 0x01, 0xf1, 0x01, 0xf1, 0x02, 0xf1,
    0x01, 0xf1, 0x01, 0xf1, 0x02, 0xf1, 0x02, 0xf1, 0x01, 0xf1, 0x01, 0xf1, 0x01, 0xf1, 0x01, 0xf1,
    0x01, 0xf1, 0x01, 0xf1, 0x01, 0xf1, 0x01, 0xf1, 0x01, 0xf1, 0x01, 0xf1, 0x01, 0xf1, 0x01, 0xf1,
    0x01, 0xf1, 0x01, 0xf1, 0x02, 0xf1, 0x01, 0xf1, 0x01, 0xf1, 0x01, 0xf1, 0x01, 0xf1, 0x01, 0xf1,
    0x01, 0xf1, 0x01, 0xf0, 0x01, 0xf0, 0x01, 0xf1, 0x01, 0xf1, 0x01, 0xf1, 0x01, 0xf1, 0x01, 0xf1,
    0x01, 0xf1, 0x01, 0xf1, 0x01, 0xf1, 0x01, 0xf1, 0x01, 0xf1, 0x01, 0xf1, 0x01, 0xf1, 0x01, 0xf1,
    0x01, 0xf1, 0x01, 0xf1, 0x01, 0xf1, 0x01, 0xf1, 0x01, 0xf1, 0x01, 0xf1, 0x01, 0xf1, 0x01, 0xf1,
    0x01, 0xf1, 0x01, 0xf1, 0x01, 0xf1, 0x01, 0xf1, 0x01, 0xf1, 0x01, 0xf1, 0x01, 0xf1, 0x01, 0xf1,
    0x01, 0xf1, 0x01, 0xf1, 0x01, 0xf1, 0x01, 0xf1, 0x01, 0xf1, 0x01, 0xf1, 0x01, 0xf1, 0x01, 0xf1,
    0x01, 0xf1, 0x01, 0xf1, 0x01, 0xf1, 0x01, 0xf1, 0x01, 0xf1, 0x01, 0xf1, 0x01, 0xf1, 0x01, 0xf1,
    0x01, 0xf1, 0x01, 0xf1, 0x01, 0xf1, 0x01, 0xf1, 0x01, 0xf1, 0x01, 0xf1, 0x01, 0xf1, 0x01, 0xf1,
    0x01, 0xf1, 0x01, 0xf1, 0x01, 0xf1, 0x01, 0xf1, 0x01, 0xf1, 0x01, 0xf1, 0x02, 0xf1, 0x02, 0xf1,
    0x01, 0xf1, 0x01, 0xf1, 0x01, 0xf1, 0x01, 0xf1, 0x01, 0xf1, 0x01, 0xf1, 0x02, 0xf1, 0x13, 0xf1,
    0x01, 0xf1, 0x01, 0xf1, 0x01, 0xf1, 0x01, 0xf1, 0x01, 0xf1, 0x01, 0xf1, 0x01, 0xf1, 0x01, 0xf1,
    0x01, 0xf1, 0x01, 0xf1, 0x01, 0xf1, 0x01, 0xf1, 0x01, 0xf1, 0x02, 0xf1, 0x02, 0xf1, 0x02, 0xf1,
    0x02, 0xf1, 0x01, 0xf1, 0x01, 0xf1, 0x01, 0xf1, 0x01, 0xf1, 0x02, 0xf1, 0x02, 0xf1, 0x02, 0xf1,
    0x02, 0xf1, 0x02, 0xf1, 0x13, 0xf1, 0x02, 0xf1, 0x02, 0xf1, 0x02, 0xf1, 0x02, 0xf1, 0x02, 0xf1,
    0x01, 0xf1, 0x01, 0xf1, 0x01, 0xf1, 0x01, 0xf1, 0x02, 0xf1, 0x02, 0xf1, 0x01, 0xf1, 0x01, 0xf1,
    0x01, 0xf1, 0x01, 0xf1, 0x01, 0xf1, 0x02, 0xf1, 0x02, 0xf1, 0x02, 0xf1, 0x02, 0xf1, 0x02, 0xf1,
    0x02, 0xf1, 0x02, 0xf1, 0x02, 0xf1, 0x02, 0xf1, 0x02, 0xf1, 0x02, 0xf1, 0x01, 0xf1, 0x01, 0xf1,
    0x01, 0xf1, 0x01, 0xf1, 0x01, 0xf1, 0x02, 0xf1, 0x01, 0xf1, 0x01, 0xf1, 0x01, 0xf1, 0x01, 0xf1,
    0x12, 0xf1, 0x02, 0xf1, 0x01, 0xf1, 0x01, 0xf1, 0x01, 0xf1, 0x01, 0xf1, 0x01, 0xf1, 0x01, 0xf1,
    0x01, 0xf1, 0x01, 0xf1, 0x01, 0xf1, 0x01, 0xf1, 0x01, 0xf1, 0x01, 0xf1, 0x02, 0xf1, 0x02, 0xf1,
    0x02, 0xf1, 0x02, 0xf1, 0x02, 0xf1, 0x01, 0xf1, 0x01, 0xf1, 0x01, 0xf1, 0x01, 0xf1, 0x01, 0xf1,
    0x02, 0xf1, 0x01, 0xf1, 0x02, 0xf1, 0x02, 0xf1, 0x02, 0xf1, 0x02, 0xf1, 0x02, 0xf1, 0x02, 0xf1,
    0x02, 0xf1, 0x02, 0xf1, 0x02, 0xf1, 0x02, 0xf1, 0x02, 0xf1, 0x02, 0xf1, 0x01, 0xf1, 0x01, 0xf1,
    0x02, 0xf1, 0x02, 0xf1, 0x02, 0xf1, 0x02, 0xf1, 0x02, 0xf1, 0x02, 0xf1, 0x02, 0xf1, 0x02, 0xf1,
    0x02, 0xf1, 0x02, 0xf1, 0x02, 0xf1, 0x02, 0xf1, 0x02, 0xf1, 0x02, 0xf1, 0x02, 0xf1, 0x02, 0xf1,
    0x02, 0xf1, 0x02, 0xf1, 0x02, 0xf1, 0x02, 0xf1, 0x02, 0xf1, 0x02, 0xf1, 0x02, 0xf1, 0x02, 0xf1,
    0x02, 0xf1, 0x02, 0xf1, 0x02, 0xf1, 0x02, 0xf1, 0x02, 0xf1, 0x02, 0xf1, 0x02, 0xf1, 0x01, 0xf1,
    0x01, 0xf1, 0x02, 0xf1, 0x02, 0xf1, 0x02, 0xf1, 0x02, 0xf1, 0x02, 0xf1, 0x02, 0xf1, 0x01, 0xf1,
    0x01, 0xf1, 0x01, 0xf1, 0x01, 0xf1, 0x02, 0xf1, 0x01, 0xf1, 0x01, 0xf1, 0x01, 0xf1, 0x01, 0xf1,
    0x01, 0xf1, 0x01, 0xf1, 0x01, 0xf1, 0x01, 0xf1, 0x01, 0xf1, 0x01, 0xf1, 0x01, 0xf1, 0x01, 0xf1,
    0x01, 0xf1, 0x01, 0xf1, 0x01, 0xf1, 0x01, 0xf1, 0x01, 0xf1, 0x01, 0xf1, 0x01, 0xf1, 0x01, 0xf1,
    0x01, 0xf0, 0x01, 0xf0, 0x01, 0xf0, 0x01, 0xf1, 0x01, 0xf1, 0x01, 0xf1, 0x01, 0xf1, 0x01, 0xf1,
    0x01, 0xf1, 0x01, 0xf1, 0x01, 0xf1, 0x01, 0xf1, 0x01, 0xf1, 0x01, 0xf1, 0x01, 0xf1, 0x01, 0xf1,
    0x01, 0xf1, 0x01, 0xf1, 0x01, 0xf1, 0x01, 0xf1, 0x01, 0xf1, 0x01, 0xf1, 0x01, 0xf1, 0x01, 0xf1,
    0x01, 0xf1, 0x01, 0xf1, 0x01, 0xf1, 0x01, 0xf1, 0x01, 0xf1, 0x01, 0xf1, 0x01, 0xf1, 0x01, 0xf1,
    0x01, 0xf1, 0x01, 0xf1, 0x01, 0xf1, 0x01, 0xf1, 0x01, 0xf1, 0x01, 0xf1, 0x01, 0xf1, 0x01, 0xf1,
    0x02, 0xf1, 0x01, 0xf1, 0x01, 0xf1, 0x01, 0xf1, 0x01, 0xf1, 0x01, 0xf1, 0x01, 0xf1, 0x01, 0xf1,
    0x01, 0xf1, 0x01, 0xf1, 0x01, 0xf1, 0x01, 0xf1, 0x01, 0xf1, 0x01, 0xf1, 0x01, 0xf1, 0x01, 0xf1,
    0x01, 0xf1, 0x02, 0xf1, 0x02, 0xf1, 0x01, 0xf1, 0x01, 0xf1, 0x01, 0xf1, 0x01, 0xf1, 0x02, 0xf1,
    0x02, 0xf1, 0x02, 0xf1, 0x02, 0xf1, 0x01, 0xf1, 0x01, 0xf1, 0x01, 0xf1, 0x02, 0xf1, 0x02, 0xf1,
    0x01, 0xf1, 0x01, 0xf1, 0x01, 0xf1, 0x01, 0xf1, 0x01, 0xf1, 0x01, 0xf1, 0x01, 0xf1, 0x01, 0xf1,
    0x01, 0xf1, 0x01, 0xf1, 0x01, 0xf1, 0x01, 0xf1, 0x01, 0xf1, 0x01, 0xf1, 0x01, 0xf1, 0x02, 0xf1,
    0x01, 0xf1, 0x01, 0xf1, 0x01, 0xf1, 0x01, 0xf1, 0x01, 0xf1, 0x02, 0xf1, 0x01, 0xf1, 0x01, 0xf1,
    0x02, 0xf1, 0x02, 0xf1, 0x02, 0xf1, 0x02, 0xf1, 0x02, 0xf1, 0x02, 0xf1, 0x02, 0xf1, 0x01, 0xf1,
    0x01, 0xf1, 0x01, 0xf1, 0x01, 0xf1, 0x01, 0xf1, 0x02, 0xf1, 0x02, 0xf1, 0x01, 0xf1, 0x02, 0xf1,
    0x01, 0xf1, 0x01, 0xf1, 0x01, 0xf1, 0x02, 0xf1, 0x02, 0xf1, 0x02, 0xf1, 0x02, 0xf1, 0x02, 0xf1,
    0x01, 0xf1, 0x02, 0xf1, 0x01, 0xf1, 0x01, 0xf1, 0x01, 0xf1, 0x01, 0xf1, 0x01, 0xf1, 0x01, 0xf1,
    0x01, 0xf1, 0x01, 0xf1, 0x01, 0xf1, 0x02, 0xf1, 0x02, 0xf1, 0x01, 0xf1, 0x01, 0xf1, 0x01, 0xf1,
    0x01, 0xf1, 0x01, 0xf1, 0x01, 0xf1, 0x01, 0xf1, 0x01, 0xf1, 0x01, 0xf1, 0x01, 0xf1, 0x02, 0xf1,
    0x01, 0xf1, 0x01, 0xf1, 0x01, 0xf1, 0x01, 0xf1, 0x01, 0xf1, 0x01, 0xf1, 0x01, 0xf1, 0x02, 0xf1,
    0x02, 0xf1, 0x02, 0xf1, 0x01, 0xf1, 0x01, 0xf1, 0x01, 0xf1, 0x01, 0xf1, 0x01, 0xf1, 0x01, 0xf1,
    0x01, 0xf1, 0x01, 0xf1, 0x02, 0xf1, 0x02, 0xf1, 0x02, 0xf1, 0x02, 0xf1, 0x02, 0xf1, 0x02, 0xf1,
    0x02, 0xf1, 0x02, 0xf1, 0x02, 0xf1, 0x02, 0xf1, 0x02, 0xf1, 0x02, 0xf1, 0x01, 0xf1, 0x01, 0xf1,
    0x01, 0xf1, 0x01, 0xf1, 0x02, 0xf1, 0x02, 0xf1, 0x02, 0xf1, 0x02, 0xf1, 0x01, 0xf1, 0x02, 0xf1,
    0x02, 0xf1, 0x02, 0xf1, 0x02, 0xf1, 0x02, 0xf1, 0x02, 0xf1, 0x02, 0xf1, 0x02, 0xf1, 0x02, 0xf1,
    0x02, 0xf1, 0x02, 0xf1, 0x02, 0xf1, 0x02, 0xf1, 0x02, 0xf1, 0x02, 0xf1, 0x02, 0xf1, 0x02, 0xf1,
    0x02, 0xf1, 0x02, 0xf1, 0x02, 0xf1, 0x02, 0xf1, 0x02, 0xf1, 0x02, 0xf1, 0x02, 0xf1, 0x02, 0xf1,
    0x01, 0xf1, 0x01, 0xf1, 0x02, 0xf1, 0x02, 0xf1, 0x02, 0xf1, 0x02, 0xf1, 0x01, 0xf1, 0x01, 0xf1,
    0x01, 0xf1, 0x01, 0xf1, 0x02, 0xf1, 0x02, 0xf1, 0x01, 0xf1, 0x01, 0xf1, 0x01, 0xf1, 0x01, 0xf1,
    0x01, 0xf1, 0x01, 0xf1, 0x01, 0xf1, 0x01, 0xf1, 0x01, 0xf1, 0x01, 0xf1, 0x01, 0xf1, 0x01, 0xf1,
    0x01, 0xf1, 0x01, 0xf1, 0x01, 0xf1, 0x01, 0xf1, 0x01, 0xf1, 0x01, 0xf1, 0x01, 0xf1, 0x01, 0xf1,
    0x01, 0xf0, 0x01, 0xf0, 0x01, 0xf0, 0x01, 0xf0, 0x01, 0xf1, 0x01, 0xf1, 0x01, 0xf1, 0x01, 0xf1,
    0x01, 0xf1, 0x01, 0xf1, 0x01, 0xf1, 0x01, 0xf1, 0x01, 0xf1, 0x01, 0xf1, 0x01, 0xf1, 0x01, 0xf1,
    0x01, 0xf1, 0x01, 0xf1, 0x01, 0xf1, 0x01, 0xf1, 0x01, 0xf1, 0x01, 0xf1, 0x01, 0xf1, 0x01, 0xf1,
    0x01, 0xf1, 0x01, 0xf1, 0x01, 0xf1, 0x01, 0xf1, 0x01, 0xf1, 0x01, 0xf1, 0x01, 0xf1, 0x01, 0xf1,
    0x01, 0xf1, 0x01, 0xf1, 0x01, 0xf1, 0x01, 0xf1, 0x01, 0xf1, 0x01, 0xf1, 0x01, 0xf1, 0x01, 0xf1,
    0x02, 0xf1, 0x01, 0xf1, 0x01, 0xf1, 0x01, 0xf1, 0x01, 0xf1, 0x01, 0xf1, 0x01, 0xf1, 0x01, 0xf1,
    0x01, 0xf1, 0x01, 0xf1, 0x01, 0xf1, 0x01, 0xf1, 0x01, 0xf1, 0x01, 0xf1, 0x01, 0xf1, 0x01, 0xf1,
    0x02, 0xf1, 0x02, 0xf1, 0x02, 0xf1, 0x02, 0xf1, 0x01, 0xf1, 0x01, 0xf1, 0x02, 0xf1, 0x02, 0xf1,
    0x02, 0xf1, 0x02, 0xf1, 0x02, 0xf1, 0x02, 0xf1, 0x02, 0xf1, 0x01, 0xf1, 0x01, 0xf1, 0x01, 0xf1,
    0x01, 0xf1, 0x01, 0xf1, 0x01, 0xf1, 0x01, 0xf1, 0x01, 0xf1, 0x01, 0xf1, 0x01, 0xf1, 0x01, 0xf1,
    0x01, 0xf1, 0x01, 0xf1, 0x01, 0xf1, 0x01, 0xf1, 0x01, 0xf1, 0x01, 0xf1, 0x01, 0xf1, 0x01, 0xf1,
    0x02, 0xf1, 0x02, 0xf1, 0x01, 0xf1, 0x01, 0xf1, 0x01, 0xf1, 0x01, 0xf1, 0x01, 0xf1, 0x01, 0xf1,
    0x01, 0xf1, 0x02, 0xf1, 0x02, 0xf1, 0x02, 0xf1, 0x02, 0xf1, 0x01, 0xf1, 0x01, 0xf1, 0x01, 0xf1,
    0x02, 0xf1, 0x01, 0xf1, 0x01, 0xf1, 0x01, 0xf1, 0x01, 0xf1, 0x02, 0xf1, 0x01, 0xf1, 0x01, 0xf1,
    0x02, 0xf1, 0x02, 0xf1, 0x01, 0xf1, 0x01, 0xf1, 0x01, 0xf1, 0x01, 0xf1, 0x01, 0xf1, 0x01, 0xf1,
    0x02, 0xf1, 0x02, 0xf1, 0x01, 0xf1, 0x02, 0xf1, 0x01, 0xf1, 0x01, 0xf1, 0x01, 0xf1, 0x02, 0xf1,
    0x02, 0xf1, 0x01, 0xf1, 0x01, 0xf1, 0x01, 0xf1, 0x01, 0xf1, 0x01, 0xf1, 0x01, 0xf1, 0x01, 0xf1,
    0x01, 0xf1, 0x01, 0xf1, 0x01, 0xf1, 0x01, 0xf1, 0x01, 0xf1, 0x01, 0xf1, 0x01, 0xf1, 0x02, 0xf1,
    0x02, 0xf1, 0x01, 0xf1, 0x01, 0xf1, 0x01, 0xf1, 0x01, 0xf1, 0x01, 0xf1, 0x02, 0xf1, 0x02, 0xf1,
    0x02, 0xf1, 0x01, 0xf1, 0x01, 0xf1, 0x01, 0xf1, 0x01, 0xf1, 0x01, 0xf1, 0x02, 0xf1, 0x02, 0xf1,
    0x02, 0xf1, 0x02, 0xf1, 0x02, 0xf1, 0x02, 0xf1, 0x02, 0xf1, 0x02, 0xf1, 0x02, 0xf1, 0x02, 0xf1,
    0x02, 0xf1, 0x02, 0xf1, 0x02, 0xf1, 0x02, 0xf1, 0x02, 0xf1, 0x01, 0xf1, 0x01, 0xf1, 0x01, 0xf1,
    0x01, 0xf1, 0x02, 0xf1, 0x02, 0xf1, 0x02, 0xf1, 0x02, 0xf1, 0x02, 0xf1, 0x02, 0xf1, 0x02, 0xf1,
    0x02, 0xf1, 0x02, 0xf1, 0x02, 0xf1, 0x02, 0xf1, 0x02, 0xf1, 0x02, 0xf1, 0x02, 0xf1, 0x02, 0xf1,
    0x02, 0xf1, 0x02, 0xf1, 0x02, 0xf1, 0x02, 0xf1, 0x02, 0xf1, 0x02, 0xf1, 0x02, 0xf1, 0x02, 0xf1,
    0x02, 0xf1, 0x02, 0xf1, 0x02, 0xf1, 0x02, 0xf1, 0x01, 0xf1, 0x02, 0xf1, 0x01, 0xf1, 0x01, 0xf1,
    0x01, 0xf1, 0x01, 0xf1, 0x01, 0xf1, 0x02, 0xf1, 0x02, 0xf1, 0x01, 0xf1, 0x01, 0xf1, 0x01, 0xf1,
    0x01, 0xf1, 0x01, 0xf1, 0x01, 0xf1, 0x01, 0xf1, 0x01, 0xf1, 0x01, 0xf1, 0x01, 0xf1, 0x01, 0xf1,
    0x01, 0xf1, 0x01, 0xf1, 0x01, 0xf1, 0x01, 0xf1, 0x01, 0xf1, 0x01, 0xf1, 0x01, 0xf1, 0x01, 0xf1,
    0x01, 0xf1, 0x01, 0xf1, 0x01, 0xf1, 0x01, 0xf1, 0x01, 0xf1, 0x02, 0xf1, 0x01, 0xf1, 0x01, 0xf0,
    0x01, 0xf0, 0x01, 0xf0, 0x01, 0xf0, 0x01, 0xf1, 0x01, 0xf1, 0x01, 0xf1, 0x01, 0xf1, 0x01, 0xf1,
    0x01, 0xf1, 0x01, 0xf1, 0x01, 0xf1, 0x01, 0xf1, 0x01, 0xf1, 0x01, 0xf1, 0x01, 0xf1, 0x01, 0xf1,
    0x01, 0xf1, 0x01, 0xf1, 0x01, 0xf1, 0x01, 0xf1, 0x01, 0xf1, 0x01, 0xf1, 0x01, 0xf1, 0x01, 0xf1,
    0x01, 0xf1, 0x01, 0xf1, 0x01, 0xf1, 0x01, 0xf1, 0x01, 0xf1, 0x01, 0xf1, 0x01, 0xf1, 0x01, 0xf1,
    0x01, 0xf1, 0x01, 0xf1, 0x01, 0xf1, 0x01, 0xf1, 0x01, 0xf1, 0x01, 0xf1, 0x01, 0xf1, 0x01, 0xf1,
    0x01, 0xf1, 0x01, 0xf1, 0x01, 0xf1, 0x01, 0xf1, 0x01, 0xf1, 0x01, 0xf1, 0x01, 0xf1, 0x01, 0xf1,
    0x01, 0xf1, 0x01, 0xf1, 0x01, 0xf1, 0x01, 0xf1, 0x01, 0xf1, 0x01, 0xf1, 0x01, 0xf1, 0x01, 0xf1,
    0x01, 0xf1, 0x01, 0xf1, 0x02, 0xf1, 0x02, 0xf1, 0x01, 0xf1, 0x01, 0xf1, 0x02, 0xf1, 0x02, 0xf1,
    0x02, 0xf1, 0x02, 0xf1, 0x02, 0xf1, 0x02, 0xf1, 0x02, 0xf1, 0x01, 0xf1, 0x01, 0xf1, 0x01, 0xf1,
    0x01, 0xf1, 0x01, 0xf1, 0x01, 0xf1, 0x01, 0xf1, 0x01, 0xf1, 0x01, 0xf1, 0x01, 0xf1, 0x01, 0xf1,
    0x01, 0xf1, 0x01, 0xf1, 0x01, 0xf1, 0x01, 0xf1, 0x01, 0xf1, 0x01, 0xf1, 0x01, 0xf1, 0x01, 0xf1,
    0x02, 0xf1, 0x02, 0xf1, 0x01, 0xf1, 0x01, 0xf1, 0x01, 0xf1, 0x01, 0xf1, 0x01, 0xf1, 0x02, 0xf1,
    0x01, 0xf1, 0x01, 0xf1, 0x01, 0xf1, 0x02, 0xf1, 0x01, 0xf1, 0x01, 0xf1, 0x01, 0xf1, 0x01, 0xf1,
    0x01, 0xf1, 0x01, 0xf1, 0x01, 0xf1, 0x01, 0xf1, 0x01, 0xf1, 0x01, 0xf1, 0x01, 0xf1, 0x01, 0xf1,
    0x02, 0xf1, 0x02, 0xf1, 0x01, 0xf1, 0x01, 0xf1, 0x01, 0xf1, 0x01, 0xf1, 0x01, 0xf1, 0x01, 0xf1,
    0x01, 0xf1, 0x02, 0xf1, 0x02, 0xf1, 0x02, 0xf1, 0x01, 0xf1, 0x01, 0xf1, 0x01, 0xf1, 0x01, 0xf1,
    0x02, 0xf1, 0x01, 0xf1, 0x01, 0xf1, 0x01, 0xf1, 0x01, 0xf1, 0x01, 0xf1, 0x01, 0xf1, 0x01, 0xf1,
    0x01, 0xf1, 0x01, 0xf1, 0x01, 0xf1, 0x01, 0xf1, 0x01, 0xf1, 0x01, 0xf1, 0x01, 0xf1, 0x01, 0xf1,
    0x01, 0xf1, 0x01, 0xf1, 0x01, 0xf1, 0x02, 0xf1, 0x02, 0xf1, 0x01, 0xf1, 0x01, 0xf1, 0x01, 0xf1,
    0x01, 0xf1, 0x01, 0xf1, 0x01, 0xf1, 0x01, 0xf1, 0x01, 0xf1, 0x02, 0xf1, 0x02, 0xf1, 0x02, 0xf1,
    0x02, 0xf1, 0x02, 0xf1, 0x02, 0xf1, 0x02, 0xf1, 0x02, 0xf1, 0x02, 0xf1, 0x02, 0xf1, 0x02, 0xf1,
    0x02, 0xf1, 0x02, 0xf1, 0x02, 0xf1, 0x02, 0xf1, 0x01, 0xf1, 0x01, 0xf1, 0x01, 0xf1, 0x01, 0xf1,
    0x02, 0xf1, 0x01, 0xf1, 0x02, 0xf1, 0x02, 0xf1, 0x02, 0xf1, 0x02, 0xf1, 0x02, 0xf1, 0x02, 0xf1,
    0x02, 0xf1, 0x02, 0xf1, 0x02, 0xf1, 0x02, 0xf1, 0x02, 0xf1, 0x02, 0xf1, 0x02, 0xf1, 0x02, 0xf1,
    0x02, 0xf1, 0x02, 0xf1, 0x02, 0xf1, 0x02, 0xf1, 0x02, 0xf1, 0x02, 0xf1, 0x02, 0xf1, 0x02, 0xf1,
    0x02, 0xf1, 0x02, 0xf1, 0x02, 0xf1, 0x02, 0xf1, 0x02, 0xf1, 0x02, 0xf1, 0x02, 0xf1, 0x02, 0xf1,
    0x01, 0xf1, 0x01, 0xf1, 0x01, 0xf1, 0x01, 0xf1, 0x01, 0xf1, 0x01, 0xf1, 0x01, 0xf1, 0x01, 0xf1,
    0x01, 0xf1, 0x01, 0xf1, 0x01, 0xf1, 0x01, 0xf1, 0x01, 0xf1, 0x01, 0xf1, 0x01, 0xf1, 0x01, 0xf1,
    0x01, 0xf1, 0x01, 0xf1, 0x01, 0xf1, 0x01, 0xf1, 0x01, 0xf1, 0x01, 0xf1, 0x01, 0xf1, 0x01, 0xf1,
    0x01, 0xf1, 0x01, 0xf1, 0x01, 0xf1, 0x01, 0xf1, 0x01, 0xf1, 0x13, 0xf1, 0x01, 0xf1, 0x01, 0xf0,
    0x01, 0xf0, 0x01, 0xf1, 0x01, 0xf1, 0x01, 0xf1, 0x01, 0xf1, 0x01, 0xf1, 0x01, 0xf1, 0x01, 0xf1,
    0x01, 0xf1, 0x01, 0xf1, 0x01, 0xf1, 0x01, 0xf1, 0x01, 0xf1, 0x01, 0xf1, 0x01, 0xf1, 0x01, 0xf1,
    0x01, 0xf1, 0x01, 0xf1, 0x01, 0xf1, 0x01, 0xf1, 0x01, 0xf1, 0x01, 0xf1, 0x01, 0xf1, 0x01, 0xf1,
    0x01, 0xf1, 0x01, 0xf1, 0x01, 0xf1, 0x01, 0xf1, 0x01, 0xf1, 0x01, 0xf1, 0x01, 0xf1, 0x01, 0xf1,
    0x01, 0xf1, 0x01, 0xf1, 0x01, 0xf1, 0x01, 0xf1, 0x01, 0xf1, 0x01, 0xf1, 0x01, 0xf1, 0x01, 0xf1,
    0x01, 0xf1, 0x01, 0xf1, 0x01, 0xf1, 0x01, 0xf1, 0x01, 0xf1, 0x02, 0xf1, 0x01, 0xf1, 0x01, 0xf1,
    0x01, 0xf1, 0x02, 0xf1, 0x01, 0xf1, 0x01, 0xf1, 0x01, 0xf1, 0x01, 0xf1, 0x02, 0xf1, 0x02, 0xf1,
    0x01, 0xf1, 0x02, 0xf1, 0x02, 0xf1, 0x02, 0xf1, 0x01, 0xf1, 0x02, 0xf1, 0x02, 0xf1, 0x02, 0xf1,
    0x02, 0xf1, 0x02, 0xf1, 0x02, 0xf1, 0x01, 0xf1, 0x01, 0xf1, 0x01, 0xf1, 0x01, 0xf1, 0x01, 0xf1,
    0x01, 0xf1, 0x01, 0xf1, 0x01, 0xf1, 0x01, 0xf1, 0x01, 0xf1, 0x01, 0xf1, 0x01, 0xf1, 0x01, 0xf1,
    0x01, 0xf1, 0x01, 0xf1, 0x01, 0xf1, 0x01, 0xf1, 0x01, 0xf1, 0x01, 0xf1, 0x01, 0xf1, 0x01, 0xf1,
    0x01, 0xf1, 0x01, 0xf1, 0x01, 0xf1, 0x01, 0xf1, 0x02, 0xf1, 0x02, 0xf1, 0x01, 0xf1, 0x02, 0xf1,
    0x02, 0xf1, 0x02, 0xf1, 0x02, 0xf1, 0x02, 0xf1, 0x02, 0xf1, 0x01, 0xf1, 0x01, 0xf1, 0x01, 0xf1,
    0x01, 0xf1, 0x01, 0xf1, 0x01, 0xf1, 0x01, 0xf1, 0x01, 0xf1, 0x01, 0xf1, 0x01, 0xf1, 0x01, 0xf1,
    0x01, 0xf1, 0x01, 0xf1, 0x01, 0xf1, 0x01, 0xf1, 0x02, 0xf1, 0x02, 0xf1, 0x01, 0xf1, 0x01, 0xf1,
    0x01, 0xf1, 0x01, 0xf1, 0x02, 0xf1, 0x01, 0xf1, 0x01, 0xf1, 0x01, 0xf1, 0x01, 0xf1, 0x01, 0xf1,
    0x01, 0xf1, 0x01, 0xf1, 0x01, 0xf0, 0x01, 0xf1, 0x01, 0xf1, 0x01, 0xf1, 0x01, 0xf1, 0x01, 0xf1,
    0x01, 0xf1, 0x01, 0xf1, 0x01, 0xf1, 0x01, 0xf1, 0x02, 0xf1, 0x02, 0xf1, 0x02, 0xf1, 0x01, 0xf1,
    0x01, 0xf1, 0x01, 0xf1, 0x01, 0xf1, 0x01, 0xf1, 0x01, 0xf1, 0x01, 0xf1, 0x01, 0xf1, 0x01, 0xf1,
    0x01, 0xf1, 0x01, 0xf1, 0x01, 0xf1, 0x01, 0xf1, 0x02, 0xf1, 0x02, 0xf1, 0x02, 0xf1, 0x02, 0xf1,
    0x02, 0xf1, 0x02, 0xf1, 0x02, 0xf1, 0x02, 0xf1, 0x02, 0xf1, 0x01, 0xf1, 0x01, 0xf1, 0x02, 0xf1,
    0x02, 0xf1, 0x02, 0xf1, 0x02, 0xf1, 0x01, 0xf1, 0x01, 0xf1, 0x01, 0xf1, 0x01, 0xf1, 0x01, 0xf1,
    0x02, 0xf1, 0x02, 0xf1, 0x02, 0xf1, 0x02, 0xf1, 0x02, 0xf1, 0x01, 0xf1, 0x02, 0xf1, 0x02, 0xf1,
    0x02, 0xf1, 0x02, 0xf1, 0x02, 0xf1, 0x02, 0xf1, 0x02, 0xf1, 0x02, 0xf1, 0x02, 0xf1, 0x02, 0xf1,
    0x02, 0xf1, 0x02, 0xf1, 0x02, 0xf1, 0x02, 0xf1, 0x02, 0xf1, 0x02, 0xf1, 0x02, 0xf1, 0x02, 0xf1,
    0x02, 0xf1, 0x02, 0xf1, 0x02, 0xf1, 0x02, 0xf1, 0x02, 0xf1, 0x02, 0xf1, 0x02, 0xf1, 0x02, 0xf1,
    0x01, 0xf1, 0x01, 0xf1, 0x01, 0xf1, 0x01, 0xf1, 0x01, 0xf1, 0x01, 0xf1, 0x01, 0xf1, 0x01, 0xf1,
    0x01, 0xf1, 0x01, 0xf1, 0x02, 0xf1, 0x12, 0xf1, 0x01, 0xf1, 0x01, 0xf1, 0x01, 0xf1, 0x01, 0xf1,
    0x01, 0xf1, 0x01, 0xf1, 0x01, 0xf1, 0x01, 0xf1, 0x01, 0xf1, 0x01, 0xf1, 0x01, 0xf1, 0x01, 0xf1,
    0x01, 0xf1, 0x01, 0xf1, 0x01, 0xf1, 0x01, 0xf1, 0x01, 0xf1, 0x02, 0xf1, 0x01, 0xf0, 0x01, 0xf0,
    0x01, 0xf0, 0x01, 0xf0, 0x01, 0xf1, 0x01, 0xf1, 0x01, 0xf1, 0x01, 0xf1, 0x01, 0xf1, 0x01, 0xf1,
    0x01, 0xf1, 0x01, 0xf1, 0x01, 0xf1, 0x01, 0xf1, 0x01, 0xf1, 0x01, 0xf1, 0x01, 0xf1, 0x01, 0xf1,
    0x01, 0xf1, 0x01, 0xf1, 0x01, 0xf1, 0x01, 0xf1, 0x01, 0xf1, 0x01, 0xf1, 0x01, 0xf1, 0x01, 0xf1,
    0x01, 0xf1, 0x01, 0xf1, 0x01, 0xf1, 0x01, 0xf1, 0x01, 0xf1, 0x02, 0xf1, 0x01, 0xf1, 0x01, 0xf1,
    0x01, 0xf1, 0x01, 0xf1, 0x01, 0xf1, 0x01, 0xf1, 0x01, 0xf1, 0x01, 0xf1, 0x01, 0xf1, 0x01, 0xf1,
    0x01, 0xf1, 0x01, 0xf1, 0x01, 0xf1, 0x01, 0xf1, 0x01, 0xf1, 0x01, 0xf1, 0x01, 0xf1, 0x01, 0xf1,
    0x02, 0xf1, 0x01, 0xf1, 0x01, 0xf1, 0x01, 0xf1, 0x01, 0xf1, 0x02, 0xf1, 0x02, 0xf1, 0x01, 0xf1,
    0x01, 0xf1, 0x02, 0xf1, 0x02, 0xf1, 0x02, 0xf1, 0x02, 0xf1, 0x02, 0xf1, 0x02, 0xf1, 0x02, 0xf1,
    0x02, 0xf1, 0x02, 0xf1, 0x02, 0xf1, 0x01, 0xf1, 0x01, 0xf1, 0x01, 0xf1, 0x01, 0xf1, 0x01, 0xf1,
    0x01, 0xf1, 0x01, 0xf1, 0x01, 0xf1, 0x01, 0xf1, 0x01, 0xf1, 0x01, 0xf1, 0x01, 0xf1, 0x01, 0xf1,
    0x01, 0xf1, 0x01, 0xf1, 0x01, 0xf1, 0x01, 0xf1, 0x01, 0xf1, 0x01, 0xf1, 0x01, 0xf1, 0x01, 0xf1,
    0x01, 0xf1, 0x01, 0xf1, 0x01, 0xf1, 0x01, 0xf1, 0x02, 0xf1, 0x02, 0xf1, 0x01, 0xf1, 0x02, 0xf1,
    0x02, 0xf1, 0x02, 0xf1, 0x02, 0xf1, 0x02, 0xf1, 0x02, 0xf1, 0x01, 0xf1, 0x02, 0xf1, 0x02, 0xf1,
    0x02, 0xf1, 0x01, 0xf1, 0x01, 0xf1, 0x01, 0xf1, 0x01, 0xf1, 0x01, 0xf1, 0x01, 0xf1, 0x01, 0xf1,
    0x01, 0xf1, 0x01, 0xf1, 0x02, 0xf1, 0x02, 0xf1, 0x02, 0xf1, 0x02, 0xf1, 0x02, 0xf1, 0x01, 0xf1,
    0x01, 0xf1, 0x01, 0xf1, 0x02, 0xf1, 0x01, 0xf1, 0x01, 0xf1, 0x01, 0xf1, 0x01, 0xf1, 0x01, 0xf1,
    0x01, 0xf1, 0x01, 0xf1, 0x01, 0xf1, 0x01, 0xf1, 0x02, 0xf1, 0x01, 0xf1, 0x01, 0xf1, 0x01, 0xf1,
    0x01, 0xf1, 0x01, 0xf1, 0x01, 0xf1, 0x01, 0xf1, 0x02, 0xf1, 0x12, 0xf1, 0x01, 0xf1, 0x01, 0xf1,
    0x01, 0xf1, 0x01, 0xf1, 0x01, 0xf1, 0x01, 0xf1, 0x01, 0xf1, 0x01, 0xf1, 0x01, 0xf1, 0x01, 0xf1,
    0x01, 0xf1, 0x02, 0xf1, 0x02, 0xf1, 0x02, 0xf1, 0x02, 0xf1, 0x02, 0xf1, 0x02, 0xf1, 0x02, 0xf1,
    0x02, 0xf1, 0x02, 0xf1, 0x02, 0xf1, 0x02, 0xf1, 0x02, 0xf1, 0x01, 0xf1, 0x01, 0xf1, 0x02, 0xf1,
    0x02, 0xf1, 0x02, 0xf1, 0x01, 0xf1, 0x01, 0xf1, 0x02, 0xf1, 0x02, 0xf1, 0x02, 0xf1, 0x02, 0xf1,
    0x02, 0xf1, 0x02, 0xf1, 0x01, 0xf1, 0x02, 0xf1, 0x02, 0xf1, 0x02, 0xf1, 0x02, 0xf1, 0x02, 0xf1,
    0x02, 0xf1, 0x02, 0xf1, 0x02, 0xf1, 0x02, 0xf1, 0x02, 0xf1, 0x02, 0xf1, 0x02, 0xf1, 0x02, 0xf1,
    0x02, 0xf1, 0x02, 0xf1, 0x02, 0xf1, 0x02, 0xf1, 0x02, 0xf1, 0x02, 0xf1, 0x02, 0xf1, 0x02, 0xf1,
    0x02, 0xf1, 0x02, 0xf1, 0x02, 0xf1, 0x02, 0xf1, 0x02, 0xf1, 0x02, 0xf1, 0x02, 0xf1, 0x02, 0xf1,
    0x01, 0xf1, 0x01, 0xf1, 0x01, 0xf1, 0x01, 0xf1, 0x01, 0xf1, 0x01, 0xf1, 0x01, 0xf0, 0x01, 0xf1,
    0x01, 0xf0, 0x01, 0xf1, 0x01, 0xf1, 0x01, 0xf1, 0x01, 0xf1, 0x01, 0xf1, 0x01, 0xf1, 0x01, 0xf1,
    0x01, 0xf1, 0x01, 0xf1, 0x01, 0xf1, 0x01, 0xf1, 0x01, 0xf1, 0x02, 0xf1, 0x01, 0xf1, 0x01, 0xf1,
    0x01, 0xf1, 0x01, 0xf1, 0x01, 0xf1, 0x01, 0xf0, 0x01, 0xf1, 0x01, 0xf0, 0x01, 0xf0, 0x01, 0xf0,
    0x01, 0xf0, 0x01, 0xf1, 0x01, 0xf1, 0x01, 0xf1, 0x01, 0xf1, 0x01, 0xf1, 0x01, 0xf0, 0x01, 0xf0,
    0x01, 0xf0, 0x01, 0xf1, 0x01, 0xf0, 0x01, 0xf1, 0x01, 0xf1, 0x01, 0xf1, 0x01, 0xf1, 0x01, 0xf1,
    0x01, 0xf1, 0x01, 0xf1, 0x01, 0xf1, 0x01, 0xf1, 0x01, 0xf1, 0x01, 0xf1, 0x01, 0xf1, 0x01, 0xf1,
    0x01, 0xf1, 0x01, 0xf1, 0x01, 0xf1, 0x02, 0xf1, 0x01, 0xf1, 0x01, 0xf1, 0x01, 0xf1, 0x01, 0xf1,
    0x01, 0xf1, 0x01, 0xf1, 0x01, 0xf1, 0x01, 0xf1, 0x01, 0xf1, 0x01, 0xf1, 0x01, 0xf1, 0x01, 0xf1,
    0x01, 0xf1, 0x01, 0xf1, 0x01, 0xf1, 0x01, 0xf1, 0x01, 0xf1, 0x01, 0xf1, 0x01, 0xf1, 0x02, 0xf1,
    0x02, 0xf1, 0x01, 0xf1, 0x01, 0xf1, 0x01, 0xf1, 0x01, 0xf1, 0x02, 0xf1, 0x24, 0xf2, 0x24, 0xf2,
    0x01, 0xf1, 0x01, 0xf1, 0x02, 0xf1, 0x02, 0xf1, 0x02, 0xf1, 0x02, 0xf1, 0x02, 0xf1, 0x02, 0xf1,
    0x02, 0xf1, 0x02, 0xf1, 0x02, 0xf1, 0x02, 0xf1, 0x02, 0xf1, 0x01, 0xf1, 0x01, 0xf1, 0x02, 0xf1,
    0x01, 0xf1, 0x01, 0xf1, 0x01, 0xf1, 0x01, 0xf1, 0x01, 0xf1, 0x01, 0xf1, 0x01, 0xf1, 0x01, 0xf1,
    0x01, 0xf1, 0x01, 0xf1, 0x01, 0xf1, 0x01, 0xf1, 0x01, 0xf1, 0x01, 0xf1, 0x01, 0xf1, 0x01, 0xf1,
    0x01, 0xf1, 0x01, 0xf1, 0x01, 0xf1, 0x01, 0xf1, 0x02, 0xf1, 0x02, 0xf1, 0x02, 0xf1, 0x02, 0xf1,
    0x02, 0xf1, 0x02, 0xf1, 0x02, 0xf1, 0x01, 0xf1, 0x02, 0xf1, 0x02, 0xf1, 0x02, 0xf1, 0x02, 0xf1,
    0x02, 0xf1, 0x01, 0xf1, 0x01, 0xf1, 0x01, 0xf1, 0x01, 0xf1, 0x01, 0xf1, 0x01, 0xf1, 0x01, 0xf1,
    0x02, 0xf1, 0x02, 0xf1, 0x02, 0xf1, 0x02, 0xf1, 0x02, 0xf1, 0x02, 0xf1, 0x01, 0xf1, 0x02, 0xf1,
    0x02, 0xf1, 0x01, 0xf1, 0x01, 0xf1, 0x01, 0xf1, 0x01, 0xf1, 0x01, 0xf1, 0x01, 0xf1, 0x01, 0xf1,
    0x01, 0xf1, 0x01, 0xf1, 0x01, 0xf1, 0x01, 0xf1, 0x01, 0xf1, 0x01, 0xf1, 0x01, 0xf1, 0x01, 0xf0,
    0x01, 0xf1, 0x01, 0xf0, 0x01, 0xf1, 0x01, 0xf1, 0x01, 0xf1, 0x01, 0xf1, 0x01, 0xf1, 0x01, 0xf1,
    0x01, 0xf1, 0x01, 0xf1, 0x01, 0xf1, 0x01, 0xf1, 0x01, 0xf1, 0x01, 0xf1, 0x01, 0xf1, 0x02, 0xf1,
    0x02, 0xf1, 0x02, 0xf1, 0x02, 0xf1, 0x02, 0xf1, 0x02, 0xf1, 0x02, 0xf1, 0x02, 0xf1, 0x02, 0xf1,
    0x02, 0xf1, 0x02, 0xf1, 0x02, 0xf1, 0x02, 0xf1, 0x02, 0xf1, 0x02, 0xf1, 0x01, 0xf1, 0x02, 0xf1,
    0x02, 0xf1, 0x02, 0xf1, 0x01, 0xf1, 0x02, 0xf1, 0x13, 0xf1, 0x02, 0xf1, 0x02, 0xf1, 0x02, 0xf1,
    0x02, 0xf1, 0x02, 0xf1, 0x02, 0xf1, 0x02, 0xf1, 0x02, 0xf1, 0x02, 0xf1, 0x02, 0xf1, 0x02, 0xf1,
    0x02, 0xf1, 0x02, 0xf1, 0x03, 0xf1, 0x02, 0xf1, 0x02, 0xf1, 0x02, 0xf1, 0x02, 0xf1, 0x02, 0xf1,
    0x02, 0xf1, 0x02, 0xf1, 0x02, 0xf1, 0x02, 0xf1, 0x02, 0xf1, 0x02, 0xf1, 0x02, 0xf1, 0x02, 0xf1,
    0x02, 0xf1, 0x02, 0xf1, 0x02, 0xf1, 0x02, 0xf1, 0x02, 0xf1, 0x02, 0xf1, 0x01, 0xf1, 0x01, 0xf1,
    0x01, 0xf1, 0x01, 0xf1, 0x01, 0xf1, 0x01, 0xf1, 0x01, 0xf1, 0x01, 0xf1, 0x01, 0xf0, 0x01, 0xf0,
    0x01, 0xf1, 0x01, 0xf1, 0x01, 0xf1, 0x01, 0xf1, 0x01, 0xf1, 0x01, 0xf1, 0x01, 0xf1, 0x01, 0xf1,
    0x01, 0xf1, 0x01, 0xf1, 0x01, 0xf1, 0x01, 0xf1, 0x02, 0xf1, 0x12, 0xf1, 0x12, 0xf1, 0x12, 0xf1,
    0x01, 0xf1, 0x01, 0xf0, 0x01, 0xf0, 0x01, 0xf0, 0x01, 0xf0, 0x01, 0xf0, 0x01, 0xf0, 0x01, 0xf0,
    0x01, 0xf0, 0x01, 0xf0, 0x01, 0xf1, 0x01, 0xf1, 0x01, 0xf1, 0x01, 0xf1, 0x01, 0xf1, 0x01, 0xf0,
    0x01, 0xf0, 0x01, 0xf0, 0x01, 0xf0, 0x01, 0xf1, 0x01, 0xf1, 0x01, 0xf1, 0x01, 0xf1, 0x01, 0xf1,
    0x01, 0xf1, 0x01, 0xf1, 0x01, 0xf1, 0x01, 0xf1, 0x01, 0xf1, 0x01, 0xf1, 0x01, 0xf1, 0x01, 0xf1,
    0x01, 0xf1, 0x01, 0xf1, 0x01, 0xf1, 0x01, 0xf1, 0x01, 0xf1, 0x01, 0xf1, 0x01, 0xf1, 0x01, 0xf1,
    0x01, 0xf1, 0x01, 0xf1, 0x01, 0xf1, 0x01, 0xf1, 0x01, 0xf1, 0x01, 0xf1, 0x01, 0xf1, 0x01, 0xf1,
    0x01, 0xf0, 0x01, 0xf1, 0x01, 0xf1, 0x01, 0xf1, 0x01, 0xf1, 0x01, 0xf1, 0x01, 0xf1, 0x02, 0xf1,
    0x01, 0xf1, 0x01, 0xf1, 0x01, 0xf1, 0x01, 0xf1, 0x01, 0xf1, 0x01, 0xf1, 0x13, 0xf1, 0x23, 0xf2,
    0x01, 0xf1, 0x01, 0xf1, 0x01, 0xf1, 0x02, 0xf1, 0x02, 0xf1, 0x02, 0xf1, 0x02, 0xf1, 0x02, 0xf1,
    0x02, 0xf1, 0x02, 0xf1, 0x02, 0xf1, 0x02, 0xf1, 0x01, 0xf1, 0x01, 0xf1, 0x01, 0xf1, 0x02, 0xf1,
    0x01, 0xf1, 0x01, 0xf1, 0x01, 0xf1, 0x01, 0xf1, 0x01, 0xf1, 0x01, 0xf1, 0x01, 0xf1, 0x01, 0xf1,
    0x01, 0xf1, 0x01, 0xf1, 0x01, 0xf1, 0x01, 0xf1, 0x01, 0xf1, 0x01, 0xf1, 0x13, 0xf1, 0x02, 0xf1,
    0x01, 0xf1, 0x01, 0xf1, 0x01, 0xf1, 0x02, 0xf1, 0x02, 0xf1, 0x01, 0xf1, 0x02, 0xf1, 0x02, 0xf1,
    0x02, 0xf1, 0x02, 0xf1, 0x02, 0xf1, 0x02, 0xf1, 0x02, 0xf1, 0x02, 0xf1, 0x02, 0xf1, 0x02, 0xf1,
    0x02, 0xf1, 0x02, 0xf1, 0x01, 0xf1, 0x01, 0xf1, 0x01, 0xf1, 0x01, 0xf1, 0x01, 0xf1, 0x01, 0xf1,
    0x02, 0xf1, 0x02, 0xf1, 0x02, 0xf1, 0x01, 0xf1, 0x02, 0xf1, 0x02, 0xf1, 0x01, 0xf1, 0x02, 0xf1,
    0x02, 0xf1, 0x01, 0xf1, 0x01, 0xf1, 0x01, 0xf1, 0x01, 0xf1, 0x01, 0xf1, 0x01, 0xf1, 0x01, 0xf1,
    0x01, 0xf1, 0x01, 0xf1, 0x01, 0xf0, 0x01, 0xf1, 0x01, 0xf1, 0x01, 0xf1, 0x01, 0xf1, 0x01, 0xf1,
    0x01, 0xf0, 0x01, 0xf1, 0x01, 0xf1, 0x01, 0xf1, 0x01, 0xf1, 0x01, 0xf1, 0x01, 0xf1, 0x01, 0xf1,
    0x01, 0xf1, 0x01, 0xf1, 0x01, 0xf1, 0x01, 0xf1, 0x01, 0xf1, 0x01, 0xf1, 0x02, 0xf1, 0x02, 0xf1,
    0x02, 0xf1, 0x02, 0xf1, 0x02, 0xf1, 0x02, 0xf1, 0x02, 0xf1, 0x02, 0xf1, 0x02, 0xf1, 0x02, 0xf1,
    0x02, 0xf1, 0x02, 0xf1, 0x02, 0xf1, 0x02, 0xf1, 0x02, 0xf1, 0x01, 0xf1, 0x02, 0xf1, 0x02, 0xf1,
    0x02, 0xf1, 0x02, 0xf1, 0x02, 0xf1, 0x02, 0xf1, 0x02, 0xf1, 0x24, 0xf2, 0x02, 0xf1, 0x02, 0xf1,
    0x02, 0xf1, 0x01, 0xf1, 0x02, 0xf1, 0x02, 0xf1, 0x02, 0xf1, 0x02, 0xf1, 0x02, 0xf1, 0x02, 0xf1,
    0x02, 0xf1, 0x02, 0xf1, 0x02, 0xf1, 0x02, 0xf1, 0x02, 0xf1, 0x02, 0xf1, 0x02, 0xf1, 0x02, 0xf1,
    0x02, 0xf1, 0x02, 0xf1, 0x02, 0xf1, 0x02, 0xf1, 0x02, 0xf1, 0x02, 0xf1, 0x01, 0xf1, 0x02, 0xf1,
    0x02, 0xf1, 0x02, 0xf1, 0x02, 0xf1, 0x02, 0xf1, 0x02, 0xf1, 0x01, 0xf1, 0x01, 0xf1, 0x01, 0xf1,
    0x01, 0xf1, 0x01, 0xf1, 0x01, 0xf1, 0x01, 0xf1, 0x01, 0xf1, 0x01, 0xf0, 0x01, 0xf0, 0x01, 0xf0,
    0x01, 0xf1, 0x01, 0xf1, 0x01, 0xf1, 0x01, 0xf1, 0x01, 0xf1, 0x01, 0xf1, 0x01, 0xf1, 0x01, 0xf1,
    0x01, 0xf1, 0x01, 0xf1, 0x01, 0xf1, 0x02, 0xf1, 0x13, 0xf2, 0x36, 0xf2, 0x36, 0xf2, 0x13, 0xf1,
    0x01, 0xf1, 0x01, 0xf1, 0x01, 0xf1, 0x01, 0xf0, 0x01, 0xf0, 0x01, 0xf1, 0x01, 0xf0, 0x01, 0xf0,
    0x01, 0xf0, 0x01, 0xf1, 0x01, 0xf0, 0x01, 0xf0, 0x01, 0xf1, 0x01, 0xf1, 0x01, 0xf0, 0x01, 0xf0,
    0x01, 0xf0, 0x01, 0xf0, 0x01, 0xf0, 0x01, 0xf1, 0x01, 0xf1, 0x01, 0xf1, 0x01, 0xf1, 0x01, 0xf1,
    0x01, 0xf1, 0x01, 0xf1, 0x01, 0xf1, 0x01, 0xf1, 0x01, 0xf1, 0x01, 0xf1, 0x01, 0xf1, 0x02, 0xf1,
    0x01, 0xf1, 0x01, 0xf1, 0x01, 0xf1, 0x01, 0xf1, 0x01, 0xf1, 0x01, 0xf1, 0x01, 0xf1, 0x01, 0xf1,
    0x01, 0xf1, 0x01, 0xf1, 0x01, 0xf1, 0x01, 0xf1, 0x01, 0xf1, 0x02, 0xf1, 0x02, 0xf1, 0x01, 0xf1,
    0x01, 0xf1, 0x01, 0xf1, 0x01, 0xf1, 0x01, 0xf1, 0x01, 0xf1, 0x01, 0xf1, 0x01, 0xf1, 0x01, 0xf1,
    0x01, 0xf1, 0x01, 0xf1, 0x01, 0xf1, 0x01, 0xf1, 0x02, 0xf1, 0x01, 0xf1, 0x01, 0xf1, 0x01, 0xf1,
    0x01, 0xf1, 0x01, 0xf1, 0x01, 0xf1, 0x01, 0xf1, 0x01, 0xf1, 0x01, 0xf1, 0x02, 0xf1, 0x02, 0xf1,
    0x02, 0xf1, 0x02, 0xf1, 0x01, 0xf1, 0x01, 0xf1, 0x01, 0xf1, 0x01, 0xf1, 0x01, 0xf1, 0x01, 0xf1,
    0x01, 0xf1, 0x01, 0xf1, 0x01, 0xf1, 0x01, 0xf1, 0x01, 0xf1, 0x01, 0xf1, 0x01, 0xf1, 0x01, 0xf1,
    0x01, 0xf1, 0x01, 0xf1, 0x01, 0xf1, 0x01, 0xf1, 0x01, 0xf1, 0x01, 0xf1, 0x02, 0xf1, 0x01, 0xf1,
    0x01, 0xf1, 0x01, 0xf1, 0x01, 0xf1, 0x01, 0xf1, 0x01, 0xf1, 0x01, 0xf1, 0x02, 0xf1, 0x02, 0xf1,
    0x02, 0xf1, 0x02, 0xf1, 0x02, 0xf1, 0x02, 0xf1, 0x02, 0xf1, 0x02, 0xf1, 0x02, 0xf1, 0x02, 0xf1,
    0x02, 0xf1, 0x02, 0xf1, 0x01, 0xf1, 0x01, 0xf1, 0x01, 0xf1, 0x01, 0xf1, 0x01, 0xf1, 0x01, 0xf1,
    0x02, 0xf1, 0x02, 0xf1, 0x02, 0xf1, 0x01, 0xf1, 0x01, 0xf1, 0x01, 0xf1, 0x01, 0xf1, 0x02, 0xf1,
    0x01, 0xf1, 0x01, 0xf1, 0x01, 0xf1, 0x01, 0xf1, 0x02, 0xf1, 0x01, 0xf1, 0x01, 0xf1, 0x01, 0xf1,
    0x01, 0xf1, 0x01, 0xf0, 0x01, 0xf1, 0x01, 0xf1, 0x01, 0xf1, 0x01, 0xf1, 0x01, 0xf1, 0x01, 0xf1,
    0x01, 0xf1, 0x01, 0xf1, 0x01, 0xf1, 0x01, 0xf1, 0x01, 0xf1, 0x01, 0xf1, 0x01, 0xf1, 0x02, 0xf1,
    0x01, 0xf1, 0x01, 0xf0, 0x01, 0xf1, 0x01, 0xf1, 0x01, 0xf1, 0x01, 0xf1, 0x02, 0xf1, 0x02, 0xf1,
    0x02, 0xf1, 0x02, 0xf1, 0x02, 0xf1, 0x02, 0xf1, 0x02, 0xf1, 0x02, 0xf1, 0x02, 0xf1, 0x02, 0xf1,
    0x02, 0xf1, 0x02, 0xf1, 0x02, 0xf1, 0x02, 0xf1, 0x02, 0xf1, 0x01, 0xf1, 0x01, 0xf1, 0x02, 0xf1,
    0x02, 0xf1, 0x02, 0xf1, 0x02, 0xf1, 0x02, 0xf1, 0x02, 0xf1, 0x02, 0xf1, 0x02, 0xf1, 0x01, 0xf1,
    0x02, 0xf1, 0x02, 0xf1, 0x02, 0xf1, 0x01, 0xf1, 0x01, 0xf1, 0x02, 0xf1, 0x02, 0xf1, 0x01, 0xf1,
    0x02, 0xf1, 0x02, 0xf1, 0x02, 0xf1, 0x01, 0xf1, 0x02, 0xf1, 0x02, 0xf1, 0x01, 0xf1, 0x02, 0xf1,
    0x01, 0xf1, 0x02, 0xf1, 0x02, 0xf1, 0x02, 0xf1, 0x01, 0xf1, 0x01, 0xf1, 0x02, 0xf1, 0x02, 0xf1,
    0x02, 0xf1, 0x01, 0xf1, 0x01, 0xf1, 0x01, 0xf1, 0x01, 0xf1, 0x01, 0xf1, 0x01, 0xf1, 0x01, 0xf1,
    0x01, 0xf1, 0x01, 0xf1, 0x01, 0xf1, 0x01, 0xf1, 0x01, 0xf1, 0x01, 0xf1, 0x01, 0xf1, 0x01, 0xf1,
    0x01, 0xf1, 0x01, 0xf1, 0x01, 0xf1, 0x01, 0xf1, 0x01, 0xf1, 0x01, 0xf1, 0x01, 0xf1, 0x01, 0xf1,
    0x01, 0xf1, 0x01, 0xf1, 0x02, 0xf1, 0x13, 0xf1, 0x47, 0xf3, 0xac, 0xf2, 0xac, 0xf2, 0x36, 0xf2,
    0x02, 0xf1, 0x01, 0xf1, 0x01, 0xf0, 0x01, 0xf0, 0x01, 0xf1, 0x01, 0xf0, 0x01, 0xf0, 0x01, 0xf0,
    0x01, 0xf1, 0x01, 0xf1, 0x01, 0xf0, 0x01, 0xf0, 0x01, 0xf0, 0x01, 0xf0, 0x01, 0xf0, 0x01, 0xf0,
    0x01, 0xf0, 0x01, 0xf0, 0x01, 0xf0, 0x01, 0xf0, 0x01, 0xf1, 0x01, 0xf1, 0x01, 0xf1, 0x01, 0xf1,
    0x01, 0xf1, 0x01, 0xf1, 0x01, 0xf1, 0x01, 0xf1, 0x01, 0xf1, 0x01, 0xf1, 0x01, 0xf1, 0x01, 0xf1,
    0x01, 0xf1, 0x01, 0xf1, 0x02, 0xf1, 0x01, 0xf1, 0x01, 0xf1, 0x01, 0xf1, 0x01, 0xf1, 0x01, 0xf1,
    0x01, 0xf1, 0x01, 0xf1, 0x01, 0xf1, 0x01, 0xf1, 0x02, 0xf1, 0x13, 0xf1, 0x02, 0xf1, 0x01, 0xf1,
    0x01, 0xf1, 0x01, 0xf1, 0x01, 0xf1, 0x01, 0xf1, 0x01, 0xf1, 0x01, 0xf1, 0x01, 0xf1, 0x01, 0xf1,
    0x01, 0xf1, 0x01, 0xf1, 0x01, 0xf1, 0x01, 0xf1, 0x01, 0xf1, 0x01, 0xf1, 0x01, 0xf1, 0x01, 0xf1,
    0x01, 0xf1, 0x01, 0xf1, 0x01, 0xf1, 0x01, 0xf1, 0x02, 0xf1, 0x02, 0xf1, 0x02, 0xf1, 0x02, 0xf1,
    0x02, 0xf1, 0x02, 0xf1, 0x02, 0xf1, 0x01, 0xf1, 0x01, 0xf1, 0x01, 0xf1, 0x01, 0xf1, 0x01, 0xf1,
    0x01, 0xf1, 0x01, 0xf1, 0x01, 0xf1, 0x01, 0xf1, 0x01, 0xf1, 0x01, 0xf1, 0x02, 0xf1, 0x02, 0xf1,
    0x01, 0xf1, 0x01, 0xf1, 0x01, 0xf1, 0x01, 0xf1, 0x01, 0xf1, 0x01, 0xf1, 0x01, 0xf1, 0x01, 0xf1,
    0x01, 0xf1, 0x02, 0xf1, 0x02, 0xf1, 0x01, 0xf1, 0x01, 0xf1, 0x02, 0xf1, 0x02, 0xf1, 0x02, 0xf1,
    0x02, 0xf1, 0x02, 0xf1, 0x02, 0xf1, 0x02, 0xf1, 0x02, 0xf1, 0x02, 0xf1, 0x02, 0xf1, 0x02, 0xf1,
    0x02, 0xf1, 0x02, 0xf1, 0x02, 0xf1, 0x01, 0xf1, 0x01, 0xf1, 0x01, 0xf1, 0x01, 0xf1, 0x01, 0xf1,
    0x01, 0xf1, 0x01, 0xf1, 0x02, 0xf1, 0x12, 0xf1, 0x01, 0xf1, 0x02, 0xf1, 0x02, 0xf1, 0x01, 0xf1,
    0x01, 0xf1, 0x01, 0xf1, 0x01, 0xf1, 0x01, 0xf1, 0x01, 0xf1, 0x01, 0xf1, 0x01, 0xf1, 0x01, 0xf1,
    0x01, 0xf1, 0x01, 0xf1, 0x01, 0xf1, 0x01, 0xf1, 0x01, 0xf1, 0x01, 0xf1, 0x01, 0xf1, 0x01, 0xf0,
    0x01, 0xf0, 0x01, 0xf1, 0x01, 0xf1, 0x01, 0xf1, 0x01, 0xf1, 0x01, 0xf1, 0x02, 0xf1, 0x24, 0xf2,
    0x02, 0xf1, 0x01, 0xf1, 0x01, 0xf1, 0x01, 0xf1, 0x01, 0xf1, 0x01, 0xf1, 0x02, 0xf1, 0x02, 0xf1,
    0x02, 0xf1, 0x02, 0xf1, 0x02, 0xf1, 0x02, 0xf1, 0x02, 0xf1, 0x02, 0xf1, 0x02, 0xf1, 0x02, 0xf1,
    0x02, 0xf1, 0x02, 0xf1, 0x02, 0xf1, 0x01, 0xf1, 0x02, 0xf1, 0x02, 0xf1, 0x02, 0xf1, 0x02, 0xf1,
    0x02, 0xf1, 0x02, 0xf1, 0x02, 0xf1, 0x02, 0xf1, 0x02, 0xf1, 0x02, 0xf1, 0x02, 0xf1, 0x02, 0xf1,
    0x02, 0xf1, 0x02, 0xf1, 0x02, 0xf1, 0x01, 0xf1, 0x01, 0xf1, 0x02, 0xf1, 0x02, 0xf1, 0x02, 0xf1,
    0x01, 0xf1, 0x02, 0xf1, 0x02, 0xf1, 0x02, 0xf1, 0x01, 0xf1, 0x01, 0xf1, 0x02, 0xf1, 0x02, 0xf1,
    0x01, 0xf1, 0x01, 0xf1, 0x01, 0xf1, 0x01, 0xf1, 0x01, 0xf1, 0x01, 0xf1, 0x01, 0xf1, 0x02, 0xf1,
    0x01, 0xf1, 0x01, 0xf1, 0x01, 0xf1, 0x01, 0xf1, 0x01, 0xf1, 0x01, 0xf1, 0x02, 0xf1, 0x24, 0xf2,
    0x13, 0xf1, 0x01, 0xf1, 0x01, 0xf1, 0x01, 0xf1, 0x01, 0xf1, 0x01, 0xf1, 0x01, 0xf0, 0x01, 0xf1,
    0x01, 0xf1, 0x01, 0xf1, 0x01, 0xf1, 0x01, 0xf1, 0x01, 0xf1, 0x01, 0xf1, 0x01, 0xf1, 0x01, 0xf1,
    0x02, 0xf1, 0x01, 0xf1, 0x02, 0xf1, 0x35, 0xf2, 0x9b, 0xf3, 0xcd, 0xf6, 0xbd, 0xf3, 0x47, 0xf3,
    0x12, 0xf1, 0x01, 0xf1, 0x01, 0xf0, 0x01, 0xf0, 0x01, 0xf0, 0x01, 0xf1, 0x01, 0xf0, 0x01, 0xf0,
    0x01, 0xf0, 0x01, 0xf0, 0x01, 0xf0, 0x01, 0xf0, 0x01, 0xf0, 0x01, 0xf0, 0x01, 0xf0, 0x01, 0xf0,
    0x01, 0xf0, 0x01, 0xf0, 0x01, 0xf0, 0x01, 0xf0, 0x01, 0xf0, 0x01, 0xf0, 0x01, 0xf1, 0x01, 0xf1,
    0x01, 0xf1, 0x01, 0xf1, 0x01, 0xf1, 0x01, 0xf1, 0x01, 0xf1, 0x01, 0xf1, 0x02, 0xf1, 0x01, 0xf1,
    0x01, 0xf1, 0x01, 0xf1, 0x01, 0xf1, 0x01, 0xf1, 0x01, 0xf1, 0x01, 0xf1, 0x01, 0xf1, 0x01, 0xf1,
    0x01, 0xf1, 0x01, 0xf1, 0x01, 0xf1, 0x01, 0xf1, 0x12, 0xf1, 0x02, 0xf1, 0x01, 0xf1, 0x01, 0xf1,
    0x01, 0xf1, 0x01, 0xf1, 0x01, 0xf1, 0x01, 0xf1, 0x01, 0xf1, 0x01, 0xf1, 0x01, 0xf1, 0x01, 0xf1,
    0x01, 0xf1, 0x01, 0xf1, 0x01, 0xf1, 0x01, 0xf1, 0x01, 0xf1, 0x01, 0xf1, 0x01, 0xf1, 0x01, 0xf1,
    0x01, 0xf1, 0x01, 0xf1, 0x02, 0xf1, 0x02, 0xf1, 0x02, 0xf1, 0x13, 0xf1, 0x02, 0xf1, 0x02, 0xf1,
    0x02, 0xf1, 0x02, 0xf1, 0x02, 0xf1, 0x01, 0xf1, 0x01, 0xf1, 0x02, 0xf1, 0x01, 0xf1, 0x01, 0xf1,
    0x02, 0xf1, 0x01, 0xf1, 0x01, 0xf1, 0x01, 0xf1, 0x01, 0xf1, 0x02, 0xf1, 0x02, 0xf1, 0x01, 0xf1,
    0x01, 0xf1, 0x01, 0xf1, 0x01, 0xf1, 0x02, 0xf1, 0x01, 0xf1, 0x01, 0xf1, 0x01, 0xf1, 0x01, 0xf1,
    0x01, 0xf1, 0x01, 0xf1, 0x01, 0xf1, 0x01, 0xf1, 0x01, 0xf1, 0x02, 0xf1, 0x02, 0xf1, 0x02, 0xf1,
    0x02, 0xf1, 0x02, 0xf1, 0x02, 0xf1, 0x01, 0xf1, 0x02, 0xf1, 0x02, 0xf1, 0x02, 0xf1, 0x02, 0xf1,
    0x02, 0xf1, 0x02, 0xf1, 0x02, 0xf1, 0x02, 0xf1, 0x01, 0xf1, 0x01, 0xf1, 0x01, 0xf1, 0x01, 0xf1,
    0x01, 0xf1, 0x01, 0xf1, 0x02, 0xf1, 0x02, 0xf1, 0x02, 0xf1, 0x02, 0xf1, 0x02, 0xf1, 0x01, 0xf1,
    0x01, 0xf1, 0x01, 0xf1, 0x01, 0xf1, 0x01, 0xf1, 0x01, 0xf1, 0x01, 0xf1, 0x01, 0xf1, 0x01, 0xf0,
    0x01, 0xf1, 0x01, 0xf1, 0x01, 0xf1, 0x01, 0xf1, 0x01, 0xf1, 0x01, 0xf1, 0x01, 0xf1, 0x01, 0xf0,
    0x01, 0xf1, 0x01, 0xf1, 0x01, 0xf1, 0x01, 0xf1, 0x01, 0xf1, 0x01, 0xf1, 0x01, 0xf1, 0x02, 0xf1,
    0x01, 0xf1, 0x01, 0xf1, 0x01, 0xf1, 0x02, 0xf1, 0x02, 0xf1, 0x02, 0xf1, 0x02, 0xf1, 0x02, 0xf1,
    0x02, 0xf1, 0x02, 0xf1, 0x02, 0xf1, 0x02, 0xf1, 0x02, 0xf1, 0x02, 0xf1, 0x13, 0xf1, 0x02, 0xf1,
    0x02, 0xf1, 0x02, 0xf1, 0x01, 0xf1, 0x01, 0xf1, 0x02, 0xf1, 0x02, 0xf1, 0x02, 0xf1, 0x02, 0xf1,
    0x02, 0xf1, 0x01, 0xf1, 0x02, 0xf1, 0x13, 0xf1, 0x57, 0xf3, 0x35, 0xf2, 0x13, 0xf1, 0x02, 0xf1,
    0x01, 0xf1, 0x01, 0xf1, 0x01, 0xf1, 0x02, 0xf1, 0x01, 0xf1, 0x01, 0xf1, 0x01, 0xf1, 0x01, 0xf1,
    0x02, 0xf1, 0x01, 0xf1, 0x02, 0xf1, 0x01, 0xf1, 0x01, 0xf1, 0x01, 0xf1, 0x01, 0xf1, 0x02, 0xf1,
    0x01, 0xf1, 0x01, 0xf1, 0x01, 0xf1, 0x01, 0xf1, 0x01, 0xf1, 0x01, 0xf1, 0x01, 0xf1, 0x01, 0xf1,
    0x02, 0xf1, 0x01, 0xf1, 0x01, 0xf1, 0x01, 0xf1, 0x01, 0xf1, 0x01, 0xf1, 0x02, 0xf1, 0x47, 0xf2,
    0x24, 0xf2, 0x01, 0xf1, 0x01, 0xf1, 0x01, 0xf1, 0x01, 0xf1, 0x01, 0xf1, 0x01, 0xf1, 0x01, 0xf1,
    0x02, 0xf1, 0x01, 0xf1, 0x01, 0xf1, 0x01, 0xf1, 0x01, 0xf1, 0x01, 0xf1, 0x01, 0xf1, 0x01, 0xf1,
    0x01, 0xf1, 0x01, 0xf1, 0x02, 0xf1, 0x36, 0xf2, 0xac, 0xf2, 0x79, 0xf3, 0x47, 0xf3, 0x24, 0xf2,
    0x01, 0xf1, 0x01, 0xf0, 0x01, 0xf0, 0x01, 0xf0, 0x01, 0xf0, 0x01, 0xf0, 0x01, 0xf0, 0x01, 0xf0,
    0x01, 0xf0, 0x01, 0xf0, 0x01, 0xf0, 0x01, 0xf0, 0x01, 0xf0, 0x01, 0xf0, 0x01, 0xf0, 0x01, 0xf0,
    0x01, 0xf0, 0x01, 0xf1, 0x01, 0xf1, 0x01, 0xf1, 0x01, 0xf0, 0x01, 0xf0, 0x01, 0xf1, 0x01, 0xf1,
    0x01, 0xf1, 0x01, 0xf1, 0x01, 0xf1, 0x02, 0xf1, 0x01, 0xf1, 0x01, 0xf1, 0x01, 0xf1, 0x01, 0xf1,
    0x01, 0xf1, 0x01, 0xf1, 0x01, 0xf1, 0x01, 0xf1, 0x01, 0xf1, 0x01, 0xf1, 0x01, 0xf1, 0x01, 0xf1,
    0x01, 0xf1, 0x02, 0xf1, 0x13, 0xf1, 0x12, 0xf1, 0x02, 0xf1, 0x01, 0xf1, 0x01, 0xf1, 0x01, 0xf1,
    0x01, 0xf1, 0x01, 0xf1, 0x01, 0xf1, 0x01, 0xf1, 0x01, 0xf1, 0x01, 0xf1, 0x01, 0xf1, 0x02, 0xf1,
    0x01, 0xf1, 0x01, 0xf1, 0x01, 0xf1, 0x01, 0xf1, 0x01, 0xf1, 0x01, 0xf1, 0x01, 0xf1, 0x01, 0xf1,
    0x02, 0xf1, 0x02, 0xf1, 0x02, 0xf1, 0x01, 0xf1, 0x02, 0xf1, 0x02, 0xf1, 0x02, 0xf1, 0x02, 0xf1,
    0x02, 0xf1, 0x02, 0xf1, 0x02, 0xf1, 0x01, 0xf1, 0x01, 0xf1, 0x02, 0xf1, 0x01, 0xf1, 0x02, 0xf1,
    0x12, 0xf1, 0x01, 0xf1, 0x01, 0xf1, 0x01, 0xf1, 0x01, 0xf1, 0x02, 0xf1, 0x01, 0xf1, 0x01, 0xf1,
    0x01, 0xf1, 0x01, 0xf1, 0x01, 0xf1, 0x01, 0xf1, 0x01, 0xf1, 0x01, 0xf1, 0x01, 0xf1, 0x01, 0xf1,
    0x01, 0xf1, 0x01, 0xf1, 0x01, 0xf1, 0x01, 0xf1, 0x01, 0xf1, 0x01, 0xf1, 0x02, 0xf1, 0x02, 0xf1,
    0x02, 0xf1, 0x01, 0xf1, 0x01, 0xf1, 0x02, 0xf1, 0x02, 0xf1, 0x02, 0xf1, 0x02, 0xf1, 0x02, 0xf1,
    0x01, 0xf1, 0x01, 0xf1, 0x01, 0xf1, 0x01, 0xf1, 0x01, 0xf1, 0x01, 0xf1, 0x01, 0xf1, 0x01, 0xf1,
    0x01, 0xf1, 0x01, 0xf1, 0x01, 0xf1, 0x02, 0xf1, 0x02, 0xf1, 0x02, 0xf1, 0x02, 0xf1, 0x01, 0xf1,
    0x01, 0xf1, 0x01, 0xf1, 0x01, 0xf1, 0x01, 0xf1, 0x01, 0xf1, 0x01, 0xf1, 0x01, 0xf1, 0x01, 0xf0,
    0x01, 0xf1, 0x01, 0xf1, 0x01, 0xf1, 0x01, 0xf1, 0x01, 0xf1, 0x01, 0xf1, 0x01, 0xf0, 0x01, 0xf0,
    0x01, 0xf1, 0x01, 0xf1, 0x01, 0xf0, 0x01, 0xf1, 0x01, 0xf1, 0x01, 0xf1, 0x01, 0xf1, 0x01, 0xf1,
    0x01, 0xf0, 0x01, 0xf1, 0x02, 0xf1, 0x01, 0xf1, 0x01, 0xf1, 0x01, 0xf1, 0x01, 0xf1, 0x02, 0xf1,
    0x02, 0xf1, 0x02, 0xf1, 0x02, 0xf1, 0x02, 0xf1, 0x02, 0xf1, 0x02, 0xf1, 0x02, 0xf1, 0x02, 0xf1,
    0x02, 0xf1, 0x02, 0xf1, 0x01, 0xf1, 0x01, 0xf1, 0x01, 0xf1, 0x01, 0xf1, 0x02, 0xf1, 0x02, 0xf1,
    0x01, 0xf1, 0x01, 0xf1, 0x01, 0xf1, 0x13, 0xf1, 0x8a, 0xf3, 0x46, 0xf2, 0x24, 0xf2, 0x02, 0xf1,
    0x01, 0xf1, 0x01, 0xf1, 0x02, 0xf1, 0x02, 0xf1, 0x01, 0xf1, 0x01, 0xf1, 0x01, 0xf1, 0x01, 0xf1,
    0x02, 0xf1, 0x01, 0xf1, 0x01, 0xf1, 0x01, 0xf1, 0x01, 0xf1, 0x01, 0xf1, 0x01, 0xf1, 0x01, 0xf1,
    0x01, 0xf1, 0x01, 0xf1, 0x01, 0xf1, 0x01, 0xf1, 0x01, 0xf1, 0x01, 0xf1, 0x01, 0xf1, 0x01, 0xf1,
    0x01, 0xf1, 0x01, 0xf1, 0x02, 0xf1, 0x01, 0xf1, 0x01, 0xf1, 0x01, 0xf1, 0x02, 0xf1, 0x02, 0xf1,
    0x02, 0xf1, 0x02, 0xf1, 0x01, 0xf1, 0x01, 0xf1, 0x01, 0xf1, 0x12, 0xf1, 0x01, 0xf1, 0x01, 0xf1,
    0x01, 0xf1, 0x01, 0xf1, 0x01, 0xf1, 0x01, 0xf1, 0x01, 0xf1, 0x01, 0xf1, 0x01, 0xf1, 0x01, 0xf1,
    0x01, 0xf0, 0x01, 0xf1, 0x01, 0xf1, 0x12, 0xf1, 0x24, 0xf2, 0x13, 0xf1, 0x02, 0xf1, 0x01, 0xf1,
    0x01, 0xf0, 0x01, 0xf0, 0x01, 0xf0, 0x01, 0xf1, 0x01, 0xf1, 0x01, 0xf0, 0x01, 0xf0, 0x01, 0xf0,
    0x01, 0xf0, 0x01, 0xf0, 0x01, 0xf0, 0x01, 0xf0, 0x01, 0xf0, 0x01, 0xf0, 0x01, 0xf0, 0x01, 0xf0,
    0x01, 0xf0, 0x01, 0xf1, 0x01, 0xf1, 0x01, 0xf1, 0x01, 0xf1, 0x01, 0xf1, 0x01, 0xf1, 0x01, 0xf1,
    0x01, 0xf1, 0x01, 0xf1, 0x01, 0xf1, 0x01, 0xf1, 0x01, 0xf1, 0x01, 0xf1, 0x01, 0xf1, 0x01, 0xf1,
    0x01, 0xf1, 0x01, 0xf1, 0x01, 0xf1, 0x01, 0xf1, 0x01, 0xf1, 0x01, 0xf1, 0x01, 0xf1, 0x01, 0xf1,
    0x01, 0xf1, 0x02, 0xf1, 0x02, 0xf1, 0x01, 0xf1, 0x01, 0xf1, 0x01, 0xf1, 0x01, 0xf1, 0x01, 0xf1,
    0x01, 0xf1, 0x01, 0xf1, 0x01, 0xf1, 0x01, 0xf1, 0x01, 0xf1, 0x01, 0xf1, 0x01, 0xf1, 0x01, 0xf1,
    0x01, 0xf1, 0x01, 0xf1, 0x01, 0xf1, 0x01, 0xf1, 0x01, 0xf1, 0x01, 0xf1, 0x02, 0xf1, 0x02, 0xf1,
    0x02, 0xf1, 0x02, 0xf1, 0x02, 0xf1, 0x01, 0xf1, 0x01, 0xf1, 0x02, 0xf1, 0x02, 0xf1, 0x01, 0xf1,
    0x01, 0xf1, 0x01, 0xf1, 0x01, 0xf1, 0x01, 0xf1, 0x01, 0xf1, 0x01, 0xf1, 0x01, 0xf1, 0x01, 0xf1,
    0x02, 0xf1, 0x01, 0xf1, 0x01, 0xf1, 0x01, 0xf1, 0x01, 0xf1, 0x01, 0xf1, 0x01, 0xf1, 0x01, 0xf1,
    0x01, 0xf1, 0x01, 0xf1, 0x01, 0xf1, 0x01, 0xf1, 0x01, 0xf1, 0x01, 0xf1, 0x01, 0xf1, 0x01, 0xf1,
    0x01, 0xf1, 0x01, 0xf1, 0x01, 0xf1, 0x01, 0xf1, 0x01, 0xf1, 0x01, 0xf1, 0x02, 0xf1, 0x01, 0xf1,
    0x01, 0xf1, 0x01, 0xf1, 0x01, 0xf1, 0x01, 0xf1, 0x02, 0xf1, 0x02, 0xf1, 0x02, 0xf1, 0x02, 0xf1,
    0x01, 0xf1, 0x01, 0xf1, 0x01, 0xf1, 0x01, 0xf1, 0x01, 0xf1, 0x01, 0xf1, 0x01, 0xf1, 0x01, 0xf1,
    0x01, 0xf1, 0x01, 0xf1, 0x01, 0xf1, 0x02, 0xf1, 0x02, 0xf1, 0x02, 0xf1, 0x02, 0xf1, 0x02, 0xf1,
    0x01, 0xf1, 0x01, 0xf1, 0x02, 0xf1, 0x01, 0xf1, 0x01, 0xf1, 0x01, 0xf1, 0x01, 0xf1, 0x01, 0xf1,
    0x01, 0xf1, 0x01, 0xf1, 0x01, 0xf1, 0x01, 0xf1, 0x01, 0xf1, 0x01, 0xf0, 0x01, 0xf0, 0x01, 0xf0,
    0x01, 0xf1, 0x01, 0xf1, 0x01, 0xf0, 0x01, 0xf0, 0x01, 0xf1, 0x01, 0xf0, 0x01, 0xf1, 0x01, 0xf1,
    0x01, 0xf1, 0x02, 0xf1, 0x02, 0xf1, 0x01, 0xf1, 0x02, 0xf1, 0x02, 0xf1, 0x02, 0xf1, 0x02, 0xf1,
    0x02, 0xf1, 0x02, 0xf1, 0x02, 0xf1, 0x02, 0xf1, 0x01, 0xf1, 0x02, 0xf1, 0x02, 0xf1, 0x02, 0xf1,
    0x02, 0xf1, 0x01, 0xf1, 0x02, 0xf1, 0x02, 0xf1, 0x01, 0xf1, 0x01, 0xf1, 0x01, 0xf1, 0x02, 0xf1,
    0x01, 0xf1, 0x01, 0xf1, 0x01, 0xf1, 0x02, 0xf1, 0x13, 0xf1, 0x12, 0xf1, 0x02, 0xf1, 0x01, 0xf1,
    0x01, 0xf1, 0x01, 0xf1, 0x01, 0xf1, 0x01, 0xf1, 0x01, 0xf1, 0x01, 0xf1, 0x01, 0xf1, 0x02, 0xf1,
    0x02, 0xf1, 0x02, 0xf1, 0x01, 0xf1, 0x01, 0xf1, 0x01, 0xf1, 0x02, 0xf1, 0x01, 0xf1, 0x01, 0xf1,
    0x01, 0xf1, 0x01, 0xf1, 0x01, 0xf1, 0x01, 0xf1, 0x01, 0xf1, 0x01, 0xf1, 0x01, 0xf1, 0x01, 0xf1,
    0x02, 0xf1, 0x02, 0xf1, 0x02, 0xf1, 0x01, 0xf1, 0x01, 0xf1, 0x01, 0xf1, 0x01, 0xf1, 0x01, 0xf1,
    0x01, 0xf1, 0x02, 0xf1, 0x01, 0xf1, 0x01, 0xf1, 0x01, 0xf1, 0x02, 0xf1, 0x01, 0xf1, 0x01, 0xf1,
    0x01, 0xf1, 0x01, 0xf1, 0x01, 0xf0, 0x01, 0xf1, 0x01, 0xf0, 0x01, 0xf1, 0x01, 0xf1, 0x01, 0xf1,
    0x01, 0xf0, 0x01, 0xf0, 0x01, 0xf0, 0x01, 0xf0, 0x01, 0xf1, 0x01, 0xf1, 0x01, 0xf1, 0x01, 0xf1,
    0x01, 0xf0, 0x01, 0xf0, 0x01, 0xf0, 0x01, 0xf1, 0x24, 0xf2, 0x01, 0xf1, 0x01, 0xf0, 0x01, 0xf0,
    0x01, 0xf0, 0x01, 0xf1, 0x01, 0xf0, 0x01, 0xf0, 0x01, 0xf0, 0x01, 0xf0, 0x01, 0xf0, 0x01, 0xf1,
    0x01, 0xf0, 0x01, 0xf0, 0x01, 0xf1, 0x01, 0xf1, 0x01, 0xf1, 0x01, 0xf1, 0x01, 0xf1, 0x01, 0xf1,
    0x01, 0xf1, 0x01, 0xf1, 0x01, 0xf1, 0x01, 0xf1, 0x01, 0xf1, 0x01, 0xf1, 0x01, 0xf1, 0x01, 0xf1,
    0x01, 0xf1, 0x01, 0xf1, 0x01, 0xf1, 0x01, 0xf1, 0x01, 0xf1, 0x01, 0xf1, 0x01, 0xf1, 0x01, 0xf1,
    0x01, 0xf1, 0x01, 0xf1, 0x01, 0xf1, 0x01, 0xf1, 0x01, 0xf1, 0x01, 0xf1, 0x01, 0xf1, 0x01, 0xf1,
    0x01, 0xf1, 0x01, 0xf1, 0x01, 0xf1, 0x01, 0xf1, 0x01, 0xf1, 0x01, 0xf1, 0x01, 0xf1, 0x01, 0xf1,
    0x01, 0xf1, 0x02, 0xf1, 0x01, 0xf1, 0x01, 0xf1, 0x01, 0xf1, 0x01, 0xf1, 0x02, 0xf1, 0x02, 0xf1,
    0x02, 0xf1, 0x02, 0xf1, 0x02, 0xf1, 0x01, 0xf1, 0x02, 0xf1, 0x01, 0xf1, 0x01, 0xf1, 0x01, 0xf1,
    0x01, 0xf1, 0x01, 0xf1, 0x01, 0xf1, 0x01, 0xf1, 0x01, 0xf1, 0x01, 0xf1, 0x01, 0xf1, 0x01, 0xf1,
    0x01, 0xf1, 0x02, 0xf1, 0x01, 0xf1, 0x01, 0xf1, 0x02, 0xf1, 0x01, 0xf1, 0x01, 0xf1, 0x01, 0xf1,
    0x01, 0xf1, 0x01, 0xf1, 0x01, 0xf1, 0x01, 0xf1, 0x01, 0xf1, 0x01, 0xf1, 0x01, 0xf1, 0x01, 0xf1,
    0x02, 0xf1, 0x01, 0xf1, 0x01, 0xf1, 0x01, 0xf1, 0x01, 0xf1, 0x01, 0xf1, 0x01, 0xf1, 0x02, 0xf1,
    0x01, 0xf1, 0x01, 0xf1, 0x02, 0xf1, 0x02, 0xf1, 0x01, 0xf1, 0x02, 0xf1, 0x01, 0xf1, 0x01, 0xf1,
    0x01, 0xf1, 0x01, 0xf1, 0x01, 0xf1, 0x01, 0xf1, 0x01, 0xf1, 0x01, 0xf1, 0x01, 0xf1, 0x01, 0xf1,
    0x01, 0xf1, 0x01, 0xf1, 0x02, 0xf1, 0x02, 0xf1, 0x01, 0xf1, 0x02, 0xf1, 0x02, 0xf1, 0x02, 0xf1,
    0x01, 0xf1, 0x01, 0xf1, 0x02, 0xf1, 0x01, 0xf1, 0x01, 0xf1, 0x01, 0xf1, 0x01, 0xf1, 0x01, 0xf1,
    0x01, 0xf1, 0x01, 0xf1, 0x01, 0xf1, 0x01, 0xf0, 0x01, 0xf0, 0x01, 0xf0, 0x01, 0xf1, 0x01, 0xf1,
    0x01, 0xf1, 0x01, 0xf1, 0x01, 0xf1, 0x01, 0xf0, 0x01, 0xf0, 0x01, 0xf0, 0x01, 0xf1, 0x01, 0xf1,
    0x01, 0xf1, 0x01, 0xf1, 0x01, 0xf1, 0x01, 0xf1, 0x01, 0xf1, 0x01, 0xf1, 0x02, 0xf1, 0x02, 0xf1,
    0x01, 0xf1, 0x01, 0xf1, 0x02, 0xf1, 0x02, 0xf1, 0x02, 0xf1, 0x01, 0xf1, 0x02, 0xf1, 0x02, 0xf1,
    0x02, 0xf1, 0x01, 0xf1, 0x01, 0xf1, 0x02, 0xf1, 0x02, 0xf1, 0x01, 0xf1, 0x01, 0xf1, 0x01, 0xf1,
    0x01, 0xf1, 0x01, 0xf1, 0x01, 0xf1, 0x01, 0xf1, 0x02, 0xf1, 0x02, 0xf1, 0x01, 0xf1, 0x01, 0xf1,
    0x01, 0xf1, 0x01, 0xf1, 0x02, 0xf1, 0x02, 0xf1, 0x02, 0xf1, 0x01, 0xf1, 0x01, 0xf1, 0x02, 0xf1,
    0x02, 0xf1, 0x01, 0xf1, 0x01, 0xf1, 0x01, 0xf1, 0x01, 0xf1, 0x01, 0xf1, 0x01, 0xf1, 0x01, 0xf1,
    0x01, 0xf1, 0x01, 0xf1, 0x01, 0xf1, 0x01, 0xf1, 0x01, 0xf1, 0x01, 0xf1, 0x01, 0xf1, 0x01, 0xf1,
    0x01, 0xf1, 0x01, 0xf1, 0x01, 0xf1, 0x01, 0xf1, 0x01, 0xf1, 0x01, 0xf1, 0x01, 0xf1, 0x01, 0xf1,
    0x01, 0xf1, 0x01, 0xf1, 0x01, 0xf1, 0x01, 0xf1, 0x01, 0xf1, 0x01, 0xf1, 0x01, 0xf1, 0x01, 0xf1,
    0x01, 0xf1, 0x01, 0xf1, 0x01, 0xf1, 0x01, 0xf1, 0x01, 0xf1, 0x01, 0xf0, 0x01, 0xf1, 0x01, 0xf1,
    0x01, 0xf1, 0x01, 0xf1, 0x01, 0xf0, 0x01, 0xf0, 0x01, 0xf0, 0x01, 0xf0, 0x01, 0xf1, 0x01, 0xf1,
    0x01, 0xf0, 0x01, 0xf0, 0x01, 0xf0, 0x02, 0xf1, 0x12, 0xf1, 0x01, 0xf1, 0x01, 0xf0, 0x01, 0xf0,
    0x01, 0xf0, 0x01, 0xf0, 0x01, 0xf0, 0x01, 0xf1, 0x01, 0xf1, 0x01, 0xf0, 0x01, 0xf0, 0x01, 0xf1,
    0x01, 0xf1, 0x01, 0xf0, 0x01, 0xf0, 0x01, 0xf1, 0x01, 0xf1, 0x01, 0xf1, 0x01, 0xf1, 0x01, 0xf1,
    0x02, 0xf1, 0x02, 0xf1, 0x01, 0xf1, 0x01, 0xf1, 0x01, 0xf1, 0x01, 0xf1, 0x01, 0xf1, 0x01, 0xf1,
    0x01, 0xf1, 0x01, 0xf1, 0x01, 0xf1, 0x01, 0xf1, 0x01, 0xf1, 0x01, 0xf1, 0x01, 0xf1, 0x01, 0xf1,
    0x01, 0xf1, 0x01, 0xf1, 0x01, 0xf1, 0x01, 0xf1, 0x01, 0xf1, 0x01, 0xf1, 0x01, 0xf1, 0x01, 0xf1,
    0x01, 0xf1, 0x01, 0xf1, 0x01, 0xf0, 0x01, 0xf1, 0x01, 0xf0, 0x01, 0xf1, 0x01, 0xf1, 0x01, 0xf1,
    0x01, 0xf1, 0x01, 0xf1, 0x01, 0xf1, 0x01, 0xf1, 0x01, 0xf1, 0x02, 0xf1, 0x02, 0xf1, 0x01, 0xf1,
    0x01, 0xf1, 0x02, 0xf1, 0x02, 0xf1, 0x02, 0xf1, 0x01, 0xf1, 0x02, 0xf1, 0x01, 0xf1, 0x01, 0xf1,
    0x01, 0xf1, 0x01, 0xf1, 0x01, 0xf1, 0x01, 0xf1, 0x01, 0xf1, 0x01, 0xf1, 0x02, 0xf1, 0x02, 0xf1,
    0x02, 0xf1, 0x02, 0xf1, 0x01, 0xf1, 0x02, 0xf1, 0x02, 0xf1, 0x01, 0xf1, 0x01, 0xf1, 0x01, 0xf1,
    0x01, 0xf1, 0x01, 0xf1, 0x01, 0xf1, 0x01, 0xf1, 0x01, 0xf1, 0x01, 0xf1, 0x01, 0xf1, 0x01, 0xf1,
    0x01, 0xf1, 0x01, 0xf1, 0x01, 0xf1, 0x01, 0xf1, 0x01, 0xf1, 0x01, 0xf1, 0x01, 0xf1, 0x13, 0xf1,
    0x02, 0xf1, 0x01, 0xf1, 0x01, 0xf1, 0x01, 0xf1, 0x01, 0xf1, 0x01, 0xf1, 0x01, 0xf1, 0x01, 0xf1,
    0x01, 0xf1, 0x01, 0xf1, 0x01, 0xf1, 0x01, 0xf1, 0x01, 0xf0, 0x01, 0xf1, 0x01, 0xf1, 0x01, 0xf1,
    0x01, 0xf1, 0x01, 0xf1, 0x01, 0xf1, 0x02, 0xf1, 0x02, 0xf1, 0x13, 0xf1, 0x02, 0xf1, 0x02, 0xf1,
    0x01, 0xf1, 0x01, 0xf1, 0x01, 0xf1, 0x01, 0xf1, 0x01, 0xf1, 0x01, 0xf1, 0x01, 0xf1, 0x01, 0xf1,
    0x01, 0xf1, 0x01, 0xf1, 0x01, 0xf1, 0x01, 0xf1, 0x01, 0xf0, 0x01, 0xf1, 0x01, 0xf1, 0x01, 0xf1,
    0x01, 0xf1, 0x01, 0xf1, 0x01, 0xf1, 0x01, 0xf1, 0x01, 0xf1, 0x02, 0xf1, 0x02, 0xf1, 0x01, 0xf1,
    0x01, 0xf1, 0x01, 0xf1, 0x01, 0xf1, 0x01, 0xf1, 0x02, 0xf1, 0x02, 0xf1, 0x02, 0xf1, 0x02, 0xf1,
    0x01, 0xf1, 0x02, 0xf1, 0x02, 0xf1, 0x02, 0xf1, 0x02, 0xf1, 0x02, 0xf1, 0x02, 0xf1, 0x02, 0xf1,
    0x02, 0xf1, 0x01, 0xf1, 0x01, 0xf1, 0x01, 0xf1, 0x02, 0xf1, 0x01, 0xf1, 0x01, 0xf1, 0x01, 0xf1,
    0x01, 0xf1, 0x01, 0xf1, 0x01, 0xf1, 0x01, 0xf1, 0x02, 0xf1, 0x02, 0xf1, 0x02, 0xf1, 0x02, 0xf1,
    0x01, 0xf1, 0x01, 0xf1, 0x02, 0xf1, 0x35, 0xf2, 0x13, 0xf1, 0x01, 0xf1, 0x01, 0xf1, 0x02, 0xf1,
    0x01, 0xf1, 0x01, 0xf1, 0x01, 0xf1, 0x01, 0xf1, 0x01, 0xf1, 0x01, 0xf1, 0x01, 0xf1, 0x01, 0xf1,
    0x01, 0xf1, 0x01, 0xf1, 0x01, 0xf1, 0x01, 0xf1, 0x01, 0xf1, 0x01, 0xf1, 0x01, 0xf1, 0x01, 0xf1,
    0x01, 0xf1, 0x01, 0xf1, 0x01, 0xf1, 0x01, 0xf1, 0x01, 0xf1, 0x01, 0xf1, 0x01, 0xf1, 0x01, 0xf1,
    0x01, 0xf1, 0x01, 0xf1, 0x01, 0xf1, 0x01, 0xf1, 0x01, 0xf1, 0x01, 0xf1, 0x01, 0xf0, 0x01, 0xf0,
    0x01, 0xf1, 0x01, 0xf1, 0x01, 0xf1, 0x01, 0xf1, 0x01, 0xf1, 0x01, 0xf0, 0x01, 0xf0, 0x01, 0xf1,
    0x01, 0xf1, 0x01, 0xf0, 0x01, 0xf0, 0x01, 0xf0, 0x01, 0xf0, 0x01, 0xf0, 0x01, 0xf0, 0x01, 0xf0,
    0x01, 0xf0, 0x01, 0xf0, 0x01, 0xf0, 0x01, 0xf0, 0x01, 0xf0, 0x01, 0xf1, 0x01, 0xf0, 0x01, 0xf0,
    0x01, 0xf0, 0x01, 0xf0, 0x01, 0xf0, 0x01, 0xf0, 0x01, 0xf0, 0x01, 0xf0, 0x01, 0xf0, 0x01, 0xf0,
    0x01, 0xf0, 0x01, 0xf0, 0x01, 0xf0, 0x01, 0xf0, 0x01, 0xf0, 0x01, 0xf1, 0x02, 0xf1, 0x02, 0xf1,
    0x01, 0xf1, 0x02, 0xf1, 0x12, 0xf1, 0x01, 0xf1, 0x01, 0xf1, 0x01, 0xf1, 0x01, 0xf1, 0x01, 0xf1,
    0x01, 0xf1, 0x01, 0xf1, 0x02, 0xf1, 0x01, 0xf1, 0x02, 0xf1, 0x01, 0xf1, 0x01, 0xf1, 0x01, 0xf1,
    0x01, 0xf1, 0x01, 0xf1, 0x01, 0xf1, 0x01, 0xf1, 0x01, 0xf1, 0x01, 0xf1, 0x01, 0xf1, 0x01, 0xf1,
    0x01, 0xf0, 0x02, 0xf1, 0x12, 0xf1, 0x01, 0xf0, 0x01, 0xf0, 0x01, 0xf1, 0x02, 0xf1, 0x01, 0xf1,
    0x01, 0xf1, 0x01, 0xf1, 0x01, 0xf1, 0x01, 0xf1, 0x01, 0xf1, 0x01, 0xf1, 0x12, 0xf1, 0x02, 0xf1,
    0x01, 0xf1, 0x02, 0xf1, 0x01, 0xf1, 0x01, 0xf1, 0x01, 0xf1, 0x01, 0xf1, 0x01, 0xf1, 0x01, 0xf1,
    0x01, 0xf1, 0x01, 0xf1, 0x02, 0xf1, 0x02, 0xf1, 0x01, 0xf1, 0x02, 0xf1, 0x02, 0xf1, 0x13, 0xf1,
    0x14, 0xf2, 0x13, 0xf1, 0x02, 0xf1, 0x02, 0xf1, 0x02, 0xf1, 0x01, 0xf1, 0x01, 0xf1, 0x01, 0xf1,
    0x01, 0xf1, 0x01, 0xf1, 0x01, 0xf1, 0x01, 0xf1, 0x01, 0xf1, 0x01, 0xf1, 0x01, 0xf1, 0x01, 0xf1,
    0x01, 0xf1, 0x01, 0xf1, 0x01, 0xf1, 0x01, 0xf1, 0x01, 0xf1, 0x01, 0xf1, 0x01, 0xf1, 0x01, 0xf1,
    0x01, 0xf1, 0x01, 0xf1, 0x01, 0xf1, 0x01, 0xf1, 0x01, 0xf1, 0x01, 0xf1, 0x01, 0xf1, 0x01, 0xf1,
    0x01, 0xf1, 0x01, 0xf1, 0x01, 0xf0, 0x01, 0xf1, 0x01, 0xf1, 0x01, 0xf1, 0x01, 0xf1, 0x01, 0xf1,
    0x01, 0xf1, 0x01, 0xf1, 0x02, 0xf1, 0x13, 0xf1, 0x36, 0xf2, 0x46, 0xf2, 0x13, 0xf1, 0x02, 0xf1,
    0x12, 0xf1, 0x02, 0xf1, 0x01, 0xf1, 0x01, 0xf1, 0x01, 0xf1, 0x01, 0xf1, 0x01, 0xf1, 0x01, 0xf1,
    0x01, 0xf1, 0x01, 0xf1, 0x01, 0xf1, 0x01, 0xf0, 0x01, 0xf0, 0x01, 0xf0, 0x01, 0xf1, 0x01, 0xf1,
    0x01, 0xf1, 0x01, 0xf1, 0x02, 0xf1, 0x01, 0xf1, 0x13, 0xf1, 0x35, 0xf2, 0x02, 0xf1, 0x02, 0xf1,
    0x01, 0xf1, 0x01, 0xf1, 0x01, 0xf1, 0x01, 0xf1, 0x25, 0xf2, 0x13, 0xf1, 0x01, 0xf1, 0x02, 0xf1,
    0x02, 0xf1, 0x02, 0xf1, 0x02, 0xf1, 0x02, 0xf1, 0x02, 0xf1, 0x01, 0xf1, 0x02, 0xf1, 0x01, 0xf1,
    0x01, 0xf1, 0x01, 0xf1, 0x01, 0xf1, 0x01, 0xf1, 0x01, 0xf1, 0x01, 0xf1, 0x01, 0xf1, 0x01, 0xf1,
    0x01, 0xf1, 0x01, 0xf1, 0x01, 0xf1, 0x01, 0xf1, 0x01, 0xf1, 0x02, 0xf1, 0x02, 0xf1, 0x01, 0xf1,
    0x01, 0xf1, 0x01, 0xf1, 0x01, 0xf1, 0x12, 0xf1, 0x02, 0xf1, 0x01, 0xf1, 0x01, 0xf1, 0x01, 0xf1,
    0x01, 0xf1, 0x01, 0xf1, 0x01, 0xf1, 0x01, 0xf1, 0x01, 0xf1, 0x01, 0xf1, 0x01, 0xf1, 0x01, 0xf1,
    0x01, 0xf1, 0x01, 0xf1, 0x01, 0xf1, 0x01, 0xf1, 0x01, 0xf1, 0x01, 0xf1, 0x01, 0xf1, 0x01, 0xf1,
    0x01, 0xf1, 0x01, 0xf1, 0x01, 0xf1, 0x01, 0xf1, 0x01, 0xf1, 0x01, 0xf1, 0x01, 0xf1, 0x01, 0xf1,
    0x01, 0xf1, 0x01, 0xf1, 0x01, 0xf1, 0x01, 0xf1, 0x01, 0xf0, 0x01, 0xf0, 0x01, 0xf0, 0x01, 0xf0,
    0x01, 0xf0, 0x01, 0xf1, 0x01, 0xf1, 0x01, 0xf0, 0x01, 0xf0, 0x01, 0xf0, 0x01, 0xf0, 0x01, 0xf0,
    0x01, 0xf0, 0x01, 0xf0, 0x01, 0xf0, 0x01, 0xf0, 0x01, 0xf0, 0x01, 0xf0, 0x01, 0xf0, 0x01, 0xf0,
    0x01, 0xf0, 0x01, 0xf0, 0x01, 0xf0, 0x01, 0xf0, 0x01, 0xf0, 0x01, 0xf1, 0x01, 0xf0, 0x01, 0xf0,
    0x01, 0xf1, 0x01, 0xf1, 0x01, 0xf0, 0x01, 0xf0, 0x01, 0xf0, 0x01, 0xf0, 0x01, 0xf0, 0x01, 0xf0,
    0x01, 0xf0, 0x01, 0xf0, 0x01, 0xf0, 0x01, 0xf0, 0x01, 0xf1, 0x01, 0xf1, 0x02, 0xf1, 0x01, 0xf1,
    0x01, 0xf1, 0x02, 0xf1, 0x02, 0xf1, 0x01, 0xf1, 0x01, 0xf1, 0x01, 0xf1, 0x01, 0xf1, 0x01, 0xf1,
    0x01, 0xf1, 0x02, 0xf1, 0x02, 0xf1, 0x01, 0xf1, 0x02, 0xf1, 0x01, 0xf1, 0x01, 0xf1, 0x01, 0xf1,
    0x01, 0xf1, 0x01, 0xf1, 0x01, 0xf1, 0x01, 0xf1, 0x01, 0xf1, 0x01, 0xf1, 0x01, 0xf1, 0x01, 0xf1,
    0x01, 0xf1, 0x01, 0xf1, 0x02, 0xf1, 0x01, 0xf0, 0x01, 0xf1, 0x01, 0xf1, 0x01, 0xf1, 0x01, 0xf1,
    0x01, 0xf1, 0x01, 0xf1, 0x02, 0xf1, 0x01, 0xf1, 0x01, 0xf1, 0x01, 0xf1, 0x02, 0xf1, 0x01, 0xf1,
    0x01, 0xf1, 0x01, 0xf1, 0x01, 0xf1, 0x01, 0xf1, 0x01, 0xf1, 0x01, 0xf1, 0x01, 0xf1, 0x01, 0xf1,
    0x01, 0xf1, 0x01, 0xf1, 0x02, 0xf1, 0x01, 0xf1, 0x01, 0xf1, 0x01, 0xf1, 0x03, 0xf1, 0x46, 0xf2,
    0x8a, 0xf3, 0x46, 0xf2, 0x12, 0xf1, 0x01, 0xf1, 0x02, 0xf1, 0x02, 0xf1, 0x01, 0xf1, 0x01, 0xf1,
    0x01, 0xf1, 0x01, 0xf1, 0x01, 0xf1, 0x01, 0xf1, 0x01, 0xf1, 0x01, 0xf1, 0x01, 0xf1, 0x01, 0xf1,
    0x01, 0xf1, 0x01, 0xf1, 0x01, 0xf1, 0x01, 0xf1, 0x01, 0xf1, 0x01, 0xf1, 0x01, 0xf1, 0x01, 0xf1,
    0x01, 0xf1, 0x01, 0xf1, 0x01, 0xf1, 0x02, 0xf1, 0x01, 0xf1, 0x01, 0xf1, 0x01, 0xf1, 0x01, 0xf1,
    0x02, 0xf1, 0x01, 0xf1, 0x01, 0xf0, 0x01, 0xf1, 0x01, 0xf1, 0x01, 0xf1, 0x01, 0xf1, 0x01, 0xf1,
    0x01, 0xf1, 0x01, 0xf1, 0x02, 0xf1, 0x24, 0xf2, 0x8a, 0xf4, 0x8a, 0xf4, 0x25, 0xf2, 0x35, 0xf2,
    0x58, 0xf3, 0x13, 0xf1, 0x01, 0xf1, 0x01, 0xf1, 0x01, 0xf1, 0x01, 0xf1, 0x01, 0xf1, 0x01, 0xf1,
    0x01, 0xf1, 0x01, 0xf0, 0x01, 0xf0, 0x01, 0xf0, 0x01, 0xf0, 0x01, 0xf1, 0x01, 0xf1, 0x01, 0xf1,
    0x01, 0xf1, 0x01, 0xf1, 0x01, 0xf1, 0x01, 0xf1, 0x13, 0xf2, 0x36, 0xf2, 0x02, 0xf1, 0x01, 0xf1,
    0x01, 0xf1, 0x01, 0xf1, 0x01, 0xf1, 0x01, 0xf1, 0x13, 0xf1, 0x12, 0xf1, 0x02, 0xf1, 0x02, 0xf1,
    0x02, 0xf1, 0x01, 0xf1, 0x01, 0xf1, 0x02, 0xf1, 0x02, 0xf1, 0x01, 0xf1, 0x01, 0xf1, 0x01, 0xf1,
    0x01, 0xf1, 0x01, 0xf1, 0x01, 0xf1, 0x01, 0xf1, 0x01, 0xf1, 0x01, 0xf1, 0x01, 0xf1, 0x01, 0xf1,
    0x01, 0xf1, 0x01, 0xf1, 0x01, 0xf1, 0x01, 0xf1, 0x01, 0xf1, 0x01, 0xf1, 0x01, 0xf1, 0x02, 0xf1,
    0x01, 0xf1, 0x01, 0xf1, 0x01, 0xf1, 0x01, 0xf1, 0x01, 0xf1, 0x01, 0xf1, 0x01, 0xf1, 0x01, 0xf1,
    0x01, 0xf1, 0x01, 0xf1, 0x01, 0xf1, 0x01, 0xf1, 0x01, 0xf1, 0x01, 0xf1, 0x01, 0xf1, 0x01, 0xf1,
    0x01, 0xf1, 0x01, 0xf1, 0x01, 0xf1, 0x01, 0xf1, 0x01, 0xf1, 0x01, 0xf1, 0x01, 0xf1, 0x01, 0xf1,
    0x01, 0xf1, 0x01, 0xf1, 0x01, 0xf1, 0x01, 0xf1, 0x01, 0xf1, 0x01, 0xf1, 0x01, 0xf1, 0x01, 0xf1,
    0x01, 0xf1, 0x01, 0xf1, 0x01, 0xf1, 0x01, 0xf1, 0x01, 0xf0, 0x01, 0xf0, 0x01, 0xf0, 0x01, 0xf0,
    0x01, 0xf0, 0x01, 0xf0, 0x01, 0xf0, 0x01, 0xf0, 0x01, 0xf0, 0x01, 0xf0, 0x01, 0xf0, 0x01, 0xf0,
    0x00, 0xf0, 0x00, 0xf0, 0x01, 0xf0, 0x01, 0xf0, 0x01, 0xf0, 0x01, 0xf0, 0x00, 0xf0, 0x00, 0xf0,
    0x01, 0xf0, 0x01, 0xf0, 0x01, 0xf0, 0x01, 0xf0, 0x01, 0xf0, 0x01, 0xf0, 0x01, 0xf0, 0x01, 0xf0,
    0x01, 0xf1, 0x01, 0xf0, 0x01, 0xf0, 0x01, 0xf0, 0x01, 0xf0, 0x01, 0xf0, 0x01, 0xf0, 0x01, 0xf0,
    0x01, 0xf1, 0x01, 0xf1, 0x01, 0xf1, 0x01, 0xf1, 0x01, 0xf1, 0x01, 0xf1, 0x01, 0xf1, 0x01, 0xf1,
    0x01, 0xf1, 0x01, 0xf1, 0x01, 0xf1, 0x01, 0xf1, 0x01, 0xf1, 0x01, 0xf1, 0x01, 0xf1, 0x01, 0xf1,
    0x01, 0xf1, 0x02, 0xf1, 0x02, 0xf1, 0x01, 0xf1, 0x01, 0xf1, 0x01, 0xf1, 0x01, 0xf1, 0x01, 0xf1,
    0x01, 0xf1, 0x01, 0xf1, 0x01, 0xf1, 0x01, 0xf1, 0x01, 0xf1, 0x01, 0xf1, 0x01, 0xf1, 0x01, 0xf1,
    0x01, 0xf1, 0x01, 0xf0, 0x01, 0xf0, 0x01, 0xf0, 0x01, 0xf1, 0x01, 0xf1, 0x01, 0xf1, 0x01, 0xf1,
    0x01, 0xf1, 0x02, 0xf1, 0x02, 0xf1, 0x02, 0xf1, 0x01, 0xf1, 0x01, 0xf1, 0x01, 0xf1, 0x01, 0xf1,
    0x02, 0xf1, 0x01, 0xf1, 0x01, 0xf1, 0x01, 0xf1, 0x01, 0xf1, 0x01, 0xf1, 0x01, 0xf1, 0x01, 0xf1,
    0x01, 0xf1, 0x02, 0xf1, 0x02, 0xf1, 0x01, 0xf1, 0x01, 0xf1, 0x01, 0xf1, 0x02, 0xf1, 0x58, 0xf3,
    0xde, 0xfa, 0x68, 0xf3, 0x13, 0xf1, 0x02, 0xf1, 0x01, 0xf1, 0x01, 0xf1, 0x01, 0xf1, 0x02, 0xf1,
    0x01, 0xf1, 0x01, 0xf1, 0x01, 0xf1, 0x01, 0xf1, 0x01, 0xf1, 0x01, 0xf1, 0x01, 0xf1, 0x01, 0xf1,
    0x01, 0xf1, 0x01, 0xf1, 0x01, 0xf1, 0x01, 0xf1, 0x01, 0xf1, 0x01, 0xf1, 0x01, 0xf1, 0x01, 0xf1,
    0x01, 0xf1, 0x01, 0xf1, 0x01, 0xf1, 0x01, 0xf1, 0x02, 0xf1, 0x01, 0xf1, 0x01, 0xf1, 0x01, 0xf1,
    0x01, 0xf1, 0x01, 0xf0, 0x01, 0xf0, 0x01, 0xf1, 0x01, 0xf1, 0x01, 0xf1, 0x01, 0xf1, 0x01, 0xf1,
    0x01, 0xf1, 0x01, 0xf1, 0x01, 0xf1, 0x13, 0xf1, 0x46, 0xf2, 0x46, 0xf2, 0x13, 0xf1, 0x35, 0xf2,
    0x57, 0xf3, 0x12, 0xf1, 0x01, 0xf1, 0x01, 0xf1, 0x01, 0xf1, 0x01, 0xf1, 0x01, 0xf1, 0x01, 0xf1,
    0x01, 0xf1, 0x01, 0xf1, 0x01, 0xf1, 0x01, 0xf1, 0x01, 0xf1, 0x01, 0xf1, 0x01, 0xf1, 0x01, 0xf1,
    0x01, 0xf1, 0x01, 0xf1, 0x01, 0xf1, 0x01, 0xf1, 0x01, 0xf1, 0x01, 0xf1, 0x01, 0xf1, 0x01, 0xf1,
    0x01, 0xf1, 0x01, 0xf1, 0x01, 0xf1, 0x01, 0xf1, 0x02, 0xf1, 0x02, 0xf1, 0x01, 0xf1, 0x02, 0xf1,
    0x01, 0xf1, 0x01, 0xf1, 0x02, 0xf1, 0x01, 0xf1, 0x01, 0xf1, 0x01, 0xf1, 0x01, 0xf1, 0x01, 0xf1,
    0x01, 0xf1, 0x01, 0xf1, 0x01, 0xf1, 0x01, 0xf1, 0x01, 0xf1, 0x01, 0xf1, 0x01, 0xf1, 0x01, 0xf1,
    0x01, 0xf1, 0x01, 0xf1, 0x01, 0xf1, 0x01, 0xf1, 0x02, 0xf1, 0x02, 0xf1, 0x01, 0xf1, 0x01, 0xf1,
    0x01, 0xf1, 0x01, 0xf1, 0x01, 0xf1, 0x01, 0xf1, 0x01, 0xf1, 0x01, 0xf1, 0x01, 0xf1, 0x01, 0xf1,
    0x01, 0xf1, 0x01, 0xf1, 0x01, 0xf1, 0x01, 0xf1, 0x01, 0xf1, 0x01, 0xf1, 0x01, 0xf1, 0x01, 0xf1,
    0x01, 0xf1, 0x01, 0xf1, 0x01, 0xf1, 0x01, 0xf1, 0x01, 0xf1, 0x01, 0xf1, 0x01, 0xf1, 0x01, 0xf1,
    0x01, 0xf1, 0x01, 0xf1, 0x01, 0xf1, 0x01, 0xf1, 0x01, 0xf1, 0x01, 0xf1, 0x01, 0xf1, 0x01, 0xf1,
    0x01, 0xf1, 0x01, 0xf1, 0x01, 0xf1, 0x01, 0xf1, 0x01, 0xf0, 0x01, 0xf0, 0x01, 0xf1, 0x01, 0xf0,
    0x01, 0xf0, 0x01, 0xf0, 0x01, 0xf0, 0x01, 0xf0, 0x01, 0xf0, 0x01, 0xf0, 0x01, 0xf0, 0x01, 0xf0,
    0x01, 0xf0, 0x01, 0xf0, 0x01, 0xf0, 0x01, 0xf0, 0x01, 0xf0, 0x01, 0xf0, 0x01, 0xf0, 0x01, 0xf0,
    0x01, 0xf0, 0x01, 0xf0, 0x01, 0xf0, 0x01, 0xf0, 0x01, 0xf0, 0x01, 0xf0, 0x01, 0xf0, 0x01, 0xf0,
    0x01, 0xf0, 0x01, 0xf0, 0x01, 0xf0, 0x01, 0xf0, 0x01, 0xf0, 0x01, 0xf0, 0x01, 0xf1, 0x01, 0xf1,
    0x01, 0xf0, 0x01, 0xf1, 0x01, 0xf1, 0x01, 0xf1, 0x01, 0xf1, 0x01, 0xf1, 0x01, 0xf1, 0x01, 0xf1,
    0x01, 0xf1, 0x01, 0xf1, 0x01, 0xf1, 0x01, 0xf1, 0x01, 0xf1, 0x01, 0xf1, 0x01, 0xf1, 0x01, 0xf1,
    0x01, 0xf1, 0x01, 0xf1, 0x02, 0xf1, 0x01, 0xf1, 0x01, 0xf1, 0x01, 0xf1, 0x01, 0xf1, 0x01, 0xf1,
    0x01, 0xf1, 0x01, 0xf1, 0x01, 0xf1, 0x01, 0xf1, 0x01, 0xf1, 0x01, 0xf1, 0x01, 0xf1, 0x01, 0xf1,
    0x23, 0xf2, 0x12, 0xf1, 0x01, 0xf0, 0x01, 0xf0, 0x01, 0xf1, 0x01, 0xf1, 0x01, 0xf1, 0x02, 0xf1,
    0x13, 0xf1, 0x35, 0xf2, 0x25, 0xf2, 0x02, 0xf1, 0x01, 0xf1, 0x01, 0xf1, 0x01, 0xf1, 0x01, 0xf1,
    0x01, 0xf1, 0x01, 0xf1, 0x01, 0xf1, 0x01, 0xf1, 0x01, 0xf1, 0x01, 0xf1, 0x01, 0xf1, 0x01, 0xf1,
    0x01, 0xf1, 0x01, 0xf1, 0x02, 0xf1, 0x01, 0xf1, 0x02, 0xf1, 0x24, 0xf2, 0x02, 0xf1, 0x24, 0xf2,
    0x47, 0xf2, 0x25, 0xf2, 0x02, 0xf1, 0x01, 0xf1, 0x01, 0xf1, 0x01, 0xf1, 0x01, 0xf1, 0x01, 0xf1,
    0x01, 0xf1, 0x01, 0xf1, 0x01, 0xf1, 0x01, 0xf1, 0x01, 0xf1, 0x01, 0xf1, 0x01, 0xf1, 0x01, 0xf1,
    0x01, 0xf1, 0x01, 0xf1, 0x01, 0xf1, 0x01, 0xf1, 0x01, 0xf1, 0x01, 0xf1, 0x01, 0xf1, 0x01, 0xf1,
    0x01, 0xf1, 0x01, 0xf0, 0x01, 0xf0, 0x12, 0xf1, 0x24, 0xf2, 0x01, 0xf1, 0x01, 0xf1, 0x01, 0xf1,
    0x01, 0xf0, 0x01, 0xf1, 0x01, 0xf1, 0x01, 0xf0, 0x01, 0xf1, 0x01, 0xf1, 0x01, 0xf1, 0x01, 0xf1,
    0x01, 0xf1, 0x01, 0xf1, 0x01, 0xf1, 0x01, 0xf1, 0x02, 0xf1, 0x02, 0xf1, 0x02, 0xf1, 0x02, 0xf1,
    0x02, 0xf1, 0x02, 0xf1, 0x01, 0xf1, 0x01, 0xf1, 0x01, 0xf1, 0x01, 0xf1, 0x01, 0xf1, 0x01, 0xf1,
    0x01, 0xf1, 0x01, 0xf1, 0x01, 0xf1, 0x01, 0xf1, 0x01, 0xf1, 0x01, 0xf1, 0x01, 0xf1, 0x01, 0xf1,
    0x01, 0xf1, 0x01, 0xf1, 0x01, 0xf1, 0x01, 0xf1, 0x01, 0xf1, 0x02, 0xf1, 0x01, 0xf1, 0x01, 0xf1,
    0x01, 0xf1, 0x01, 0xf1, 0x01, 0xf1, 0x01, 0xf1, 0x02, 0xf1, 0x01, 0xf1, 0x01, 0xf1, 0x01, 0xf1,
    0x01, 0xf1, 0x01, 0xf1, 0x01, 0xf1, 0x01, 0xf1, 0x01, 0xf1, 0x01, 0xf1, 0x02, 0xf1, 0x02, 0xf1,
    0x01, 0xf1, 0x01, 0xf1, 0x01, 0xf1, 0x01, 0xf1, 0x01, 0xf1, 0x01, 0xf1, 0x01, 0xf1, 0x01, 0xf1,
    0x01, 0xf1, 0x01, 0xf1, 0x01, 0xf1, 0x01, 0xf1, 0x01, 0xf1, 0x01, 0xf1, 0x01, 0xf1, 0x01, 0xf1,
    0x01, 0xf1, 0x01, 0xf1, 0x01, 0xf1, 0x01, 0xf1, 0x01, 0xf1, 0x01, 0xf1, 0x01, 0xf1, 0x01, 0xf1,
    0x01, 0xf1, 0x01, 0xf1, 0x01, 0xf1, 0x01, 0xf1, 0x01, 0xf1, 0x01, 0xf1, 0x01, 0xf1, 0x01, 0xf1,
    0x01, 0xf1, 0x01, 0xf1, 0x01, 0xf1, 0x01, 0xf1, 0x01, 0xf1, 0x01, 0xf1, 0x01, 0xf1, 0x01, 0xf1,
    0x01, 0xf1, 0x01, 0xf1, 0x01, 0xf1, 0x01, 0xf1, 0x01, 0xf1, 0x01, 0xf1, 0x01, 0xf1, 0x01, 0xf1,
    0x01, 0xf1, 0x01, 0xf1, 0x01, 0xf1, 0x01, 0xf1, 0x01, 0xf0, 0x01, 0xf0, 0x01, 0xf1, 0x01, 0xf0,
    0x01, 0xf1, 0x01, 0xf0, 0x01, 0xf0, 0x01, 0xf0, 0x01, 0xf0, 0x01, 0xf0, 0x01, 0xf0, 0x01, 0xf0,
    0x01, 0xf0, 0x01, 0xf0, 0x01, 0xf0, 0x00, 0xf0, 0x01, 0xf0, 0x01, 0xf0, 0x01, 0xf0, 0x01, 0xf0,
    0x01, 0xf0, 0x01, 0xf1, 0x01, 0xf0, 0x01, 0xf0, 0x01, 0xf0, 0x01, 0xf0, 0x01, 0xf0, 0x01, 0xf0,
    0x01, 0xf0, 0x01, 0xf0, 0x01, 0xf0, 0x01, 0xf0, 0x01, 0xf1, 0x01, 0xf1, 0x01, 0xf1, 0x01, 0xf1,
    0x01, 0xf1, 0x01, 0xf0, 0x01, 0xf0, 0x01, 0xf0, 0x01, 0xf1, 0x01, 0xf1, 0x01, 0xf1, 0x01, 0xf1,
    0x01, 0xf1, 0x01, 0xf1, 0x01, 0xf1, 0x01, 0xf1, 0x01, 0xf1, 0x01, 0xf1, 0x01, 0xf1, 0x01, 0xf1,
    0x01, 0xf1, 0x01, 0xf1, 0x01, 0xf1, 0x01, 0xf1, 0x01, 0xf1, 0x01, 0xf1, 0x01, 0xf1, 0x01, 0xf1,
    0x01, 0xf1, 0x01, 0xf1, 0x01, 0xf1, 0x02, 0xf1, 0x01, 0xf1, 0x01, 0xf1, 0x01, 0xf1, 0x01, 0xf1,
    0x23, 0xf2, 0x12, 0xf1, 0x01, 0xf0, 0x01, 0xf1, 0x01, 0xf1, 0x01, 0xf1, 0x01, 0xf1, 0x02, 0xf1,
    0x36, 0xf2, 0xbd, 0xf7, 0x8b, 0xf4, 0x24, 0xf2, 0x02, 0xf1, 0x02, 0xf1, 0x01, 0xf1, 0x01, 0xf1,
    0x01, 0xf0, 0x01, 0xf1, 0x01, 0xf1, 0x01, 0xf1, 0x01, 0xf1, 0x01, 0xf1, 0x01, 0xf1, 0x01, 0xf1,
    0x02, 0xf1, 0x01, 0xf1, 0x01, 0xf1, 0x01, 0xf1, 0x12, 0xf1, 0x24, 0xf2, 0x02, 0xf1, 0x02, 0xf1,
    0x02, 0xf1, 0x02, 0xf1, 0x02, 0xf1, 0x01, 0xf1, 0x01, 0xf1, 0x01, 0xf1, 0x01, 0xf1, 0x01, 0xf1,
    0x01, 0xf1, 0x01, 0xf1, 0x01, 0xf1, 0x01, 0xf1, 0x01, 0xf1, 0x01, 0xf1, 0x01, 0xf1, 0x01, 0xf1,
    0x01, 0xf1, 0x01, 0xf1, 0x01, 0xf1, 0x01, 0xf1, 0x01, 0xf1, 0x01, 0xf1, 0x01, 0xf1, 0x01, 0xf1,
    0x01, 0xf1, 0x01, 0xf0, 0x01, 0xf0, 0x02, 0xf1, 0x02, 0xf1, 0x01, 0xf1, 0x01, 0xf0, 0x01, 0xf1,
    0x01, 0xf1, 0x01, 0xf1, 0x01, 0xf1, 0x01, 0xf1, 0x01, 0xf0, 0x01, 0xf1, 0x01, 0xf1, 0x01, 0xf1,
    0x01, 0xf1, 0x01, 0xf1, 0x01, 0xf1, 0x01, 0xf1, 0x01, 0xf1, 0x01, 0xf1, 0x01, 0xf1, 0x01, 0xf1,
    0x01, 0xf1, 0x01, 0xf1, 0x01, 0xf1, 0x01, 0xf1, 0x01, 0xf1, 0x01, 0xf1, 0x01, 0xf1, 0x01, 0xf1,
    0x01, 0xf1, 0x01, 0xf1, 0x01, 0xf1, 0x01, 0xf1, 0x01, 0xf1, 0x01, 0xf1, 0x01, 0xf1, 0x01, 0xf1,
    0x01, 0xf1, 0x01, 0xf1, 0x01, 0xf1, 0x01, 0xf1, 0x01, 0xf1, 0x02, 0xf1, 0x01, 0xf1, 0x01, 0xf1,
    0x01, 0xf1, 0x01, 0xf1, 0x01, 0xf1, 0x01, 0xf1, 0x01, 0xf1, 0x01, 0xf1, 0x02, 0xf1, 0x02, 0xf1,
    0x01, 0xf1, 0x01, 0xf1, 0x02, 0xf1, 0x02, 0xf1, 0x02, 0xf1, 0x01, 0xf1, 0x02, 0xf1, 0x02, 0xf1,
    0x01, 0xf1, 0x01, 0xf1, 0x01, 0xf1, 0x01, 0xf1, 0x01, 0xf1, 0x01, 0xf1, 0x01, 0xf1, 0x02, 0xf1,
    0x01, 0xf1, 0x01, 0xf1, 0x01, 0xf1, 0x02, 0xf1, 0x01, 0xf1, 0x01, 0xf1, 0x01, 0xf1, 0x01, 0xf1,
    0x01, 0xf1, 0x01, 0xf1, 0x02, 0xf1, 0x01, 0xf1, 0x01, 0xf1, 0x01, 0xf1, 0x01, 0xf1, 0x01, 0xf1,
    0x01, 0xf1, 0x01, 0xf1, 0x01, 0xf1, 0x02, 0xf1, 0x02, 0xf1, 0x01, 0xf1, 0x01, 0xf1, 0x01, 0xf1,
    0x01, 0xf1, 0x01, 0xf1, 0x01, 0xf1, 0x01, 0xf1, 0x01, 0xf1, 0x01, 0xf1, 0x01, 0xf1, 0x01, 0xf1,
    0x01, 0xf1, 0x01, 0xf1, 0x01, 0xf1, 0x01, 0xf1, 0x01, 0xf1, 0x01, 0xf1, 0x01, 0xf1, 0x01, 0xf1,
    0x01, 0xf1, 0x01, 0xf1, 0x01, 0xf1, 0x01, 0xf1, 0x01, 0xf0, 0x01, 0xf0, 0x01, 0xf0, 0x01, 0xf0,
    0x01, 0xf0, 0x01, 0xf0, 0x01, 0xf0, 0x01, 0xf0, 0x01, 0xf0, 0x01, 0xf0, 0x01, 0xf0, 0x01, 0xf0,
    0x01, 0xf0, 0x01, 0xf0, 0x01, 0xf0, 0x01, 0xf0, 0x01, 0xf0, 0x01, 0xf0, 0x01, 0xf0, 0x01, 0xf0,
    0x01, 0xf0, 0x01, 0xf0, 0x01, 0xf0, 0x01, 0xf0, 0x01, 0xf0, 0x01, 0xf0, 0x01, 0xf0, 0x01, 0xf0,
    0x01, 0xf0, 0x01, 0xf1, 0x01, 0xf1, 0x01, 0xf1, 0x01, 0xf1, 0x01, 0xf1, 0x01, 0xf0, 0x01, 0xf1,
    0x01, 0xf1, 0x01, 0xf1, 0x01, 0xf0, 0x01, 0xf0, 0x01, 0xf0, 0x01, 0xf0, 0x01, 0xf1, 0x01, 0xf1,
    0x01, 0xf1, 0x01, 0xf1, 0x01, 0xf1, 0x01, 0xf1, 0x01, 0xf1, 0x01, 0xf1, 0x01, 0xf1, 0x01, 0xf1,
    0x01, 0xf1, 0x01, 0xf1, 0x01, 0xf1, 0x01, 0xf1, 0x01, 0xf1, 0x01, 0xf1, 0x01, 0xf1, 0x01, 0xf1,
    0x01, 0xf1, 0x01, 0xf1, 0x01, 0xf1, 0x01, 0xf1, 0x01, 0xf1, 0x01, 0xf1, 0x01, 0xf1, 0x01, 0xf1,
    0x01, 0xf1, 0x01, 0xf1, 0x01, 0xf1, 0x01, 0xf1, 0x01, 0xf1, 0x01, 0xf1, 0x01, 0xf1, 0x02, 0xf1,
    0x35, 0xf2, 0x9b, 0xf5, 0x69, 0xf3, 0x24, 0xf2, 0x02, 0xf1, 0x02, 0xf1, 0x02, 0xf1, 0x01, 0xf1,
    0x01, 0xf1, 0x01, 0xf1, 0x01, 0xf1, 0x12, 0xf1, 0x23, 0xf1, 0x01, 0xf1, 0x01, 0xf1, 0x01, 0xf1,
    0x02, 0xf1, 0x01, 0xf1, 0x01, 0xf1, 0x01, 0xf1, 0x01, 0xf1, 0x01, 0xf1, 0x01, 0xf1, 0x01, 0xf1,
    0x01, 0xf1, 0x01, 0xf1, 0x01, 0xf1, 0x01, 0xf1, 0x01, 0xf1, 0x01, 0xf1, 0x01, 0xf1, 0x01, 0xf1,
    0x13, 0xf1, 0x01, 0xf1, 0x01, 0xf0, 0x01, 0xf1, 0x01, 0xf1, 0x01, 0xf1, 0x01, 0xf1, 0x01, 0xf1,
    0x01, 0xf1, 0x01, 0xf1, 0x01, 0xf1, 0x01, 0xf1, 0x01, 0xf1, 0x01, 0xf1, 0x01, 0xf1, 0x01, 0xf1,
    0x01, 0xf1, 0x01, 0xf1, 0x01, 0xf1, 0x01, 0xf0, 0x01, 0xf0, 0x01, 0xf1, 0x01, 0xf0, 0x01, 0xf1,
    0x01, 0xf1, 0x01, 0xf1, 0x01, 0xf1, 0x01, 0xf1, 0x01, 0xf0, 0x01, 0xf0, 0x01, 0xf1, 0x01, 0xf1,
    0x01, 0xf1, 0x01, 0xf1, 0x01, 0xf0, 0x01, 0xf1, 0x01, 0xf1, 0x01, 0xf1, 0x01, 0xf1, 0x01, 0xf1,
    0x01, 0xf1, 0x01, 0xf1, 0x01, 0xf1, 0x01, 0xf1, 0x01, 0xf1, 0x01, 0xf1, 0x01, 0xf1, 0x01, 0xf1,
    0x01, 0xf1, 0x01, 0xf1, 0x01, 0xf1, 0x01, 0xf1, 0x01, 0xf1, 0x01, 0xf1, 0x01, 0xf1, 0x01, 0xf1,
    0x01, 0xf1, 0x01, 0xf1, 0x01, 0xf1, 0x01, 0xf1, 0x01, 0xf1, 0x01, 0xf0, 0x01, 0xf0, 0x01, 0xf1,
    0x01, 0xf1, 0x01, 0xf1, 0x01, 0xf1, 0x01, 0xf1, 0x01, 0xf1, 0x01, 0xf1, 0x02, 0xf1, 0x02, 0xf1,
    0x01, 0xf1, 0x01, 0xf1, 0x01, 0xf1, 0x02, 0xf1, 0x02, 0xf1, 0x01, 0xf1, 0x01, 0xf1, 0x01, 0xf1,
    0x01, 0xf1, 0x01, 0xf1, 0x01, 0xf1, 0x01, 0xf1, 0x01, 0xf1, 0x01, 0xf1, 0x01, 0xf1, 0x01, 0xf1,
    0x01, 0xf1, 0x01, 0xf1, 0x01, 0xf1, 0x01, 0xf1, 0x01, 0xf1, 0x01, 0xf1, 0x01, 0xf1, 0x01, 0xf1,
    0x01, 0xf1, 0x01, 0xf1, 0x02, 0xf1, 0x01, 0xf1, 0x01, 0xf1, 0x01, 0xf1, 0x01, 0xf1, 0x01, 0xf1,
    0x02, 0xf1, 0x01, 0xf1, 0x01, 0xf1, 0x01, 0xf1, 0x01, 0xf1, 0x01, 0xf1, 0x01, 0xf1, 0x02, 0xf1,
    0x01, 0xf1, 0x01, 0xf1, 0x01, 0xf1, 0x01, 0xf1, 0x01, 0xf1, 0x01, 0xf1, 0x01, 0xf1, 0x01, 0xf1,
    0x01, 0xf1, 0x01, 0xf1, 0x01, 0xf1, 0x01, 0xf1, 0x01, 0xf1, 0x01, 0xf1, 0x01, 0xf1, 0x01, 0xf1,
    0x01, 0xf1, 0x01, 0xf1, 0x01, 0xf1, 0x01, 0xf1, 0x01, 0xf1, 0x01, 0xf1, 0x01, 0xf0, 0x01, 0xf0,
    0x01, 0xf0, 0x01, 0xf0, 0x01, 0xf0, 0x01, 0xf0, 0x01, 0xf0, 0x01, 0xf0, 0x01, 0xf0, 0x01, 0xf0,
    0x01, 0xf0, 0x01, 0xf0, 0x01, 0xf0, 0x01, 0xf0, 0x01, 0xf0, 0x01, 0xf0, 0x01, 0xf0, 0x01, 0xf0,
    0x01, 0xf0, 0x01, 0xf0, 0x01, 0xf0, 0x01, 0xf0, 0x01, 0xf0, 0x01, 0xf0, 0x01, 0xf0, 0x01, 0xf0,
    0x01, 0xf1, 0x01, 0xf1, 0x01, 0xf1, 0x01, 0xf1, 0x01, 0xf1, 0x01, 0xf1, 0x01, 0xf1, 0x01, 0xf1,
    0x01, 0xf1, 0x01, 0xf1, 0x01, 0xf1, 0x01, 0xf1, 0x01, 0xf1, 0x01, 0xf1, 0x01, 0xf1, 0x01, 0xf0,
    0x01, 0xf1, 0x01, 0xf1, 0x01, 0xf1, 0x01, 0xf1, 0x01, 0xf1, 0x01, 0xf1, 0x01, 0xf1, 0x01, 0xf0,
    0x01, 0xf1, 0x01, 0xf1, 0x01, 0xf1, 0x01, 0xf1, 0x01, 0xf1, 0x01, 0xf1, 0x01, 0xf1, 0x01, 0xf1,
    0x01, 0xf1, 0x01, 0xf1, 0x01, 0xf1, 0x01, 0xf1, 0x01, 0xf1, 0x01, 0xf1, 0x01, 0xf1, 0x01, 0xf1,
    0x01, 0xf1, 0x01, 0xf1, 0x01, 0xf1, 0x01, 0xf0, 0x01, 0xf0, 0x01, 0xf0, 0x01, 0xf0, 0x01, 0xf1,
    0x13, 0xf1, 0x23, 0xf2, 0x13, 0xf1, 0x02, 0xf1, 0x01, 0xf1, 0x01, 0xf1, 0x01, 0xf1, 0x01, 0xf1,
    0x01, 0xf1, 0x01, 0xf1, 0x02, 0xf1, 0x24, 0xf2, 0x24, 0xf2, 0x01, 0xf1, 0x01, 0xf0, 0x01, 0xf1,
    0x01, 0xf0, 0x01, 0xf0, 0x01, 0xf1, 0x01, 0xf1, 0x01, 0xf1, 0x01, 0xf1, 0x01, 0xf1, 0x01, 0xf1,
    0x01, 0xf1, 0x01, 0xf1, 0x01, 0xf1, 0x01, 0xf1, 0x01, 0xf1, 0x01, 0xf1, 0x01, 0xf1, 0x01, 0xf1,
    0x01, 0xf1, 0x01, 0xf1, 0x01, 0xf1, 0x01, 0xf1, 0x01, 0xf1, 0x01, 0xf1, 0x01, 0xf1, 0x01, 0xf1,
    0x01, 0xf1, 0x01, 0xf1, 0x01, 0xf1, 0x01, 0xf1, 0x01, 0xf1, 0x01, 0xf1, 0x01, 0xf1, 0x01, 0xf1,
    0x01, 0xf1, 0x01, 0xf1, 0x01, 0xf0, 0x01, 0xf0, 0x01, 0xf0, 0x01, 0xf1, 0x01, 0xf0, 0x01, 0xf1,
    0x01, 0xf1, 0x01, 0xf1, 0x01, 0xf1, 0x01, 0xf1, 0x01, 0xf1, 0x01, 0xf0, 0x01, 0xf0, 0x01, 0xf0,
    0x01, 0xf1, 0x01, 0xf1, 0x01, 0xf1, 0x01, 0xf1, 0x01, 0xf1, 0x01, 0xf1, 0x01, 0xf1, 0x01, 0xf1,
    0x01, 0xf1, 0x01, 0xf1, 0x01, 0xf1, 0x01, 0xf1, 0x01, 0xf1, 0x01, 0xf1, 0x01, 0xf1, 0x01, 0xf1,
    0x01, 0xf1, 0x01, 0xf1, 0x01, 0xf0, 0x01, 0xf0, 0x01, 0xf1, 0x01, 0xf1, 0x01, 0xf1, 0x01, 0xf1,
    0x01, 0xf1, 0x01, 0xf1, 0x01, 0xf0, 0x01, 0xf1, 0x01, 0xf0, 0x01, 0xf0, 0x01, 0xf0, 0x01, 0xf1,
    0x01, 0xf0, 0x01, 0xf1, 0x01, 0xf1, 0x01, 0xf1, 0x01, 0xf1, 0x01, 0xf1, 0x01, 0xf1, 0x01, 0xf1,
    0x01, 0xf1, 0x01, 0xf1, 0x01, 0xf1, 0x01, 0xf1, 0x01, 0xf1, 0x01, 0xf1, 0x01, 0xf1, 0x01, 0xf1,
    0x01, 0xf1, 0x01, 0xf1, 0x01, 0xf1, 0x01, 0xf1, 0x01, 0xf1, 0x01, 0xf1, 0x01, 0xf1, 0x01, 0xf1,
    0x01, 0xf1, 0x01, 0xf1, 0x01, 0xf1, 0x01, 0xf1, 0x01, 0xf1, 0x01, 0xf1, 0x01, 0xf1, 0x01, 0xf1,
    0x01, 0xf1, 0x01, 0xf1, 0x01, 0xf1, 0x01, 0xf1, 0x01, 0xf1, 0x01, 0xf1, 0x01, 0xf1, 0x01, 0xf1,
    0x02, 0xf1, 0x01, 0xf1, 0x01, 0xf1, 0x01, 0xf1, 0x02, 0xf1, 0x01, 0xf1, 0x01, 0xf1, 0x01, 0xf1,
    0x01, 0xf1, 0x01, 0xf1, 0x01, 0xf1, 0x01, 0xf1, 0x01, 0xf1, 0x02, 0xf1, 0x02, 0xf1, 0x01, 0xf1,
    0x01, 0xf1, 0x01, 0xf1, 0x01, 0xf1, 0x01, 0xf1, 0x01, 0xf1, 0x01, 0xf1, 0x01, 0xf1, 0x01, 0xf1,
    0x01, 0xf1, 0x01, 0xf1, 0x01, 0xf1, 0x01, 0xf1, 0x01, 0xf1, 0x01, 0xf1, 0x01, 0xf0, 0x01, 0xf0,
    0x01, 0xf0, 0x01, 0xf0, 0x01, 0xf0, 0x01, 0xf0, 0x01, 0xf0, 0x01, 0xf0, 0x01, 0xf0, 0x01, 0xf0,
    0x01, 0xf0, 0x01, 0xf0, 0x01, 0xf0, 0x01, 0xf0, 0x01, 0xf0, 0x01, 0xf0, 0x01, 0xf0, 0x01, 0xf0,
    0x01, 0xf0, 0x01, 0xf0, 0x01, 0xf0, 0x01, 0xf0, 0x01, 0xf0, 0x01, 0xf0, 0x01, 0xf0, 0x01, 0xf0,
    0x01, 0xf0, 0x01, 0xf0, 0x01, 0xf1, 0x01, 0xf1, 0x01, 0xf1, 0x01, 0xf1, 0x01, 0xf1, 0x01, 0xf1,
    0x01, 0xf1, 0x01, 0xf1, 0x01, 0xf1, 0x01, 0xf1, 0x01, 0xf1, 0x01, 0xf1, 0x01, 0xf1, 0x01, 0xf0,
    0x01, 0xf0, 0x01, 0xf1, 0x01, 0xf1, 0x01, 0xf1, 0x01, 0xf1, 0x01, 0xf1, 0x01, 0xf0, 0x01, 0xf1,
    0x01, 0xf1, 0x02, 0xf1, 0x01, 0xf1, 0x01, 0xf1, 0x01, 0xf1, 0x01, 0xf1, 0x01, 0xf1, 0x01, 0xf1,
    0x01, 0xf1, 0x01, 0xf1, 0x01, 0xf1, 0x01, 0xf1, 0x01, 0xf1, 0x01, 0xf1, 0x01, 0xf1, 0x01, 0xf1,
    0x01, 0xf1, 0x01, 0xf1, 0x01, 0xf1, 0x01, 0xf1, 0x01, 0xf1, 0x01, 0xf1, 0x01, 0xf1, 0x01, 0xf1,
    0x01, 0xf1, 0x01, 0xf1, 0x01, 0xf1, 0x01, 0xf1, 0x01, 0xf1, 0x01, 0xf1, 0x01, 0xf1, 0x01, 0xf1,
    0x01, 0xf1, 0x01, 0xf1, 0x02, 0xf1, 0x58, 0xf3, 0x68, 0xf3, 0x02, 0xf1, 0x01, 0xf0, 0x01, 0xf1,
    0x01, 0xf0, 0x01, 0xf1, 0x01, 0xf1, 0x01, 0xf1, 0x01, 0xf1, 0x01, 0xf1, 0x01, 0xf1, 0x01, 0xf1,
    0x01, 0xf1, 0x01, 0xf1, 0x01, 0xf1, 0x01, 0xf1, 0x01, 0xf1, 0x01, 0xf1, 0x01, 0xf1, 0x02, 0xf1,
    0x02, 0xf1, 0x02, 0xf1, 0x01, 0xf1, 0x01, 0xf0, 0x01, 0xf0, 0x01, 0xf1, 0x02, 0xf1, 0x01, 0xf1,
    0x01, 0xf0, 0x01, 0xf1, 0x01, 0xf1, 0x01, 0xf1, 0x01, 0xf1, 0x01, 0xf1, 0x01, 0xf1, 0x01, 0xf1,
    0x01, 0xf1, 0x01, 0xf0, 0x01, 0xf1, 0x01, 0xf1, 0x01, 0xf0, 0x01, 0xf0, 0x01, 0xf0, 0x01, 0xf1,
    0x01, 0xf1, 0x01, 0xf1, 0x01, 0xf1, 0x01, 0xf1, 0x01, 0xf0, 0x01, 0xf1, 0x01, 0xf1, 0x01, 0xf1,
    0x01, 0xf1, 0x01, 0xf1, 0x01, 0xf1, 0x01, 0xf1, 0x01, 0xf1, 0x01, 0xf1, 0x01, 0xf1, 0x01, 0xf1,
    0x01, 0xf1, 0x01, 0xf1, 0x01, 0xf1, 0x01, 0xf1, 0x01, 0xf1, 0x01, 0xf1, 0x01, 0xf1, 0x01, 0xf1,
    0x01, 0xf1, 0x01, 0xf1, 0x01, 0xf1, 0x01, 0xf0, 0x01, 0xf1, 0x01, 0xf1, 0x01, 0xf1, 0x01, 0xf1,
    0x01, 0xf1, 0x01, 0xf1, 0x01, 0xf0, 0x01, 0xf1, 0x01, 0xf0, 0x01, 0xf1, 0x01, 0xf1, 0x01, 0xf1,
    0x01, 0xf1, 0x01, 0xf1, 0x01, 0xf1, 0x01, 0xf1, 0x01, 0xf1, 0x01, 0xf1, 0x01, 0xf1, 0x01, 0xf1,
    0x01, 0xf1, 0x01, 0xf1, 0x01, 0xf1, 0x01, 0xf1, 0x01, 0xf1, 0x01, 0xf1, 0x01, 0xf1, 0x01, 0xf1,
    0x01, 0xf1, 0x01, 0xf1, 0x01, 0xf1, 0x01, 0xf1, 0x01, 0xf1, 0x01, 0xf1, 0x01, 0xf1, 0x01, 0xf1,
    0x01, 0xf1, 0x02, 0xf1, 0x01, 0xf1, 0x01, 0xf1, 0x01, 0xf1, 0x01, 0xf1, 0x01, 0xf1, 0x01, 0xf1,
    0x01, 0xf1, 0x01, 0xf1, 0x01, 0xf1, 0x01, 0xf1, 0x01, 0xf1, 0x01, 0xf1, 0x01, 0xf1, 0x01, 0xf1,
    0x01, 0xf0, 0x01, 0xf1, 0x01, 0xf1, 0x01, 0xf1, 0x01, 0xf1, 0x01, 0xf1, 0x01, 0xf1, 0x01, 0xf1,
    0x01, 0xf1, 0x01, 0xf1, 0x01, 0xf1, 0x01, 0xf1, 0x01, 0xf1, 0x02, 0xf1, 0x02, 0xf1, 0x01, 0xf1,
    0x01, 0xf1, 0x01, 0xf1, 0x01, 0xf1, 0x01, 0xf1, 0x01, 0xf1, 0x01, 0xf1, 0x01, 0xf0, 0x01, 0xf1,
    0x01, 0xf1, 0x01, 0xf1, 0x01, 0xf1, 0x01, 0xf1, 0x01, 0xf1, 0x01, 0xf0, 0x01, 0xf0, 0x01, 0xf0,
    0x01, 0xf0, 0x01, 0xf1, 0x01, 0xf1, 0x01, 0xf0, 0x01, 0xf0, 0x01, 0xf0, 0x01, 0xf0, 0x01, 0xf0,
    0x01, 0xf0, 0x01, 0xf0, 0x01, 0xf0, 0x01, 0xf0, 0x01, 0xf1, 0x01, 0xf0, 0x01, 0xf0, 0x01, 0xf0,
    0x01, 0xf0, 0x01, 0xf0, 0x01, 0xf0, 0x01, 0xf0, 0x01, 0xf0, 0x01, 0xf0, 0x01, 0xf1, 0x01, 0xf1,
    0x01, 0xf1, 0x01, 0xf1, 0x01, 0xf0, 0x01, 0xf1, 0x01, 0xf1, 0x01, 0xf1, 0x01, 0xf1, 0x01, 0xf1,
    0x01, 0xf1, 0x01, 0xf1, 0x01, 0xf1, 0x01, 0xf1, 0x01, 0xf1, 0x01, 0xf1, 0x01, 0xf1, 0x01, 0xf1,
    0x01, 0xf1, 0x01, 0xf1, 0x01, 0xf1, 0x01, 0xf1, 0x01, 0xf1, 0x01, 0xf1, 0x01, 0xf1, 0x01, 0xf1,
    0x01, 0xf1, 0x01, 0xf1, 0x01, 0xf1, 0x01, 0xf1, 0x01, 0xf1, 0x01, 0xf1, 0x01, 0xf1, 0x01, 0xf1,
    0x01, 0xf1, 0x01, 0xf1, 0x01, 0xf1, 0x01, 0xf1, 0x01, 0xf1, 0x01, 0xf1, 0x01, 0xf1, 0x01, 0xf1,
    0x01, 0xf1, 0x01, 0xf0, 0x01, 0xf1, 0x01, 0xf1, 0x01, 0xf1, 0x02, 0xf1, 0x01, 0xf1, 0x01, 0xf1,
    0x01, 0xf1, 0x01, 0xf1, 0x01, 0xf1, 0x01, 0xf1, 0x01, 0xf1, 0x01, 0xf1, 0x01, 0xf1, 0x01, 0xf1,
    0x01, 0xf1, 0x01, 0xf1, 0x01, 0xf1, 0x13, 0xf1, 0x13, 0xf1, 0x01, 0xf1, 0x01, 0xf1, 0x01, 0xf1,
    0x01, 0xf0, 0x01, 0xf1, 0x01, 0xf1, 0x01, 0xf1, 0x01, 0xf1, 0x01, 0xf1, 0x01, 0xf1, 0x01, 0xf0,
    0x01, 0xf1, 0x01, 0xf1, 0x01, 0xf1, 0x01, 0xf1, 0x01, 0xf1, 0x01, 0xf1, 0x01, 0xf1, 0x24, 0xf2,
    0x58, 0xf3, 0x13, 0xf1, 0x02, 0xf1, 0x01, 0xf1, 0x01, 0xf1, 0x01, 0xf1, 0x02, 0xf1, 0x01, 0xf1,
    0x01, 0xf0, 0x01, 0xf0, 0x01, 0xf1, 0x01, 0xf1, 0x01, 0xf1, 0x01, 0xf1, 0x01, 0xf1, 0x01, 0xf1,
    0x01, 0xf0, 0x01, 0xf0, 0x01, 0xf1, 0x01, 0xf1, 0x01, 0xf0, 0x01, 0xf0, 0x01, 0xf1, 0x01, 0xf1,
    0x01, 0xf1, 0x01, 0xf1, 0x01, 0xf0, 0x01, 0xf0, 0x01, 0xf0, 0x01, 0xf1, 0x01, 0xf1, 0x01, 0xf1,
    0x01, 0xf1, 0x01, 0xf1, 0x01, 0xf1, 0x01, 0xf1, 0x01, 0xf1, 0x01, 0xf1, 0x01, 0xf1, 0x01, 0xf1,
    0x01, 0xf1, 0x01, 0xf1, 0x01, 0xf1, 0x01, 0xf1, 0x01, 0xf1, 0x01, 0xf1, 0x01, 0xf1, 0x01, 0xf1,
    0x01, 0xf1, 0x01, 0xf1, 0x01, 0xf1, 0x01, 0xf1, 0x01, 0xf1, 0x01, 0xf1, 0x01, 0xf1, 0x01, 0xf1,
    0x01, 0xf1, 0x01, 0xf1, 0x01, 0xf1, 0x01, 0xf1, 0x01, 0xf1, 0x01, 0xf1, 0x01, 0xf1, 0x01, 0xf1,
    0x01, 0xf1, 0x01, 0xf1, 0x01, 0xf1, 0x01, 0xf1, 0x01, 0xf1, 0x01, 0xf1, 0x01, 0xf1, 0x01, 0xf1,
    0x01, 0xf1, 0x01, 0xf1, 0x01, 0xf1, 0x01, 0xf1, 0x01, 0xf1, 0x01, 0xf1, 0x01, 0xf1, 0x01, 0xf1,
    0x01, 0xf1, 0x01, 0xf1, 0x01, 0xf1, 0x01, 0xf1, 0x01, 0xf1, 0x01, 0xf1, 0x01, 0xf1, 0x01, 0xf1,
    0x01, 0xf1, 0x36, 0xf2, 0x24, 0xf2, 0x01, 0xf1, 0x01, 0xf1, 0x01, 0xf1, 0x01, 0xf1, 0x01, 0xf1,
    0x01, 0xf1, 0x01, 0xf1, 0x01, 0xf1, 0x01, 0xf1, 0x01, 0xf1, 0x01, 0xf1, 0x01, 0xf1, 0x01, 0xf1,
    0x01, 0xf1, 0x01, 0xf1, 0x01, 0xf1, 0x01, 0xf1, 0x01, 0xf0, 0x01, 0xf1, 0x01, 0xf1, 0x01, 0xf1,
    0x01, 0xf1, 0x01, 0xf1, 0x01, 0xf1, 0x01, 0xf1, 0x01, 0xf1, 0x01, 0xf1, 0x01, 0xf1, 0x01, 0xf1,
    0x01, 0xf1, 0x01, 0xf1, 0x01, 0xf1, 0x01, 0xf1, 0x01, 0xf1, 0x01, 0xf0, 0x01, 0xf1, 0x01, 0xf0,
    0x01, 0xf0, 0x01, 0xf1, 0x01, 0xf1, 0x01, 0xf0, 0x01, 0xf0, 0x01, 0xf0, 0x01, 0xf0, 0x01, 0xf0,
    0x01, 0xf0, 0x01, 0xf1, 0x01, 0xf1, 0x01, 0xf0, 0x01, 0xf0, 0x01, 0xf0, 0x01, 0xf0, 0x01, 0xf0,
    0x01, 0xf0, 0x01, 0xf0, 0x01, 0xf0, 0x01, 0xf0, 0x01, 0xf0, 0x01, 0xf0, 0x01, 0xf0, 0x01, 0xf0,
    0x01, 0xf0, 0x01, 0xf0, 0x01, 0xf0, 0x01, 0xf0, 0x01, 0xf0, 0x01, 0xf1, 0x01, 0xf0, 0x01, 0xf1,
    0x01, 0xf1, 0x01, 0xf1, 0x01, 0xf0, 0x01, 0xf1, 0x02, 0xf1, 0x01, 0xf1, 0x01, 0xf1, 0x01, 0xf1,
    0x01, 0xf1, 0x01, 0xf1, 0x01, 0xf1, 0x01, 0xf1, 0x01, 0xf1, 0x01, 0xf1, 0x01, 0xf1, 0x01, 0xf1,
    0x01, 0xf1, 0x01, 0xf1, 0x01, 0xf1, 0x01, 0xf1, 0x01, 0xf1, 0x01, 0xf1, 0x01, 0xf1, 0x01, 0xf1,
    0x01, 0xf1, 0x01, 0xf1, 0x01, 0xf1, 0x01, 0xf1, 0x01, 0xf1, 0x01, 0xf1, 0x01, 0xf1, 0x01, 0xf1,
    0x01, 0xf1, 0x01, 0xf1, 0x01, 0xf1, 0x01, 0xf1, 0x01, 0xf1, 0x01, 0xf1, 0x01, 0xf1, 0x01, 0xf1,
    0x01, 0xf1, 0x01, 0xf1, 0x01, 0xf1, 0x01, 0xf1, 0x02, 0xf1, 0x01, 0xf1, 0x01, 0xf1, 0x01, 0xf1,
    0x01, 0xf1, 0x01, 0xf1, 0x01, 0xf1, 0x01, 0xf1, 0x01, 0xf1, 0x01, 0xf1, 0x01, 0xf1, 0x01, 0xf1,
    0x01, 0xf1, 0x01, 0xf1, 0x01, 0xf1, 0x02, 0xf1, 0x02, 0xf1, 0x01, 0xf1, 0x01, 0xf1, 0x01, 0xf1,
    0x01, 0xf1, 0x01, 0xf1, 0x01, 0xf1, 0x01, 0xf1, 0x01, 0xf1, 0x01, 0xf1, 0x01, 0xf1, 0x01, 0xf1,
    0x01, 0xf1, 0x01, 0xf1, 0x01, 0xf1, 0x01, 0xf1, 0x01, 0xf1, 0x01, 0xf1, 0x01, 0xf1, 0x24, 0xf2,
    0x68, 0xf3, 0x13, 0xf1, 0x01, 0xf1, 0x01, 0xf0, 0x01, 0xf0, 0x01, 0xf1, 0x01, 0xf1, 0x01, 0xf1,
    0x01, 0xf1, 0x01, 0xf0, 0x01, 0xf0, 0x01, 0xf0, 0x01, 0xf0, 0x01, 0xf0, 0x01, 0xf1, 0x01, 0xf0,
    0x01, 0xf0, 0x01, 0xf0, 0x01, 0xf0, 0x01, 0xf0, 0x01, 0xf1, 0x01, 0xf1, 0x01, 0xf1, 0x01, 0xf1,
    0x01, 0xf1, 0x01, 0xf1, 0x01, 0xf1, 0x01, 0xf1, 0x01, 0xf1, 0x01, 0xf1, 0x01, 0xf1, 0x01, 0xf1,
    0x01, 0xf1, 0x01, 0xf1, 0x01, 0xf1, 0x01, 0xf1, 0x01, 0xf1, 0x01, 0xf1, 0x01, 0xf1, 0x01, 0xf1,
    0x01, 0xf1, 0x01, 0xf1, 0x01, 0xf1, 0x01, 0xf1, 0x01, 0xf1, 0x01, 0xf1, 0x01, 0xf1, 0x01, 0xf1,
    0x01, 0xf1, 0x01, 0xf1, 0x01, 0xf1, 0x01, 0xf1, 0x01, 0xf1, 0x01, 0xf1, 0x01, 0xf1, 0x01, 0xf1,
    0x01, 0xf1, 0x01, 0xf1, 0x01, 0xf1, 0x01, 0xf1, 0x01, 0xf1, 0x01, 0xf1, 0x01, 0xf1, 0x01, 0xf1,
    0x01, 0xf1, 0x01, 0xf1, 0x01, 0xf1, 0x01, 0xf1, 0x01, 0xf1, 0x01, 0xf1, 0x01, 0xf1, 0x01, 0xf1,
    0x01, 0xf1, 0x01, 0xf1, 0x01, 0xf1, 0x01, 0xf1, 0x01, 0xf1, 0x01, 0xf1, 0x01, 0xf1, 0x01, 0xf1,
    0x01, 0xf1, 0x01, 0xf1, 0x01, 0xf1, 0x01, 0xf1, 0x01, 0xf1, 0x01, 0xf1, 0x01, 0xf1, 0x01, 0xf0,
    0x01, 0xf1, 0x24, 0xf2, 0x13, 0xf1, 0x01, 0xf1, 0x01, 0xf1, 0x01, 0xf1, 0x01, 0xf1, 0x01, 0xf1,
    0x01, 0xf1, 0x01, 0xf1, 0x01, 0xf1, 0x01, 0xf1, 0x01, 0xf1, 0x01, 0xf1, 0x01, 0xf1, 0x01, 0xf1,
    0x01, 0xf1, 0x01, 0xf1, 0x01, 0xf1, 0x01, 0xf1, 0x01, 0xf0, 0x01, 0xf1, 0x01, 0xf1, 0x01, 0xf1,
    0x01, 0xf0, 0x01, 0xf0, 0x01, 0xf1, 0x01, 0xf1, 0x01, 0xf1, 0x02, 0xf1, 0x01, 0xf1, 0x01, 0xf1,
    0x01, 0xf1, 0x01, 0xf1, 0x02, 0xf1, 0x01, 0xf0, 0x01, 0xf0, 0x01, 0xf0, 0x01, 0xf0, 0x01, 0xf0,
    0x01, 0xf0, 0x01, 0xf1, 0x01, 0xf1, 0x01, 0xf1, 0x01, 0xf0, 0x01, 0xf0, 0x01, 0xf0, 0x01, 0xf0,
    0x01, 0xf0, 0x01, 0xf0, 0x01, 0xf0, 0x01, 0xf0, 0x01, 0xf0, 0x01, 0xf0, 0x01, 0xf0, 0x01, 0xf1,
    0x01, 0xf0, 0x01, 0xf0, 0x01, 0xf0, 0x01, 0xf0, 0x01, 0xf0, 0x01, 0xf0, 0x01, 0xf0, 0x01, 0xf0,
    0x01, 0xf0, 0x01, 0xf0, 0x01, 0xf1, 0x01, 0xf1, 0x01, 0xf0, 0x01, 0xf0, 0x01, 0xf0, 0x01, 0xf0,
    0x01, 0xf1, 0x01, 0xf1, 0x01, 0xf0, 0x01, 0xf0, 0x01, 0xf1, 0x01, 0xf1, 0x01, 0xf1, 0x01, 0xf1,
    0x01, 0xf1, 0x01, 0xf1, 0x01, 0xf1, 0x01, 0xf1, 0x01, 0xf1, 0x01, 0xf1, 0x01, 0xf1, 0x01, 0xf1,
    0x01, 0xf1, 0x01, 0xf1, 0x01, 0xf1, 0x01, 0xf1, 0x01, 0xf1, 0x01, 0xf1, 0x01, 0xf1, 0x01, 0xf1,
    0x01, 0xf1, 0x01, 0xf1, 0x01, 0xf1, 0x01, 0xf1, 0x01, 0xf1, 0x01, 0xf1, 0x01, 0xf1, 0x01, 0xf1,
    0x01, 0xf1, 0x01, 0xf1, 0x01, 0xf1, 0x01, 0xf1, 0x01, 0xf1, 0x01, 0xf1, 0x01, 0xf1, 0x01, 0xf1,
    0x01, 0xf1, 0x01, 0xf1, 0x02, 0xf1, 0x02, 0xf1, 0x01, 0xf1, 0x01, 0xf1, 0x01, 0xf1, 0x01, 0xf1,
    0x01, 0xf1, 0x01, 0xf1, 0x01, 0xf1, 0x01, 0xf1, 0x01, 0xf1, 0x01, 0xf1, 0x01, 0xf1, 0x01, 0xf1,
    0x01, 0xf1, 0x01, 0xf1, 0x01, 0xf1, 0x02, 0xf1, 0x12, 0xf1, 0x01, 0xf1, 0x01, 0xf1, 0x01, 0xf1,
    0x01, 0xf1, 0x01, 0xf1, 0x01, 0xf1, 0x01, 0xf1, 0x01, 0xf1, 0x01, 0xf1, 0x01, 0xf1, 0x01, 0xf1,
    0x01, 0xf1, 0x01, 0xf1, 0x01, 0xf1, 0x01, 0xf1, 0x01, 0xf1, 0x01, 0xf1, 0x01, 0xf1, 0x02, 0xf1,
    0x02, 0xf1, 0x02, 0xf1, 0x01, 0xf1, 0x01, 0xf1, 0x01, 0xf0, 0x01, 0xf0, 0x01, 0xf1, 0x01, 0xf1,
    0x01, 0xf0, 0x01, 0xf1, 0x01, 0xf1, 0x01, 0xf0, 0x01, 0xf0, 0x01, 0xf0, 0x01, 0xf0, 0x01, 0xf0,
    0x01, 0xf0, 0x01, 0xf0, 0x01, 0xf0, 0x01, 0xf1, 0x01, 0xf1, 0x01, 0xf1, 0x01, 0xf1, 0x01, 0xf1,
    0x01, 0xf1, 0x01, 0xf1, 0x01, 0xf1, 0x01, 0xf1, 0x01, 0xf1, 0x01, 0xf1, 0x01, 0xf1, 0x01, 0xf1,
    0x01, 0xf1, 0x01, 0xf1, 0x01, 0xf1, 0x01, 0xf1, 0x01, 0xf1, 0x01, 0xf1, 0x01, 0xf1, 0x01, 0xf1,
    0x01, 0xf1, 0x01, 0xf1, 0x01, 0xf1, 0x01, 0xf1, 0x01, 0xf1, 0x01, 0xf1, 0x01, 0xf1, 0x01, 0xf1,
    0x01, 0xf1, 0x01, 0xf1, 0x01, 0xf1, 0x01, 0xf1, 0x01, 0xf1, 0x01, 0xf1, 0x01, 0xf1, 0x01, 0xf1,
    0x01, 0xf1, 0x01, 0xf1, 0x01, 0xf1, 0x01, 0xf1, 0x01, 0xf1, 0x01, 0xf1, 0x01, 0xf1, 0x01, 0xf1,
    0x01, 0xf1, 0x01, 0xf1, 0x01, 0xf1, 0x01, 0xf1, 0x01, 0xf1, 0x01, 0xf1, 0x01, 0xf1, 0x01, 0xf1,
    0x01, 0xf1, 0x01, 0xf1, 0x01, 0xf1, 0x01, 0xf1, 0x01, 0xf1, 0x01, 0xf1, 0x01, 0xf1, 0x01, 0xf1,
    0x01, 0xf1, 0x01, 0xf1, 0x01, 0xf1, 0x01, 0xf1, 0x01, 0xf1, 0x01, 0xf1, 0x01, 0xf1, 0x01, 0xf1,
    0x01, 0xf1, 0x01, 0xf1, 0x01, 0xf1, 0x01, 0xf1, 0x01, 0xf0, 0x01, 0xf1, 0x01, 0xf1, 0x01, 0xf1,
    0x01, 0xf1, 0x01, 0xf1, 0x01, 0xf1, 0x01, 0xf1, 0x01, 0xf1, 0x01, 0xf1, 0x01, 0xf1, 0x01, 0xf1,
    0x01, 0xf1, 0x01, 0xf1, 0x01, 0xf1, 0x01, 0xf1, 0x01, 0xf1, 0x01, 0xf1, 0x01, 0xf1, 0x01, 0xf0,
    0x01, 0xf1, 0x01, 0xf1, 0x01, 0xf1, 0x01, 0xf1, 0x01, 0xf1, 0x02, 0xf1, 0x02, 0xf1, 0x01, 0xf1,
    0x01, 0xf1, 0x01, 0xf0, 0x01, 0xf0, 0x01, 0xf0, 0x01, 0xf0, 0x01, 0xf0, 0x01, 0xf0, 0x01, 0xf1,
    0x01, 0xf0, 0x01, 0xf0, 0x01, 0xf0, 0x01, 0xf0, 0x01, 0xf0, 0x01, 0xf0, 0x01, 0xf0, 0x01, 0xf1,
    0x01, 0xf1, 0x00, 0xf0, 0x01, 0xf0, 0x01, 0xf1, 0x01, 0xf1, 0x01, 0xf0, 0x01, 0xf0, 0x01, 0xf0,
    0x01, 0xf0, 0x01, 0xf0, 0x01, 0xf0, 0x01, 0xf0, 0x01, 0xf0, 0x01, 0xf0, 0x01, 0xf0, 0x01, 0xf0,
    0x01, 0xf0, 0x01, 0xf0, 0x01, 0xf1, 0x01, 0xf0, 0x01, 0xf0, 0x01, 0xf0, 0x01, 0xf0, 0x01, 0xf0,
    0x01, 0xf1, 0x01, 0xf1, 0x01, 0xf0, 0x01, 0xf0, 0x01, 0xf1, 0x01, 0xf1, 0x01, 0xf1, 0x01, 0xf1,
    0x01, 0xf1, 0x01, 0xf1, 0x01, 0xf1, 0x01, 0xf1, 0x01, 0xf1, 0x01, 0xf1, 0x01, 0xf1, 0x01, 0xf1,
    0x01, 0xf1, 0x01, 0xf1, 0x01, 0xf1, 0x01, 0xf1, 0x01, 0xf1, 0x01, 0xf1, 0x01, 0xf1, 0x01, 0xf1,
    0x01, 0xf1, 0x01, 0xf1, 0x01, 0xf1, 0x01, 0xf1, 0x01, 0xf1, 0x01, 0xf1, 0x01, 0xf1, 0x01, 0xf1,
    0x01, 0xf1, 0x01, 0xf1, 0x01, 0xf1, 0x01, 0xf1, 0x01, 0xf1, 0x01, 0xf1, 0x01, 0xf1, 0x01, 0xf1,
    0x01, 0xf1, 0x01, 0xf1, 0x01, 0xf1, 0x01, 0xf1, 0x01, 0xf1, 0x01, 0xf1, 0x01, 0xf1, 0x01, 0xf1,
    0x01, 0xf1, 0x01, 0xf1, 0x01, 0xf1, 0x01, 0xf1, 0x01, 0xf1, 0x01, 0xf1, 0x01, 0xf1, 0x01, 0xf1,
    0x01, 0xf1, 0x01, 0xf1, 0x01, 0xf1, 0x02, 0xf1, 0x01, 0xf1, 0x01, 0xf1, 0x01, 0xf1, 0x01, 0xf1,
    0x01, 0xf1, 0x01, 0xf1, 0x01, 0xf1, 0x01, 0xf1, 0x01, 0xf1, 0x01, 0xf1, 0x01, 0xf1, 0x01, 0xf1,
    0x01, 0xf1, 0x01, 0xf1, 0x01, 0xf1, 0x01, 0xf1, 0x01, 0xf1, 0x01, 0xf1, 0x01, 0xf1, 0x01, 0xf1,
    0x01, 0xf1, 0x01, 0xf1, 0x01, 0xf1, 0x01, 0xf1, 0x01, 0xf0, 0x01, 0xf0, 0x01, 0xf0, 0x01, 0xf0,
    0x01, 0xf0, 0x01, 0xf1, 0x01, 0xf1, 0x01, 0xf1, 0x01, 0xf1, 0x01, 0xf1, 0x01, 0xf0, 0x01, 0xf0,
    0x01, 0xf0, 0x01, 0xf0, 0x01, 0xf1, 0x01, 0xf1, 0x01, 0xf1, 0x01, 0xf1, 0x02, 0xf1, 0x01, 0xf1,
    0x01, 0xf1, 0x01, 0xf1, 0x01, 0xf1, 0x01, 0xf1, 0x01, 0xf1, 0x01, 0xf1, 0x01, 0xf1, 0x01, 0xf1,
    0x01, 0xf1, 0x01, 0xf1, 0x01, 0xf1, 0x01, 0xf1, 0x01, 0xf1, 0x01, 0xf1, 0x01, 0xf1, 0x02, 0xf1,
    0x01, 0xf1, 0x02, 0xf1, 0x01, 0xf1, 0x01, 0xf1, 0x01, 0xf1, 0x01, 0xf1, 0x01, 0xf1, 0x01, 0xf1,
    0x01, 0xf1, 0x01, 0xf1, 0x01, 0xf0, 0x01, 0xf0, 0x01, 0xf1, 0x01, 0xf1, 0x01, 0xf1, 0x01, 0xf1,
    0x01, 0xf1, 0x01, 0xf1, 0x01, 0xf1, 0x01, 0xf1, 0x01, 0xf1, 0x01, 0xf1, 0x01, 0xf1, 0x01, 0xf0,
    0x01, 0xf0, 0x01, 0xf1, 0x01, 0xf1, 0x01, 0xf1, 0x01, 0xf1, 0x01, 0xf1, 0x01, 0xf1, 0x01, 0xf1,
    0x01, 0xf1, 0x01, 0xf1, 0x01, 0xf1, 0x01, 0xf1, 0x01, 0xf1, 0x01, 0xf1, 0x01, 0xf1, 0x01, 0xf1,
    0x01, 0xf1, 0x01, 0xf1, 0x01, 0xf1, 0x01, 0xf1, 0x01, 0xf1, 0x01, 0xf1, 0x01, 0xf1, 0x01, 0xf1,
    0x01, 0xf1, 0x01, 0xf1, 0x01, 0xf1, 0x01, 0xf1, 0x01, 0xf1, 0x01, 0xf1, 0x01, 0xf0, 0x01, 0xf1,
    0x01, 0xf1, 0x01, 0xf1, 0x01, 0xf1, 0x01, 0xf1, 0x01, 0xf1, 0x01, 0xf0, 0x01, 0xf1, 0x01, 0xf1,
    0x01, 0xf1, 0x01, 0xf1, 0x01, 0xf1, 0x01, 0xf1, 0x01, 0xf1, 0x01, 0xf1, 0x01, 0xf1, 0x01, 0xf1,
    0x01, 0xf1, 0x01, 0xf1, 0x01, 0xf1, 0x01, 0xf1, 0x01, 0xf1, 0x01, 0xf1, 0x01, 0xf1, 0x01, 0xf1,
    0x01, 0xf1, 0x01, 0xf1, 0x01, 0xf0, 0x01, 0xf0, 0x01, 0xf0, 0x01, 0xf0, 0x01, 0xf0, 0x01, 0xf1,
    0x01, 0xf1, 0x01, 0xf0, 0x01, 0xf0, 0x01, 0xf0, 0x01, 0xf0, 0x01, 0xf0, 0x01, 0xf0, 0x01, 0xf1,
    0x02, 0xf1, 0x01, 0xf0, 0x01, 0xf0, 0x01, 0xf0, 0x01, 0xf0, 0x01, 0xf1, 0x01, 0xf0, 0x01, 0xf0,
    0x01, 0xf0, 0x01, 0xf0, 0x01, 0xf0, 0x01, 0xf0, 0x01, 0xf0, 0x01, 0xf0, 0x01, 0xf0, 0x01, 0xf0,
    0x01, 0xf0, 0x01, 0xf0, 0x01, 0xf0, 0x01, 0xf0, 0x01, 0xf0, 0x01, 0xf0, 0x01, 0xf1, 0x01, 0xf1,
    0x01, 0xf0, 0x01, 0xf0, 0x01, 0xf0, 0x01, 0xf0, 0x01, 0xf1, 0x01, 0xf1, 0x01, 0xf0, 0x01, 0xf1,
    0x01, 0xf1, 0x01, 0xf1, 0x01, 0xf1, 0x01, 0xf1, 0x01, 0xf1, 0x12, 0xf1, 0x01, 0xf1, 0x01, 0xf1,
    0x01, 0xf1, 0x01, 0xf1, 0x01, 0xf1, 0x01, 0xf1, 0x01, 0xf1, 0x01, 0xf1, 0x01, 0xf1, 0x01, 0xf1,
    0x01, 0xf1, 0x01, 0xf1, 0x01, 0xf1, 0x01, 0xf1, 0x01, 0xf1, 0x01, 0xf1, 0x01, 0xf1, 0x01, 0xf1,
    0x01, 0xf1, 0x01, 0xf1, 0x01, 0xf1, 0x01, 0xf1, 0x01, 0xf1, 0x01, 0xf1, 0x01, 0xf1, 0x01, 0xf1,
    0x01, 0xf1, 0x01, 0xf1, 0x01, 0xf1, 0x02, 0xf1, 0x02, 0xf1, 0x01, 0xf1, 0x01, 0xf1, 0x01, 0xf1,
    0x01, 0xf1, 0x01, 0xf1, 0x01, 0xf1, 0x01, 0xf1, 0x01, 0xf1, 0x01, 0xf1, 0x01, 0xf1, 0x01, 0xf1,
    0x02, 0xf1, 0x02, 0xf1, 0x01, 0xf1, 0x01, 0xf1, 0x01, 0xf1, 0x01, 0xf1, 0x01, 0xf1, 0x01, 0xf1,
    0x01, 0xf1, 0x01, 0xf1, 0x01, 0xf1, 0x01, 0xf1, 0x02, 0xf1, 0x02, 0xf1, 0x01, 0xf1, 0x01, 0xf1,
    0x01, 0xf1, 0x01, 0xf1, 0x01, 0xf1, 0x01, 0xf1, 0x01, 0xf0, 0x01, 0xf0, 0x01, 0xf0, 0x01, 0xf0,
    0x01, 0xf0, 0x01, 0xf0, 0x01, 0xf1, 0x01, 0xf0, 0x01, 0xf0, 0x01, 0xf0, 0x01, 0xf1, 0x01, 0xf1,
    0x01, 0xf1, 0x01, 0xf1, 0x01, 0xf1, 0x01, 0xf1, 0x02, 0xf1, 0x01, 0xf1, 0x01, 0xf0, 0x01, 0xf0,
    0x01, 0xf1, 0x01, 0xf1, 0x01, 0xf1, 0x01, 0xf1, 0x01, 0xf1, 0x01, 0xf1, 0x02, 0xf1, 0x02, 0xf1,
    0x01, 0xf1, 0x01, 0xf1, 0x01, 0xf1, 0x01, 0xf1, 0x01, 0xf1, 0x01, 0xf1, 0x01, 0xf1, 0x01, 0xf1,
    0x01, 0xf1, 0x01, 0xf1, 0x01, 0xf1, 0x01, 0xf1, 0x01, 0xf1, 0x02, 0xf1, 0x02, 0xf1, 0x02, 0xf1,
    0x01, 0xf1, 0x12, 0xf1, 0x02, 0xf1, 0x01, 0xf1, 0x01, 0xf1, 0x01, 0xf1, 0x01, 0xf1, 0x01, 0xf1,
    0x01, 0xf1, 0x01, 0xf1, 0x01, 0xf1, 0x01, 0xf1, 0x01, 0xf1, 0x01, 0xf1, 0x01, 0xf1, 0x01, 0xf1,
    0x01, 0xf1, 0x01, 0xf1, 0x01, 0xf1, 0x01, 0xf1, 0x01, 0xf1, 0x01, 0xf1, 0x01, 0xf1, 0x01, 0xf0,
    0x01, 0xf1, 0x01, 0xf1, 0x01, 0xf1, 0x01, 0xf1, 0x01, 0xf0, 0x01, 0xf0, 0x01, 0xf1, 0x02, 0xf1,
    0x01, 0xf0, 0x01, 0xf0, 0x02, 0xf1, 0x02, 0xf1, 0x01, 0xf1, 0x01, 0xf1, 0x01, 0xf1, 0x01, 0xf1,
    0x01, 0xf1, 0x01, 0xf1, 0x01, 0xf1, 0x01, 0xf1, 0x01, 0xf1, 0x01, 0xf1, 0x01, 0xf1, 0x01, 0xf1,
    0x01, 0xf1, 0x01, 0xf1, 0x01, 0xf1, 0x01, 0xf1, 0x01, 0xf1, 0x01, 0xf1, 0x01, 0xf0, 0x01, 0xf1,
    0x01, 0xf1, 0x01, 0xf1, 0x01, 0xf1, 0x01, 0xf1, 0x01, 0xf0, 0x01, 0xf0, 0x01, 0xf1, 0x01, 0xf1,
    0x01, 0xf1, 0x01, 0xf1, 0x01, 0xf1, 0x01, 0xf1, 0x01, 0xf1, 0x01, 0xf1, 0x01, 0xf1, 0x01, 0xf1,
    0x01, 0xf1, 0x01, 0xf1, 0x01, 0xf1, 0x01, 0xf0, 0x01, 0xf1, 0x01, 0xf1, 0x01, 0xf1, 0x01, 0xf1,
    0x01, 0xf1, 0x01, 0xf1, 0x01, 0xf0, 0x01, 0xf0, 0x01, 0xf0, 0x01, 0xf0, 0x01, 0xf0, 0x01, 0xf1,
    0x01, 0xf1, 0x01, 0xf0, 0x01, 0xf0, 0x01, 0xf0, 0x01, 0xf0, 0x01, 0xf0, 0x01, 0xf0, 0x01, 0xf1,
    0x01, 0xf1, 0x01, 0xf0, 0x01, 0xf0, 0x01, 0xf0, 0x01, 0xf0, 0x24, 0xf2, 0x13, 0xf1, 0x01, 0xf0,
    0x01, 0xf0, 0x01, 0xf0, 0x01, 0xf0, 0x01, 0xf0, 0x01, 0xf0, 0x01, 0xf0, 0x01, 0xf0, 0x01, 0xf0,
    0x01, 0xf0, 0x01, 0xf0, 0x01, 0xf0, 0x01, 0xf0, 0x01, 0xf0, 0x01, 0xf0, 0x01, 0xf1, 0x01, 0xf0,
    0x01, 0xf0, 0x01, 0xf0, 0x01, 0xf1, 0x01, 0xf0, 0x01, 0xf1, 0x01, 0xf1, 0x01, 0xf1, 0x01, 0xf1,
    0x01, 0xf1, 0x01, 0xf1, 0x01, 0xf1, 0x01, 0xf1, 0x01, 0xf1, 0x12, 0xf1, 0x01, 0xf1, 0x01, 0xf1,
    0x01, 0xf1, 0x01, 0xf1, 0x01, 0xf1, 0x01, 0xf1, 0x01, 0xf1, 0x01, 0xf1, 0x01, 0xf1, 0x01, 0xf1,
    0x01, 0xf1, 0x01, 0xf1, 0x01, 0xf1, 0x01, 0xf1, 0x01, 0xf1, 0x02, 0xf1, 0x01, 0xf1, 0x01, 0xf1,
    0x01, 0xf1, 0x01, 0xf1, 0x01, 0xf1, 0x01, 0xf1, 0x01, 0xf1, 0x01, 0xf1, 0x01, 0xf1, 0x01, 0xf1,
    0x01, 0xf1, 0x01, 0xf1, 0x01, 0xf1, 0x01, 0xf1, 0x01, 0xf1, 0x01, 0xf1, 0x01, 0xf1, 0x01, 0xf1,
    0x01, 0xf1, 0x01, 0xf1, 0x01, 0xf1, 0x01, 0xf1, 0x01, 0xf1, 0x01, 0xf1, 0x01, 0xf1, 0x01, 0xf1,
    0x01, 0xf1, 0x02, 0xf1, 0x02, 0xf1, 0x01, 0xf1, 0x01, 0xf1, 0x01, 0xf1, 0x01, 0xf1, 0x01, 0xf1,
    0x02, 0xf1, 0x02, 0xf1, 0x01, 0xf1, 0x01, 0xf1, 0x13, 0xf1, 0x12, 0xf1, 0x01, 0xf1, 0x01, 0xf1,
    0x01, 0xf1, 0x01, 0xf1, 0x01, 0xf1, 0x01, 0xf1, 0x01, 0xf1, 0x01, 0xf0, 0x01, 0xf0, 0x01, 0xf0,
    0x01, 0xf0, 0x01, 0xf0, 0x01, 0xf0, 0x01, 0xf0, 0x01, 0xf0, 0x01, 0xf0, 0x01, 0xf1, 0x12, 0xf1,
    0x01, 0xf1, 0x01, 0xf0, 0x01, 0xf1, 0x01, 0xf1, 0x01, 0xf1, 0x01, 0xf1, 0x01, 0xf1, 0x01, 0xf1,
    0x01, 0xf1, 0x01, 0xf1, 0x01, 0xf1, 0x01, 0xf1, 0x01, 0xf1, 0x01, 0xf1, 0x01, 0xf1, 0x01, 0xf1,
    0x01, 0xf1, 0x01, 0xf1, 0x01, 0xf1, 0x01, 0xf1, 0x01, 0xf1, 0x01, 0xf1, 0x02, 0xf1, 0x01, 0xf1,
    0x01, 0xf1, 0x01, 0xf1, 0x01, 0xf1, 0x01, 0xf1, 0x01, 0xf1, 0x02, 0xf1, 0x01, 0xf1, 0x01, 0xf1,
    0x01, 0xf1, 0x01, 0xf1, 0x01, 0xf1, 0x01, 0xf1, 0x01, 0xf1, 0x01, 0xf1, 0x01, 0xf1, 0x01, 0xf1,
    0x01, 0xf1, 0x01, 0xf1, 0x01, 0xf1, 0x01, 0xf1, 0x01, 0xf1, 0x01, 0xf1, 0x01, 0xf1, 0x01, 0xf1,
    0x01, 0xf1, 0x01, 0xf1, 0x01, 0xf1, 0x01, 0xf1, 0x01, 0xf1, 0x01, 0xf1, 0x01, 0xf1, 0x01, 0xf0,
    0x01, 0xf1, 0x01, 0xf1, 0x01, 0xf1, 0x01, 0xf1, 0x01, 0xf1, 0x01, 0xf0, 0x01, 0xf1, 0x01, 0xf1,
    0x01, 0xf0, 0x01, 0xf1, 0x01, 0xf1, 0x02, 0xf1, 0x01, 0xf1, 0x01, 0xf1, 0x01, 0xf1, 0x01, 0xf1,
    0x01, 0xf1, 0x01, 0xf1, 0x01, 0xf1, 0x01, 0xf1, 0x01, 0xf1, 0x01, 0xf1, 0x01, 0xf1, 0x01, 0xf1,
    0x01, 0xf1, 0x01, 0xf1, 0x01, 0xf1, 0x01, 0xf1, 0x01, 0xf1, 0x01, 0xf0, 0x01, 0xf1, 0x01, 0xf1,
    0x01, 0xf1, 0x01, 0xf1, 0x01, 0xf1, 0x01, 0xf1, 0x01, 0xf1, 0x01, 0xf1, 0x01, 0xf1, 0x01, 0xf1,
    0x01, 0xf1, 0x01, 0xf1, 0x01, 0xf1, 0x01, 0xf1, 0x01, 0xf1, 0x01, 0xf1, 0x01, 0xf1, 0x01, 0xf1,
    0x01, 0xf1, 0x01, 0xf1, 0x01, 0xf0, 0x01, 0xf0, 0x01, 0xf0, 0x01, 0xf1, 0x01, 0xf1, 0x01, 0xf0,
    0x02, 0xf1, 0x01, 0xf1, 0x01, 0xf0, 0x01, 0xf0, 0x01, 0xf0, 0x01, 0xf0, 0x01, 0xf0, 0x01, 0xf0,
    0x01, 0xf0, 0x01, 0xf0, 0x01, 0xf0, 0x01, 0xf0, 0x01, 0xf0, 0x01, 0xf0, 0x01, 0xf0, 0x01, 0xf0,
    0x01, 0xf0, 0x01, 0xf0, 0x01, 0xf0, 0x01, 0xf0, 0x01, 0xf0, 0x13, 0xf1, 0x12, 0xf1, 0x01, 0xf0,
    0x01, 0xf0, 0x01, 0xf0, 0x01, 0xf0, 0x01, 0xf1, 0x01, 0xf1, 0x01, 0xf0, 0x01, 0xf1, 0x01, 0xf1,
    0x01, 0xf0, 0x01, 0xf1, 0x01, 0xf1, 0x01, 0xf0, 0x01, 0xf1, 0x01, 0xf1, 0x01, 0xf1, 0x01, 0xf1,
    0x01, 0xf0, 0x01, 0xf0, 0x01, 0xf1, 0x01, 0xf0, 0x01, 0xf1, 0x01, 0xf1, 0x01, 0xf1, 0x01, 0xf1,
    0x01, 0xf1, 0x01, 0xf1, 0x01, 0xf1, 0x01, 0xf1, 0x01, 0xf1, 0x01, 0xf1, 0x01, 0xf1, 0x01, 0xf1,
    0x01, 0xf1, 0x01, 0xf1, 0x01, 0xf1, 0x01, 0xf1, 0x01, 0xf1, 0x01, 0xf1, 0x01, 0xf1, 0x01, 0xf1,
    0x01, 0xf1, 0x01, 0xf1, 0x01, 0xf1, 0x01, 0xf1, 0x01, 0xf1, 0x01, 0xf1, 0x01, 0xf1, 0x01, 0xf1,
    0x01, 0xf1, 0x01, 0xf1, 0x01, 0xf1, 0x01, 0xf1, 0x01, 0xf1, 0x01, 0xf1, 0x01, 0xf1, 0x01, 0xf1,
    0x01, 0xf1, 0x01, 0xf1, 0x01, 0xf1, 0x01, 0xf1, 0x01, 0xf1, 0x01, 0xf1, 0x01, 0xf1, 0x01, 0xf1,
    0x01, 0xf1, 0x01, 0xf1, 0x01, 0xf1, 0x01, 0xf1, 0x01, 0xf1, 0x01, 0xf1, 0x01, 0xf1, 0x01, 0xf1,
    0x01, 0xf1, 0x01, 0xf1, 0x01, 0xf1, 0x01, 0xf1, 0x01, 0xf1, 0x02, 0xf1, 0x01, 0xf1, 0x01, 0xf1,
    0x02, 0xf1, 0x01, 0xf1, 0x01, 0xf1, 0x01, 0xf1, 0x01, 0xf1, 0x01, 0xf1, 0x01, 0xf1, 0x01, 0xf1,
    0x01, 0xf1, 0x01, 0xf1, 0x01, 0xf1, 0x01, 0xf1, 0x01, 0xf1, 0x01, 0xf0, 0x01, 0xf0, 0x01, 0xf0,
    0x01, 0xf0, 0x01, 0xf0, 0x01, 0xf0, 0x01, 0xf0, 0x01, 0xf0, 0x01, 0xf0, 0x01, 0xf0, 0x01, 0xf1,
    0x01, 0xf1, 0x01, 0xf0, 0x01, 0xf1, 0x02, 0xf1, 0x01, 0xf1, 0x01, 0xf0, 0x01, 0xf0, 0x01, 0xf1,
    0x01, 0xf1, 0x01, 0xf1, 0x01, 0xf1, 0x01, 0xf1, 0x01, 0xf1, 0x01, 0xf1, 0x01, 0xf1, 0x01, 0xf1,
    0x01, 0xf1, 0x01, 0xf1, 0x01, 0xf1, 0x01, 0xf1, 0x01, 0xf1, 0x01, 0xf1, 0x02, 0xf1, 0x02, 0xf1,
    0x02, 0xf1, 0x01, 0xf1, 0x01, 0xf1, 0x01, 0xf1, 0x01, 0xf1, 0x01, 0xf1, 0x01, 0xf1, 0x01, 0xf1,
    0x01, 0xf1, 0x02, 0xf1, 0x01, 0xf1, 0x01, 0xf1, 0x01, 0xf1, 0x01, 0xf1, 0x01, 0xf1, 0x01, 0xf1,
    0x01, 0xf1, 0x01, 0xf1, 0x01, 0xf1, 0x01, 0xf1, 0x01, 0xf1, 0x01, 0xf1, 0x01, 0xf1, 0x01, 0xf1,
    0x01, 0xf1, 0x01, 0xf1, 0x01, 0xf1, 0x01, 0xf1, 0x01, 0xf1, 0x01, 0xf1, 0x01, 0xf0, 0x01, 0xf1,
    0x01, 0xf1, 0x01, 0xf1, 0x01, 0xf1, 0x01, 0xf1, 0x01, 0xf1, 0x01, 0xf1, 0x01, 0xf1, 0x01, 0xf1,
    0x01, 0xf1, 0x01, 0xf1, 0x01, 0xf1, 0x01, 0xf1, 0x01, 0xf1, 0x01, 0xf1, 0x01, 0xf1, 0x01, 0xf1,
    0x01, 0xf1, 0x01, 0xf1, 0x01, 0xf1, 0x01, 0xf0, 0x01, 0xf0, 0x01, 0xf1, 0x02, 0xf1, 0x02, 0xf1,
    0x01, 0xf1, 0x01, 0xf1, 0x01, 0xf1, 0x01, 0xf1, 0x01, 0xf1, 0x01, 0xf1, 0x01, 0xf1, 0x01, 0xf1,
    0x01, 0xf1, 0x01, 0xf1, 0x01, 0xf1, 0x01, 0xf1, 0x01, 0xf1, 0x01, 0xf1, 0x01, 0xf1, 0x01, 0xf1,
    0x01, 0xf1, 0x01, 0xf1, 0x01, 0xf0, 0x01, 0xf0, 0x01, 0xf0, 0x01, 0xf1, 0x01, 0xf1, 0x01, 0xf0,
    0x01, 0xf1, 0x01, 0xf1, 0x01, 0xf1, 0x01, 0xf0, 0x01, 0xf0, 0x01, 0xf1, 0x01, 0xf1, 0x01, 0xf1,
    0x01, 0xf1, 0x02, 0xf1, 0x02, 0xf1, 0x01, 0xf0, 0x01, 0xf0, 0x01, 0xf0, 0x01, 0xf0, 0x01, 0xf0,
    0x01, 0xf0, 0x01, 0xf0, 0x01, 0xf0, 0x01, 0xf0, 0x01, 0xf0, 0x01, 0xf0, 0x01, 0xf0, 0x01, 0xf0,
    0x01, 0xf0, 0x01, 0xf1, 0x01, 0xf1, 0x01, 0xf1, 0x01, 0xf0, 0x01, 0xf0, 0x01, 0xf0, 0x01, 0xf0,
    0x01, 0xf0, 0x01, 0xf0, 0x01, 0xf0, 0x01, 0xf1, 0x01, 0xf1, 0x01, 0xf1, 0x01, 0xf1, 0x01, 0xf1,
    0x01, 0xf0, 0x01, 0xf1, 0x02, 0xf1, 0x01, 0xf1, 0x01, 0xf1, 0x01, 0xf1, 0x01, 0xf1, 0x01, 0xf0,
    0x01, 0xf0, 0x01, 0xf0, 0x01, 0xf1, 0x01, 0xf1, 0x01, 0xf1, 0x01, 0xf1, 0x01, 0xf1, 0x01, 0xf1,
    0x01, 0xf1, 0x01, 0xf1, 0x01, 0xf1, 0x01, 0xf1, 0x01, 0xf1, 0x01, 0xf1, 0x01, 0xf1, 0x01, 0xf1,
    0x01, 0xf1, 0x01, 0xf1, 0x01, 0xf1, 0x01, 0xf1, 0x01, 0xf1, 0x01, 0xf1, 0x01, 0xf1, 0x01, 0xf1,
    0x01, 0xf1, 0x01, 0xf1, 0x01, 0xf1, 0x01, 0xf0, 0x01, 0xf1, 0x01, 0xf1, 0x01, 0xf1, 0x01, 0xf1,
    0x02, 0xf1, 0x01, 0xf1, 0x01, 0xf1, 0x01, 0xf1, 0x01, 0xf1, 0x01, 0xf1, 0x01, 0xf1, 0x01, 0xf1,
    0x02, 0xf1, 0x01, 0xf1, 0x01, 0xf1, 0x02, 0xf1, 0x01, 0xf1, 0x01, 0xf1, 0x01, 0xf1, 0x01, 0xf1,
    0x01, 0xf1, 0x01, 0xf1, 0x01, 0xf1, 0x01, 0xf1, 0x01, 0xf1, 0x02, 0xf1, 0x01, 0xf1, 0x01, 0xf1,
    0x01, 0xf1, 0x01, 0xf1, 0x01, 0xf1, 0x01, 0xf1, 0x01, 0xf1, 0x01, 0xf1, 0x01, 0xf1, 0x02, 0xf1,
    0x02, 0xf1, 0x01, 0xf1, 0x01, 0xf1, 0x01, 0xf1, 0x01, 0xf1, 0x01, 0xf1, 0x01, 0xf1, 0x01, 0xf1,
    0x01, 0xf1, 0x01, 0xf1, 0x01, 0xf1, 0x01, 0xf1, 0x01, 0xf1, 0x01, 0xf0, 0x01, 0xf0, 0x01, 0xf0,
    0x01, 0xf0, 0x01, 0xf0, 0x01, 0xf0, 0x01, 0xf0, 0x01, 0xf0, 0x01, 0xf0, 0x01, 0xf0, 0x01, 0xf0,
    0x01, 0xf0, 0x01, 0xf1, 0x01, 0xf1, 0x01, 0xf1, 0x01, 0xf1, 0x01, 0xf1, 0x01, 0xf1, 0x01, 0xf1,
    0x01, 0xf1, 0x01, 0xf1, 0x01, 0xf1, 0x01, 0xf1, 0x01, 0xf1, 0x01, 0xf1, 0x01, 0xf1, 0x01, 0xf1,
    0x01, 0xf1, 0x01, 0xf1, 0x01, 0xf1, 0x02, 0xf1, 0x01, 0xf1, 0x12, 0xf1, 0x36, 0xf2, 0x47, 0xf2,
    0x13, 0xf1, 0x01, 0xf1, 0x01, 0xf1, 0x01, 0xf1, 0x01, 0xf1, 0x01, 0xf1, 0x01, 0xf1, 0x01, 0xf1,
    0x01, 0xf1, 0x02, 0xf1, 0x01, 0xf1, 0x01, 0xf1, 0x01, 0xf1, 0x01, 0xf1, 0x01, 0xf1, 0x01, 0xf1,
    0x01, 0xf1, 0x01, 0xf1, 0x01, 0xf1, 0x01, 0xf1, 0x01, 0xf1, 0x01, 0xf1, 0x01, 0xf1, 0x01, 0xf1,
    0x01, 0xf0, 0x01, 0xf1, 0x01, 0xf1, 0x01, 0xf1, 0x01, 0xf1, 0x01, 0xf0, 0x01, 0xf0, 0x01, 0xf1,
    0x01, 0xf1, 0x01, 0xf1, 0x01, 0xf1, 0x01, 0xf1, 0x01, 0xf1, 0x01, 0xf1, 0x01, 0xf1, 0x01, 0xf1,
    0x01, 0xf1, 0x01, 0xf1, 0x01, 0xf1, 0x01, 0xf1, 0x01, 0xf1, 0x01, 0xf1, 0x01, 0xf1, 0x01, 0xf1,
    0x01, 0xf1, 0x01, 0xf1, 0x01, 0xf1, 0x01, 0xf1, 0x01, 0xf1, 0x01, 0xf1, 0x01, 0xf1, 0x02, 0xf1,
    0x01, 0xf1, 0x01, 0xf1, 0x01, 0xf1, 0x01, 0xf1, 0x01, 0xf1, 0x01, 0xf1, 0x01, 0xf1, 0x01, 0xf1,
    0x01, 0xf1, 0x01, 0xf1, 0x01, 0xf1, 0x02, 0xf1, 0x02, 0xf1, 0x02, 0xf1, 0x02, 0xf1, 0x02, 0xf1,
    0x02, 0xf1, 0x01, 0xf1, 0x01, 0xf1, 0x01, 0xf1, 0x01, 0xf0, 0x01, 0xf1, 0x01, 0xf0, 0x01, 0xf0,
    0x01, 0xf0, 0x01, 0xf1, 0x01, 0xf0, 0x01, 0xf0, 0x01, 0xf1, 0x01, 0xf0, 0x01, 0xf1, 0x01, 0xf0,
    0x01, 0xf0, 0x01, 0xf1, 0x01, 0xf1, 0x01, 0xf1, 0x01, 0xf0, 0x01, 0xf0, 0x01, 0xf1, 0x01, 0xf0,
    0x01, 0xf0, 0x01, 0xf0, 0x01, 0xf0, 0x01, 0xf0, 0x01, 0xf0, 0x01, 0xf0, 0x01, 0xf0, 0x00, 0xf0,
    0x01, 0xf0, 0x13, 0xf1, 0x35, 0xf2, 0x01, 0xf1, 0x01, 0xf0, 0x01, 0xf0, 0x01, 0xf1, 0x01, 0xf0,
    0x01, 0xf0, 0x01, 0xf0, 0x01, 0xf0, 0x01, 0xf0, 0x01, 0xf0, 0x01, 0xf1, 0x01, 0xf1, 0x01, 0xf0,
    0x01, 0xf0, 0x01, 0xf1, 0x02, 0xf1, 0x01, 0xf0, 0x01, 0xf1, 0x01, 0xf1, 0x01, 0xf1, 0x01, 0xf0,
    0x01, 0xf0, 0x01, 0xf1, 0x01, 0xf1, 0x01, 0xf1, 0x01, 0xf1, 0x01, 0xf1, 0x01, 0xf1, 0x01, 0xf1,
    0x01, 0xf1, 0x01, 0xf1, 0x01, 0xf1, 0x01, 0xf1, 0x01, 0xf1, 0x01, 0xf1, 0x01, 0xf1, 0x01, 0xf1,
    0x01, 0xf1, 0x01, 0xf1, 0x01, 0xf1, 0x01, 0xf1, 0x01, 0xf1, 0x01, 0xf1, 0x01, 0xf1, 0x01, 0xf1,
    0x01, 0xf1, 0x01, 0xf1, 0x01, 0xf1, 0x01, 0xf1, 0x01, 0xf1, 0x01, 0xf1, 0x01, 0xf1, 0x01, 0xf1,
    0x01, 0xf1, 0x01, 0xf1, 0x01, 0xf1, 0x01, 0xf1, 0x01, 0xf1, 0x01, 0xf1, 0x01, 0xf1, 0x01, 0xf1,
    0x01, 0xf1, 0x01, 0xf1, 0x01, 0xf1, 0x01, 0xf1, 0x01, 0xf1, 0x01, 0xf1, 0x01, 0xf1, 0x01, 0xf1,
    0x01, 0xf1, 0x01, 0xf1, 0x02, 0xf1, 0x02, 0xf1, 0x01, 0xf1, 0x01, 0xf1, 0x02, 0xf1, 0x01, 0xf1,
    0x01, 0xf1, 0x01, 0xf1, 0x02, 0xf1, 0x01, 0xf1, 0x01, 0xf1, 0x01, 0xf1, 0x01, 0xf1, 0x01, 0xf1,
    0x01, 0xf1, 0x01, 0xf1, 0x01, 0xf1, 0x01, 0xf1, 0x01, 0xf1, 0x01, 0xf1, 0x01, 0xf1, 0x01, 0xf1,
    0x01, 0xf1, 0x02, 0xf1, 0x02, 0xf1, 0x01, 0xf1, 0x01, 0xf0, 0x01, 0xf1, 0x01, 0xf1, 0x01, 0xf1,
    0x01, 0xf1, 0x01, 0xf1, 0x01, 0xf1, 0x01, 0xf0, 0x01, 0xf0, 0x01, 0xf0, 0x01, 0xf0, 0x01, 0xf1,
    0x01, 0xf1, 0x01, 0xf1, 0x01, 0xf1, 0x01, 0xf1, 0x01, 0xf1, 0x01, 0xf1, 0x01, 0xf1, 0x01, 0xf1,
    0x02, 0xf1, 0x01, 0xf1, 0x01, 0xf1, 0x01, 0xf1, 0x01, 0xf1, 0x01, 0xf1, 0x01, 0xf1, 0x01, 0xf1,
    0x01, 0xf1, 0x01, 0xf1, 0x01, 0xf1, 0x01, 0xf1, 0x01, 0xf1, 0x02, 0xf1, 0x58, 0xf3, 0x8a, 0xf3,
    0x13, 0xf1, 0x01, 0xf1, 0x01, 0xf1, 0x01, 0xf1, 0x01, 0xf1, 0x01, 0xf1, 0x01, 0xf1, 0x01, 0xf1,
    0x01, 0xf1, 0x01, 0xf1, 0x01, 0xf1, 0x01, 0xf1, 0x01, 0xf1, 0x01, 0xf1, 0x01, 0xf1, 0x01, 0xf1,
    0x01, 0xf1, 0x01, 0xf1, 0x01, 0xf1, 0x01, 0xf1, 0x01, 0xf1, 0x01, 0xf1, 0x01, 0xf0, 0x01, 0xf1,
    0x01, 0xf1, 0x01, 0xf1, 0x01, 0xf1, 0x01, 0xf1, 0x01, 0xf1, 0x01, 0xf1, 0x01, 0xf1, 0x01, 0xf1,
    0x01, 0xf1, 0x01, 0xf1, 0x01, 0xf1, 0x01, 0xf1, 0x01, 0xf1, 0x01, 0xf1, 0x01, 0xf1, 0x01, 0xf1,
    0x01, 0xf1, 0x01, 0xf1, 0x01, 0xf1, 0x01, 0xf1, 0x01, 0xf1, 0x01, 0xf1, 0x01, 0xf1, 0x01, 0xf1,
    0x01, 0xf1, 0x01, 0xf1, 0x01, 0xf1, 0x01, 0xf1, 0x01, 0xf1, 0x01, 0xf1, 0x01, 0xf1, 0x01, 0xf1,
    0x01, 0xf0, 0x01, 0xf1, 0x01, 0xf1, 0x01, 0xf1, 0x01, 0xf0, 0x01, 0xf1, 0x01, 0xf0, 0x01, 0xf1,
    0x01, 0xf1, 0x02, 0xf1, 0x13, 0xf1, 0x02, 0xf1, 0x01, 0xf1, 0x13, 0xf1, 0x47, 0xf3, 0x36, 0xf2,
    0x12, 0xf1, 0x01, 0xf1, 0x01, 0xf1, 0x01, 0xf0, 0x01, 0xf1, 0x01, 0xf1, 0x01, 0xf0, 0x01, 0xf1,
    0x01, 0xf0, 0x01, 0xf1, 0x01, 0xf0, 0x01, 0xf0, 0x01, 0xf0, 0x01, 0xf0, 0x01, 0xf0, 0x01, 0xf0,
    0x01, 0xf0, 0x01, 0xf0, 0x01, 0xf1, 0x01, 0xf0, 0x01, 0xf0, 0x01, 0xf0, 0x01, 0xf0, 0x01, 0xf0,
    0x01, 0xf0, 0x01, 0xf0, 0x01, 0xf0, 0x01, 0xf0, 0x01, 0xf0, 0x01, 0xf0, 0x01, 0xf0, 0x01, 0xf0,
    0x01, 0xf0, 0x01, 0xf1, 0x12, 0xf1, 0x01, 0xf1, 0x01, 0xf1, 0x01, 0xf0, 0x01, 0xf0, 0x01, 0xf0,
    0x01, 0xf0, 0x01, 0xf0, 0x01, 0xf0, 0x01, 0xf0, 0x01, 0xf0, 0x01, 0xf1, 0x01, 0xf1, 0x01, 0xf0,
    0x01, 0xf0, 0x01, 0xf0, 0x01, 0xf1, 0x01, 0xf1, 0x01, 0xf1, 0x01, 0xf1, 0x01, 0xf1, 0x01, 0xf0,
    0x01, 0xf0, 0x01, 0xf1, 0x01, 0xf1, 0x01, 0xf1, 0x01, 0xf1, 0x01, 0xf1, 0x01, 0xf1, 0x01, 0xf1,
    0x01, 0xf1, 0x01, 0xf1, 0x01, 0xf1, 0x01, 0xf1, 0x01, 0xf1, 0x01, 0xf1, 0x01, 0xf1, 0x01, 0xf1,
    0x01, 0xf1, 0x01, 0xf1, 0x02, 0xf1, 0x01, 0xf1, 0x01, 0xf1, 0x01, 0xf1, 0x01, 0xf1, 0x01, 0xf1,
    0x01, 0xf1, 0x01, 0xf1, 0x01, 0xf1, 0x01, 0xf1, 0x01, 0xf1, 0x01, 0xf1, 0x01, 0xf1, 0x01, 0xf1,
    0x01, 0xf1, 0x01, 0xf1, 0x01, 0xf1, 0x01, 0xf1, 0x01, 0xf1, 0x01, 0xf1, 0x01, 0xf1, 0x01, 0xf1,
    0x01, 0xf1, 0x01, 0xf1, 0x01, 0xf1, 0x01, 0xf1, 0x02, 0xf1, 0x01, 0xf1, 0x01, 0xf1, 0x01, 0xf1,
    0x01, 0xf1, 0x01, 0xf1, 0x01, 0xf1, 0x01, 0xf1, 0x01, 0xf1, 0x01, 0xf1, 0x01, 0xf1, 0x01, 0xf1,
    0x01, 0xf1, 0x02, 0xf1, 0x01, 0xf1, 0x01, 0xf1, 0x01, 0xf1, 0x01, 0xf1, 0x01, 0xf1, 0x01, 0xf1,
    0x01, 0xf1, 0x01, 0xf1, 0x01, 0xf1, 0x01, 0xf1, 0x01, 0xf1, 0x01, 0xf1, 0x01, 0xf1, 0x01, 0xf1,
    0x01, 0xf1, 0x01, 0xf1, 0x01, 0xf1, 0x01, 0xf1, 0x01, 0xf1, 0x01, 0xf1, 0x01, 0xf1, 0x02, 0xf1,
    0x02, 0xf1, 0x02, 0xf1, 0x01, 0xf1, 0x01, 0xf1, 0x01, 0xf1, 0x01, 0xf0, 0x01, 0xf0, 0x01, 0xf0,
    0x01, 0xf1, 0x01, 0xf1, 0x01, 0xf1, 0x01, 0xf1, 0x01, 0xf1, 0x01, 0xf1, 0x01, 0xf1, 0x01, 0xf1,
    0x01, 0xf0, 0x01, 0xf1, 0x01, 0xf1, 0x01, 0xf1, 0x01, 0xf1, 0x01, 0xf1, 0x01, 0xf1, 0x02, 0xf1,
    0x01, 0xf1, 0x01, 0xf1, 0x01, 0xf1, 0x01, 0xf1, 0x01, 0xf1, 0x02, 0xf1, 0x13, 0xf2, 0x24, 0xf2,
    0x02, 0xf1, 0x01, 0xf1, 0x02, 0xf1, 0x01, 0xf1, 0x01, 0xf1, 0x01, 0xf1, 0x01, 0xf1, 0x01, 0xf1,
    0x01, 0xf1, 0x01, 0xf1, 0x01, 0xf1, 0x01, 0xf1, 0x01, 0xf1, 0x01, 0xf1, 0x01, 0xf1, 0x01, 0xf1,
    0x02, 0xf1, 0x01, 0xf1, 0x01, 0xf1, 0x01, 0xf1, 0x01, 0xf1, 0x01, 0xf1, 0x01, 0xf0, 0x01, 0xf1,
    0x01, 0xf1, 0x01, 0xf1, 0x01, 0xf1, 0x01, 0xf1, 0x01, 0xf1, 0x01, 0xf1, 0x01, 0xf1, 0x01, 0xf1,
    0x01, 0xf1, 0x01, 0xf1, 0x01, 0xf1, 0x01, 0xf1, 0x01, 0xf1, 0x01, 0xf1, 0x01, 0xf1, 0x01, 0xf1,
    0x01, 0xf1, 0x01, 0xf1, 0x01, 0xf1, 0x01, 0xf1, 0x01, 0xf1, 0x01, 0xf1, 0x01, 0xf1, 0x01, 0xf1,
    0x01, 0xf1, 0x01, 0xf1, 0x01, 0xf1, 0x01, 0xf1, 0x01, 0xf1, 0x01, 0xf1, 0x01, 0xf1, 0x01, 0xf0,
    0x01, 0xf1, 0x01, 0xf1, 0x01, 0xf1, 0x01, 0xf1, 0x01, 0xf1, 0x02, 0xf1, 0x01, 0xf1, 0x01, 0xf0,
    0x01, 0xf1, 0x02, 0xf1, 0x02, 0xf1, 0x01, 0xf1, 0x01, 0xf1, 0x25, 0xf2, 0xac, 0xf4, 0x7a, 0xf3,
    0x13, 0xf1, 0x01, 0xf1, 0x01, 0xf1, 0x01, 0xf1, 0x01, 0xf1, 0x02, 0xf1, 0x01, 0xf1, 0x01, 0xf1,
    0x01, 0xf1, 0x01, 0xf0, 0x01, 0xf1, 0x01, 0xf0, 0x01, 0xf0, 0x01, 0xf0, 0x01, 0xf0, 0x01, 0xf0,
    0x01, 0xf0, 0x01, 0xf0, 0x01, 0xf0, 0x01, 0xf0, 0x01, 0xf0, 0x01, 0xf0, 0x01, 0xf0, 0x01, 0xf0,
    0x01, 0xf0, 0x01, 0xf0, 0x01, 0xf0, 0x01, 0xf0, 0x01, 0xf0, 0x01, 0xf0, 0x01, 0xf0, 0x01, 0xf0,
    0x01, 0xf0, 0x01, 0xf0, 0x01, 0xf0, 0x01, 0xf1, 0x01, 0xf1, 0x01, 0xf1, 0x01, 0xf0, 0x01, 0xf0,
    0x01, 0xf0, 0x01, 0xf0, 0x01, 0xf0, 0x01, 0xf0, 0x01, 0xf0, 0x01, 0xf0, 0x01, 0xf0, 0x01, 0xf0,
    0x01, 0xf0, 0x01, 0xf1, 0x01, 0xf0, 0x01, 0xf1, 0x01, 0xf1, 0x01, 0xf1, 0x01, 0xf1, 0x01, 0xf0,
    0x01, 0xf0, 0x01, 0xf1, 0x01, 0xf1, 0x01, 0xf1, 0x01, 0xf1, 0x01, 0xf1, 0x01, 0xf1, 0x01, 0xf1,
    0x01, 0xf1, 0x01, 0xf1, 0x01, 0xf1, 0x01, 0xf1, 0x01, 0xf1, 0x01, 0xf1, 0x01, 0xf1, 0x01, 0xf1,
    0x01, 0xf1, 0x01, 0xf1, 0x01, 0xf1, 0x01, 0xf1, 0x01, 0xf1, 0x01, 0xf1, 0x01, 0xf1, 0x01, 0xf1,
    0x01, 0xf1, 0x01, 0xf1, 0x01, 0xf1, 0x01, 0xf1, 0x01, 0xf1, 0x01, 0xf1, 0x01, 0xf1, 0x01, 0xf1,
    0x02, 0xf1, 0x01, 0xf1, 0x01, 0xf1, 0x01, 0xf1, 0x01, 0xf1, 0x01, 0xf1, 0x01, 0xf1, 0x01, 0xf1,
    0x01, 0xf1, 0x01, 0xf1, 0x01, 0xf1, 0x01, 0xf1, 0x02, 0xf1, 0x01, 0xf1, 0x01, 0xf1, 0x01, 0xf1,
    0x01, 0xf1, 0x01, 0xf1, 0x01, 0xf1, 0x01, 0xf1, 0x01, 0xf1, 0x01, 0xf1, 0x01, 0xf1, 0x01, 0xf1,
    0x01, 0xf1, 0x01, 0xf1, 0x01, 0xf1, 0x01, 0xf1, 0x01, 0xf1, 0x01, 0xf1, 0x02, 0xf1, 0x02, 0xf1,
    0x01, 0xf1, 0x01, 0xf1, 0x01, 0xf1, 0x01, 0xf1, 0x01, 0xf1, 0x01, 0xf1, 0x01, 0xf1, 0x01, 0xf1,
    0x01, 0xf1, 0x01, 0xf1, 0x01, 0xf1, 0x01, 0xf1, 0x01, 0xf1, 0x01, 0xf1, 0x02, 0xf1, 0x13, 0xf1,
    0x24, 0xf2, 0x13, 0xf1, 0x02, 0xf1, 0x01, 0xf1, 0x01, 0xf1, 0x01, 0xf0, 0x01, 0xf0, 0x01, 0xf0,
    0x01, 0xf1, 0x01, 0xf1, 0x01, 0xf1, 0x01, 0xf1, 0x01, 0xf1, 0x01, 0xf1, 0x01, 0xf1, 0x01, 0xf1,
    0x01, 0xf1, 0x01, 0xf1, 0x01, 0xf1, 0x01, 0xf1, 0x01, 0xf1, 0x01, 0xf1, 0x01, 0xf1, 0x01, 0xf1,
    0x01, 0xf1, 0x01, 0xf1, 0x01, 0xf1, 0x01, 0xf1, 0x01, 0xf1, 0x01, 0xf1, 0x01, 0xf1, 0x01, 0xf1,
    0x01, 0xf1, 0x01, 0xf1, 0x01, 0xf1, 0x01, 0xf1, 0x01, 0xf1, 0x01, 0xf1, 0x01, 0xf1, 0x01, 0xf1,
    0x01, 0xf1, 0x01, 0xf1, 0x01, 0xf1, 0x01, 0xf1, 0x01, 0xf1, 0x01, 0xf1, 0x01, 0xf1, 0x01, 0xf1,
    0x01, 0xf1, 0x01, 0xf1, 0x01, 0xf1, 0x01, 0xf0, 0x01, 0xf0, 0x01, 0xf0, 0x01, 0xf0, 0x01, 0xf1,
    0x01, 0xf1, 0x01, 0xf1, 0x01, 0xf1, 0x01, 0xf1, 0x01, 0xf1, 0x01, 0xf1, 0x01, 0xf1, 0x01, 0xf1,
    0x01, 0xf0, 0x01, 0xf1, 0x01, 0xf1, 0x01, 0xf1, 0x01, 0xf1, 0x01, 0xf1, 0x01, 0xf1, 0x01, 0xf1,
    0x01, 0xf1, 0x01, 0xf1, 0x01, 0xf1, 0x01, 0xf1, 0x01, 0xf1, 0x01, 0xf1, 0x01, 0xf1, 0x01, 0xf1,
    0x01, 0xf1, 0x01, 0xf1, 0x01, 0xf1, 0x01, 0xf1, 0x01, 0xf1, 0x01, 0xf1, 0x01, 0xf1, 0x01, 0xf0,
    0x01, 0xf0, 0x01, 0xf1, 0x01, 0xf1, 0x01, 0xf1, 0x01, 0xf1, 0x01, 0xf1, 0x01, 0xf1, 0x01, 0xf0,
    0x01, 0xf0, 0x01, 0xf0, 0x01, 0xf1, 0x01, 0xf1, 0x01, 0xf1, 0x13, 0xf1, 0x46, 0xf2, 0x35, 0xf2,
    0x02, 0xf1, 0x02, 0xf1, 0x02, 0xf1, 0x01, 0xf0, 0x01, 0xf1, 0x01, 0xf1, 0x02, 0xf1, 0x02, 0xf1,
    0x02, 0xf1, 0x01, 0xf1, 0x01, 0xf0, 0x01, 0xf0, 0x01, 0xf0, 0x01, 0xf0, 0x01, 0xf0, 0x01, 0xf0,
    0x01, 0xf0, 0x01, 0xf0, 0x01, 0xf0, 0x01, 0xf0, 0x01, 0xf1, 0x01, 0xf1, 0x01, 0xf0, 0x01, 0xf0,
    0x01, 0xf0, 0x01, 0xf0, 0x01, 0xf1, 0x01, 0xf0, 0x01, 0xf0, 0x01, 0xf0, 0x01, 0xf0, 0x01, 0xf0,
    0x01, 0xf0, 0x01, 0xf0, 0x01, 0xf0, 0x01, 0xf1, 0x01, 0xf1, 0x01, 0xf1, 0x01, 0xf0, 0x01, 0xf0,
    0x01, 0xf0, 0x01, 0xf0, 0x01, 0xf0, 0x01, 0xf1, 0x01, 0xf0, 0x01, 0xf0, 0x01, 0xf0, 0x01, 0xf0,
    0x01, 0xf0, 0x01, 0xf0, 0x01, 0xf0, 0x01, 0xf0, 0x01, 0xf1, 0x01, 0xf1, 0x01, 0xf0, 0x01, 0xf1,
    0x01, 0xf1, 0x01, 0xf1, 0x01, 0xf1, 0x01, 0xf1, 0x01, 0xf1, 0x01, 0xf1, 0x01, 0xf1, 0x01, 0xf1,
    0x01, 0xf1, 0x01, 0xf1, 0x01, 0xf1, 0x01, 0xf1, 0x01, 0xf1, 0x01, 0xf1, 0x01, 0xf1, 0x01, 0xf1,
    0x01, 0xf1, 0x01, 0xf1, 0x01, 0xf1, 0x01, 0xf1, 0x01, 0xf1, 0x01, 0xf1, 0x01, 0xf1, 0x01, 0xf1,
    0x01, 0xf1, 0x01, 0xf1, 0x01, 0xf1, 0x01, 0xf1, 0x01, 0xf1, 0x01, 0xf1, 0x01, 0xf1, 0x23, 0xf2,
    0x13, 0xf1, 0x01, 0xf1, 0x01, 0xf1, 0x01, 0xf1, 0x01, 0xf1, 0x01, 0xf1, 0x01, 0xf1, 0x01, 0xf1,
    0x01, 0xf1, 0x01, 0xf1, 0x01, 0xf1, 0x01, 0xf1, 0x01, 0xf1, 0x01, 0xf1, 0x01, 0xf1, 0x01, 0xf1,
    0x01, 0xf1, 0x01, 0xf1, 0x01, 0xf1, 0x01, 0xf1, 0x01, 0xf1, 0x01, 0xf1, 0x01, 0xf1, 0x01, 0xf1,
    0x01, 0xf1, 0x01, 0xf1, 0x01, 0xf1, 0x01, 0xf1, 0x01, 0xf1, 0x12, 0xf1, 0x25, 0xf2, 0x02, 0xf1,
    0x01, 0xf1, 0x01, 0xf1, 0x01, 0xf1, 0x01, 0xf1, 0x01, 0xf1, 0x01, 0xf1, 0x01, 0xf1, 0x01, 0xf1,
    0x02, 0xf1, 0x01, 0xf1, 0x01, 0xf1, 0x01, 0xf1, 0x01, 0xf1, 0x02, 0xf1, 0x13, 0xf1, 0x46, 0xf2,
    0x79, 0xf3, 0x57, 0xf3, 0x24, 0xf2, 0x02, 0xf1, 0x01, 0xf1, 0x01, 0xf1, 0x01, 0xf1, 0x01, 0xf1,
    0x01, 0xf1, 0x01, 0xf1, 0x01, 0xf1, 0x01, 0xf1, 0x01, 0xf1, 0x01, 0xf1, 0x01, 0xf1, 0x01, 0xf1,
    0x01, 0xf1, 0x01, 0xf1, 0x01, 0xf1, 0x01, 0xf1, 0x01, 0xf1, 0x01, 0xf1, 0x01, 0xf1, 0x01, 0xf1,
    0x01, 0xf1, 0x01, 0xf1, 0x01, 0xf1, 0x01, 0xf1, 0x01, 0xf1, 0x01, 0xf1, 0x01, 0xf1, 0x01, 0xf1,
    0x01, 0xf1, 0x01, 0xf1, 0x01, 0xf1, 0x01, 0xf1, 0x01, 0xf1, 0x01, 0xf1, 0x01, 0xf1, 0x01, 0xf1,
    0x01, 0xf1, 0x01, 0xf1, 0x01, 0xf1, 0x01, 0xf1, 0x01, 0xf1, 0x01, 0xf1, 0x01, 0xf1, 0x02, 0xf1,
    0x01, 0xf1, 0x01, 0xf1, 0x01, 0xf1, 0x01, 0xf0, 0x01, 0xf0, 0x01, 0xf0, 0x01, 0xf1, 0x01, 0xf1,
    0x01, 0xf0, 0x01, 0xf1, 0x02, 0xf1, 0x01, 0xf1, 0x01, 0xf1, 0x01, 0xf1, 0x01, 0xf1, 0x01, 0xf0,
    0x01, 0xf1, 0x01, 0xf1, 0x01, 0xf1, 0x01, 0xf1, 0x01, 0xf1, 0x01, 0xf1, 0x01, 0xf1, 0x01, 0xf1,
    0x01, 0xf1, 0x01, 0xf1, 0x01, 0xf1, 0x01, 0xf1, 0x01, 0xf1, 0x01, 0xf1, 0x01, 0xf1, 0x01, 0xf1,
    0x01, 0xf1, 0x01, 0xf1, 0x01, 0xf1, 0x01, 0xf1, 0x01, 0xf1, 0x01, 0xf1, 0x01, 0xf1, 0x01, 0xf0,
    0x01, 0xf1, 0x01, 0xf1, 0x01, 0xf1, 0x01, 0xf1, 0x01, 0xf1, 0x01, 0xf1, 0x01, 0xf1, 0x01, 0xf0,
    0x01, 0xf1, 0x01, 0xf1, 0x01, 0xf0, 0x01, 0xf1, 0x01, 0xf1, 0x01, 0xf1, 0x01, 0xf1, 0x02, 0xf1,
    0x01, 0xf1, 0x01, 0xf1, 0x02, 0xf1, 0x01, 0xf1, 0x01, 0xf1, 0x01, 0xf1, 0x13, 0xf1, 0x46, 0xf2,
    0x36, 0xf2, 0x02, 0xf1, 0x01, 0xf0, 0x01, 0xf0, 0x01, 0xf1, 0x01, 0xf1, 0x01, 0xf0, 0x01, 0xf0,
    0x01, 0xf0, 0x01, 0xf0, 0x01, 0xf0, 0x01, 0xf0, 0x01, 0xf1, 0x01, 0xf1, 0x01, 0xf1, 0x01, 0xf0,
    0x01, 0xf0, 0x01, 0xf0, 0x01, 0xf1, 0x01, 0xf0, 0x01, 0xf0, 0x01, 0xf0, 0x01, 0xf0, 0x01, 0xf0,
    0x01, 0xf0, 0x01, 0xf0, 0x01, 0xf0, 0x01, 0xf0, 0x01, 0xf0, 0x01, 0xf0, 0x01, 0xf0, 0x01, 0xf0,
    0x01, 0xf0, 0x01, 0xf0, 0x01, 0xf1, 0x01, 0xf1, 0x01, 0xf1, 0x01, 0xf1, 0x01, 0xf0, 0x01, 0xf1,
    0x01, 0xf0, 0x01, 0xf0, 0x01, 0xf1, 0x01, 0xf0, 0x01, 0xf1, 0x01, 0xf1, 0x01, 0xf0, 0x01, 0xf0,
    0x01, 0xf1, 0x01, 0xf1, 0x01, 0xf1, 0x01, 0xf1, 0x01, 0xf1, 0x01, 0xf1, 0x01, 0xf1, 0x01, 0xf1,
    0x01, 0xf1, 0x01, 0xf1, 0x01, 0xf1, 0x01, 0xf1, 0x01, 0xf1, 0x01, 0xf1, 0x01, 0xf1, 0x01, 0xf1,
    0x01, 0xf1, 0x01, 0xf1, 0x01, 0xf1, 0x01, 0xf1, 0x01, 0xf1, 0x01, 0xf1, 0x01, 0xf1, 0x01, 0xf1,
    0x01, 0xf1, 0x01, 0xf1, 0x01, 0xf1, 0x01, 0xf1, 0x01, 0xf1, 0x01, 0xf1, 0x01, 0xf1, 0x02, 0xf1,
    0x02, 0xf1, 0x02, 0xf1, 0x01, 0xf1, 0x01, 0xf1, 0x01, 0xf1, 0x01, 0xf1, 0x01, 0xf1, 0x01, 0xf1,
    0x01, 0xf1, 0x01, 0xf1, 0x01, 0xf1, 0x01, 0xf1, 0x01, 0xf1, 0x01, 0xf1, 0x01, 0xf1, 0x01, 0xf1,
    0x01, 0xf1, 0x01, 0xf1, 0x01, 0xf1, 0x01, 0xf1, 0x02, 0xf1, 0x01, 0xf1, 0x01, 0xf1, 0x01, 0xf1,
    0x01, 0xf1, 0x01, 0xf1, 0x01, 0xf1, 0x01, 0xf1, 0x01, 0xf1, 0x01, 0xf1, 0x02, 0xf1, 0x02, 0xf1,
    0x02, 0xf1, 0x01, 0xf1, 0x02, 0xf1, 0x12, 0xf1, 0x02, 0xf1, 0x01, 0xf1, 0x01, 0xf1, 0x02, 0xf1,
    0x02, 0xf1, 0x01, 0xf1, 0x01, 0xf1, 0x01, 0xf1, 0x01, 0xf1, 0x02, 0xf1, 0x13, 0xf1, 0x68, 0xf3,
    0x9a, 0xf9, 0x8a, 0xf6, 0x35, 0xf2, 0x12, 0xf1, 0x01, 0xf1, 0x01, 0xf1, 0x01, 0xf1, 0x01, 0xf1,
    0x01, 0xf1, 0x01, 0xf1, 0x01, 0xf1, 0x02, 0xf1, 0x01, 0xf1, 0x01, 0xf1, 0x01, 0xf1, 0x01, 0xf1,
    0x01, 0xf1, 0x01, 0xf1, 0x01, 0xf1, 0x01, 0xf1, 0x01, 0xf1, 0x01, 0xf1, 0x01, 0xf1, 0x01, 0xf1,
    0x01, 0xf1, 0x01, 0xf1, 0x01, 0xf1, 0x01, 0xf1, 0x01, 0xf1, 0x01, 0xf1, 0x01, 0xf1, 0x01, 0xf1,
    0x01, 0xf1, 0x01, 0xf1, 0x01, 0xf1, 0x01, 0xf1, 0x01, 0xf1, 0x01, 0xf1, 0x01, 0xf1, 0x01, 0xf1,
    0x01, 0xf1, 0x01, 0xf1, 0x01, 0xf1, 0x01, 0xf1, 0x01, 0xf1, 0x01, 0xf1, 0x01, 0xf1, 0x01, 0xf0,
    0x01, 0xf1, 0x01, 0xf0, 0x01, 0xf0, 0x01, 0xf0, 0x01, 0xf0, 0x01, 0xf1, 0x02, 0xf1, 0x01, 0xf1,
    0x01, 0xf1, 0x01, 0xf1, 0x01, 0xf1, 0x01, 0xf1, 0x01, 0xf1, 0x01, 0xf1, 0x01, 0xf0, 0x01, 0xf1,
    0x01, 0xf1, 0x01, 0xf1, 0x01, 0xf1, 0x01, 0xf1, 0x01, 0xf1, 0x01, 0xf1, 0x01, 0xf1, 0x01, 0xf1,
    0x01, 0xf1, 0x01, 0xf1, 0x01, 0xf1, 0x01, 0xf1, 0x01, 0xf1, 0x01, 0xf1, 0x01, 0xf1, 0x01, 0xf1,
    0x01, 0xf1, 0x01, 0xf1, 0x01, 0xf1, 0x01, 0xf1, 0x01, 0xf1, 0x01, 0xf1, 0x01, 0xf1, 0x01, 0xf1,
    0x01, 0xf1, 0x01, 0xf1, 0x01, 0xf1, 0x01, 0xf1, 0x01, 0xf1, 0x01, 0xf1, 0x01, 0xf1, 0x01, 0xf1,
    0x01, 0xf0, 0x01, 0xf1, 0x01, 0xf1, 0x02, 0xf1, 0x01, 0xf1, 0x01, 0xf1, 0x01, 0xf1, 0x01, 0xf1,
    0x01, 0xf0, 0x01, 0xf0, 0x01, 0xf1, 0x01, 0xf1, 0x02, 0xf1, 0x13, 0xf1, 0x25, 0xf2, 0x79, 0xf3,
    0x58, 0xf3, 0x02, 0xf1, 0x01, 0xf0, 0x01, 0xf0, 0x01, 0xf1, 0x12, 0xf1, 0x01, 0xf0, 0x01, 0xf0,
    0x01, 0xf0, 0x01, 0xf0, 0x01, 0xf0, 0x01, 0xf0, 0x01, 0xf1, 0x01, 0xf0, 0x01, 0xf0, 0x01, 0xf0,
    0x01, 0xf0, 0x01, 0xf0, 0x01, 0xf0, 0x01, 0xf0, 0x01, 0xf0, 0x01, 0xf0, 0x01, 0xf0, 0x01, 0xf0,
    0x01, 0xf0, 0x01, 0xf0, 0x01, 0xf0, 0x01, 0xf0, 0x01, 0xf0, 0x01, 0xf0, 0x01, 0xf0, 0x01, 0xf0,
    0x01, 0xf0, 0x01, 0xf0, 0x01, 0xf1, 0x01, 0xf0, 0x01, 0xf1, 0x01, 0xf0, 0x01, 0xf0, 0x01, 0xf0,
    0x01, 0xf1, 0x01, 0xf1, 0x01, 0xf0, 0x01, 0xf1, 0x01, 0xf1, 0x01, 0xf1, 0x01, 0xf1, 0x01, 0xf1,
    0x01, 0xf1, 0x01, 0xf1, 0x01, 0xf1, 0x01, 0xf1, 0x01, 0xf1, 0x01, 0xf1, 0x01, 0xf1, 0x01, 0xf1,
    0x01, 0xf1, 0x01, 0xf1, 0x01, 0xf1, 0x01, 0xf0, 0x01, 0xf1, 0x01, 0xf1, 0x01, 0xf1, 0x01, 0xf1,
    0x01, 0xf1, 0x01, 0xf1, 0x01, 0xf1, 0x01, 0xf1, 0x01, 0xf1, 0x01, 0xf1, 0x01, 0xf1, 0x01, 0xf1,
    0x01, 0xf1, 0x01, 0xf1, 0x01, 0xf1, 0x01, 0xf1, 0x01, 0xf1, 0x01, 0xf1, 0x01, 0xf1, 0x01, 0xf1,
    0x01, 0xf1, 0x01, 0xf1, 0x02, 0xf1, 0x01, 0xf1, 0x01, 0xf1, 0x01, 0xf1, 0x01, 0xf1, 0x01, 0xf1,
    0x01, 0xf1, 0x01, 0xf1, 0x01, 0xf1, 0x01, 0xf1, 0x01, 0xf1, 0x01, 0xf1, 0x01, 0xf1, 0x01, 0xf1,
    0x01, 0xf1, 0x01, 0xf1, 0x01, 0xf1, 0x01, 0xf1, 0x01, 0xf1, 0x01, 0xf1, 0x01, 0xf1, 0x01, 0xf1,
    0x01, 0xf1, 0x01, 0xf1, 0x01, 0xf1, 0x02, 0xf1, 0x01, 0xf1, 0x01, 0xf1, 0x01, 0xf1, 0x01, 0xf1,
    0x01, 0xf1, 0x01, 0xf1, 0x01, 0xf1, 0x01, 0xf1, 0x02, 0xf1, 0x01, 0xf1, 0x01, 0xf1, 0x02, 0xf1,
    0x12, 0xf1, 0x01, 0xf1, 0x01, 0xf1, 0x01, 0xf1, 0x01, 0xf1, 0x02, 0xf1, 0x13, 0xf1, 0x47, 0xf3,
    0x8b, 0xf5, 0x68, 0xf3, 0x24, 0xf2, 0x02, 0xf1, 0x01, 0xf1, 0x01, 0xf1, 0x01, 0xf1, 0x01, 0xf1,
    0x01, 0xf1, 0x01, 0xf1, 0x01, 0xf1, 0x02, 0xf1, 0x01, 0xf1, 0x01, 0xf1, 0x01, 0xf1, 0x01, 0xf1,
    0x01, 0xf1, 0x01, 0xf1, 0x01, 0xf1, 0x01, 0xf1, 0x01, 0xf1, 0x02, 0xf1, 0x02, 0xf1, 0x01, 0xf1,
    0x01, 0xf1, 0x01, 0xf1, 0x01, 0xf1, 0x01, 0xf1, 0x01, 0xf1, 0x01, 0xf1, 0x01, 0xf1, 0x01, 0xf1,
    0x01, 0xf1, 0x01, 0xf1, 0x01, 0xf1, 0x01, 0xf1, 0x01, 0xf1, 0x01, 0xf1, 0x01, 0xf1, 0x01, 0xf1,
    0x01, 0xf1, 0x01, 0xf1, 0x01, 0xf1, 0x01, 0xf1, 0x01, 0xf1, 0x01, 0xf1, 0x01, 0xf1, 0x01, 0xf0,
    0x01, 0xf0, 0x01, 0xf0, 0x01, 0xf0, 0x01, 0xf1, 0x01, 0xf1, 0x01, 0xf1, 0x01, 0xf1, 0x01, 0xf1,
    0x01, 0xf1, 0x01, 0xf1, 0x01, 0xf0, 0x01, 0xf1, 0x01, 0xf1, 0x01, 0xf1, 0x01, 0xf1, 0x01, 0xf1,
    0x01, 0xf1, 0x01, 0xf1, 0x01, 0xf1, 0x01, 0xf1, 0x01, 0xf1, 0x01, 0xf1, 0x01, 0xf1, 0x01, 0xf0,
    0x01, 0xf0, 0x01, 0xf1, 0x01, 0xf1, 0x01, 0xf1, 0x01, 0xf1, 0x01, 0xf1, 0x01, 0xf1, 0x01, 0xf1,
    0x01, 0xf1, 0x01, 0xf1, 0x01, 0xf1, 0x01, 0xf1, 0x01, 0xf1, 0x01, 0xf1, 0x01, 0xf1, 0x01, 0xf1,
    0x01, 0xf1, 0x01, 0xf1, 0x01, 0xf1, 0x01, 0xf1, 0x01, 0xf1, 0x01, 0xf1, 0x01, 0xf1, 0x01, 0xf1,
    0x01, 0xf1, 0x01, 0xf1, 0x01, 0xf1, 0x01, 0xf0, 0x01, 0xf1, 0x01, 0xf0, 0x01, 0xf0, 0x01, 0xf0,
    0x01, 0xf0, 0x01, 0xf0, 0x01, 0xf0, 0x01, 0xf1, 0x13, 0xf1, 0x57, 0xf3, 0x69, 0xf3, 0x46, 0xf2,
    0x23, 0xf2, 0x01, 0xf1, 0x01, 0xf0, 0x01, 0xf0, 0x01, 0xf1, 0x01, 0xf1, 0x01, 0xf0, 0x01, 0xf0,
    0x01, 0xf0, 0x01, 0xf0, 0x01, 0xf0, 0x01, 0xf0, 0x01, 0xf0, 0x01, 0xf0, 0x01, 0xf0, 0x01, 0xf1,
    0x01, 0xf0, 0x01, 0xf0, 0x01, 0xf0, 0x01, 0xf0, 0x01, 0xf0, 0x01, 0xf0, 0x01, 0xf0, 0x01, 0xf0,
    0x01, 0xf0, 0x01, 0xf0, 0x01, 0xf0, 0x01, 0xf0, 0x01, 0xf0, 0x01, 0xf0, 0x01, 0xf1, 0x01, 0xf0,
    0x01, 0xf0, 0x01, 0xf0, 0x01, 0xf0, 0x01, 0xf0, 0x01, 0xf0, 0x01, 0xf1, 0x01, 0xf1, 0x01, 0xf0,
    0x01, 0xf0, 0x01, 0xf0, 0x01, 0xf0, 0x01, 0xf0, 0x01, 0xf1, 0x01, 0xf1, 0x01, 0xf0, 0x01, 0xf0,
    0x01, 0xf1, 0x01, 0xf1, 0x01, 0xf1, 0x01, 0xf1, 0x01, 0xf1, 0x01, 0xf1, 0x01, 0xf1, 0x01, 0xf1,
    0x01, 0xf1, 0x01, 0xf1, 0x01, 0xf1, 0x01, 0xf0, 0x01, 0xf1, 0x01, 0xf1, 0x01, 0xf1, 0x01, 0xf1,
    0x01, 0xf1, 0x01, 0xf1, 0x01, 0xf1, 0x01, 0xf0, 0x01, 0xf0, 0x01, 0xf1, 0x01, 0xf1, 0x01, 0xf1,
    0x01, 0xf1, 0x01, 0xf1, 0x01, 0xf1, 0x01, 0xf1, 0x01, 0xf1, 0x01, 0xf1, 0x01, 0xf1, 0x01, 0xf1,
    0x01, 0xf1, 0x01, 0xf1, 0x01, 0xf1, 0x01, 0xf1, 0x01, 0xf1, 0x01, 0xf1, 0x01, 0xf1, 0x01, 0xf1,
    0x01, 0xf1, 0x01, 0xf1, 0x01, 0xf1, 0x01, 0xf1, 0x01, 0xf1, 0x01, 0xf1, 0x01, 0xf1, 0x01, 0xf1,
    0x01, 0xf1, 0x01, 0xf1, 0x01, 0xf1, 0x01, 0xf1, 0x01, 0xf1, 0x01, 0xf1, 0x01, 0xf1, 0x01, 0xf1,
    0x02, 0xf1, 0x01, 0xf1, 0x01, 0xf1, 0x01, 0xf1, 0x01, 0xf1, 0x01, 0xf1, 0x01, 0xf1, 0x01, 0xf1,
    0x01, 0xf1, 0x01, 0xf1, 0x01, 0xf1, 0x01, 0xf1, 0x01, 0xf1, 0x01, 0xf1, 0x01, 0xf1, 0x01, 0xf1,
    0x01, 0xf1, 0x01, 0xf1, 0x01, 0xf1, 0x01, 0xf1, 0x01, 0xf1, 0x02, 0xf1, 0x02, 0xf1, 0x24, 0xf2,
    0x35, 0xf2, 0x14, 0xf2, 0x02, 0xf1, 0x01, 0xf1, 0x01, 0xf1, 0x01, 0xf1, 0x01, 0xf1, 0x01, 0xf1,
    0x01, 0xf1, 0x01, 0xf1, 0x01, 0xf1, 0x02, 0xf1, 0x01, 0xf1, 0x01, 0xf1, 0x01, 0xf1, 0x01, 0xf1,
    0x01, 0xf1, 0x01, 0xf1, 0x02, 0xf1, 0x01, 0xf1, 0x01, 0xf0, 0x01, 0xf1, 0x01, 0xf1, 0x01, 0xf1,
    0x01, 0xf1, 0x01, 0xf1, 0x01, 0xf1, 0x01, 0xf1, 0x01, 0xf1, 0x01, 0xf1, 0x01, 0xf1, 0x01, 0xf1,
    0x01, 0xf1, 0x01, 0xf1, 0x01, 0xf1, 0x01, 0xf1, 0x01, 0xf1, 0x01, 0xf1, 0x01, 0xf1, 0x01, 0xf1,
    0x01, 0xf1, 0x01, 0xf1, 0x01, 0xf1, 0x01, 0xf1, 0x01, 0xf0, 0x01, 0xf0, 0x01, 0xf1, 0x01, 0xf1,
    0x01, 0xf1, 0x01, 0xf0, 0x01, 0xf1, 0x01, 0xf1, 0x01, 0xf1, 0x01, 0xf1, 0x01, 0xf1, 0x01, 0xf1,
    0x01, 0xf1, 0x01, 0xf1, 0x01, 0xf1, 0x01, 0xf1, 0x01, 0xf1, 0x01, 0xf1, 0x01, 0xf1, 0x01, 0xf1,
    0x01, 0xf1, 0x01, 0xf1, 0x01, 0xf1, 0x01, 0xf1, 0x01, 0xf1, 0x02, 0xf1, 0x02, 0xf1, 0x01, 0xf1,
    0x01, 0xf0, 0x01, 0xf1, 0x01, 0xf1, 0x01, 0xf1, 0x01, 0xf1, 0x01, 0xf1, 0x01, 0xf1, 0x01, 0xf1,
    0x01, 0xf1, 0x01, 0xf1, 0x01, 0xf1, 0x01, 0xf1, 0x01, 0xf1, 0x01, 0xf1, 0x01, 0xf1, 0x01, 0xf1,
    0x01, 0xf1, 0x01, 0xf1, 0x01, 0xf0, 0x01, 0xf1, 0x01, 0xf1, 0x01, 0xf1, 0x01, 0xf1, 0x01, 0xf1,
    0x01, 0xf1, 0x01, 0xf1, 0x01, 0xf1, 0x01, 0xf1, 0x01, 0xf1, 0x01, 0xf0, 0x01, 0xf0, 0x01, 0xf0,
    0x01, 0xf0, 0x01, 0xf0, 0x01, 0xf0, 0x01, 0xf1, 0x13, 0xf1, 0x68, 0xf3, 0x79, 0xf3, 0x24, 0xf2,
    0x01, 0xf1, 0x01, 0xf1, 0x01, 0xf0, 0x01, 0xf0, 0x01, 0xf0, 0x01, 0xf0, 0x01, 0xf1, 0x01, 0xf1,
    0x01, 0xf0, 0x01, 0xf0, 0x01, 0xf0, 0x01, 0xf0, 0x01, 0xf0, 0x01, 0xf0, 0x01, 0xf1, 0x01, 0xf1,
    0x02, 0xf1, 0x01, 0xf1, 0x01, 0xf0, 0x01, 0xf0, 0x01, 0xf0, 0x01, 0xf0, 0x01, 0xf0, 0x01, 0xf0,
    0x01, 0xf1, 0x01, 0xf1, 0x01, 0xf0, 0x01, 0xf0, 0x01, 0xf0, 0x01, 0xf0, 0x01, 0xf0, 0x01, 0xf0,
    0x01, 0xf0, 0x01, 0xf0, 0x01, 0xf0, 0x01, 0xf0, 0x01, 0xf1, 0x01, 0xf1, 0x01, 0xf1, 0x01, 0xf0,
    0x01, 0xf0, 0x01, 0xf1, 0x13, 0xf1, 0x01, 0xf1, 0x01, 0xf1, 0x01, 0xf0, 0x01, 0xf0, 0x01, 0xf1,
    0x01, 0xf1, 0x01, 0xf1, 0x01, 0xf1, 0x01, 0xf1, 0x01, 0xf1, 0x01, 0xf1, 0x01, 0xf1, 0x01, 0xf1,
    0x01, 0xf1, 0x01, 0xf1, 0x01, 0xf1, 0x01, 0xf0, 0x01, 0xf0, 0x01, 0xf1, 0x01, 0xf1, 0x01, 0xf1,
    0x01, 0xf1, 0x01, 0xf1, 0x01, 0xf1, 0x01, 0xf1, 0x01, 0xf1, 0x01, 0xf1, 0x01, 0xf1, 0x01, 0xf1,
    0x01, 0xf1, 0x01, 0xf1, 0x01, 0xf1, 0x01, 0xf1, 0x01, 0xf1, 0x01, 0xf1, 0x01, 0xf1, 0x01, 0xf1,
    0x01, 0xf1, 0x01, 0xf1, 0x01, 0xf1, 0x01, 0xf1, 0x01, 0xf1, 0x01, 0xf1, 0x01, 0xf1, 0x01, 0xf1,
    0x01, 0xf1, 0x01, 0xf1, 0x01, 0xf1, 0x01, 0xf1, 0x01, 0xf1, 0x01, 0xf1, 0x01, 0xf1, 0x01, 0xf1,
    0x01, 0xf1, 0x01, 0xf1, 0x01, 0xf1, 0x01, 0xf1, 0x01, 0xf1, 0x01, 0xf1, 0x01, 0xf1, 0x01, 0xf1,
    0x01, 0xf1, 0x01, 0xf1, 0x01, 0xf1, 0x01, 0xf1, 0x01, 0xf1, 0x02, 0xf1, 0x02, 0xf1, 0x02, 0xf1,
    0x01, 0xf1, 0x01, 0xf1, 0x01, 0xf1, 0x01, 0xf1, 0x01, 0xf1, 0x01, 0xf1, 0x01, 0xf1, 0x01, 0xf1,
    0x01, 0xf1, 0x01, 0xf1, 0x01, 0xf1, 0x01, 0xf1, 0x02, 0xf1, 0x01, 0xf1, 0x01, 0xf1, 0x02, 0xf1,
    0x02, 0xf1, 0x02, 0xf1, 0x01, 0xf1, 0x01, 0xf1, 0x01, 0xf1, 0x12, 0xf1, 0x02, 0xf1, 0x01, 0xf1,
    0x01, 0xf1, 0x01, 0xf1, 0x01, 0xf1, 0x01, 0xf1, 0x01, 0xf1, 0x01, 0xf1, 0x01, 0xf1, 0x01, 0xf1,
    0x01, 0xf1, 0x01, 0xf1, 0x02, 0xf1, 0x01, 0xf1, 0x01, 0xf1, 0x01, 0xf1, 0x01, 0xf1, 0x01, 0xf1,
    0x01, 0xf1, 0x01, 0xf1, 0x01, 0xf1, 0x01, 0xf1, 0x01, 0xf1, 0x01, 0xf1, 0x01, 0xf1, 0x01, 0xf1,
    0x01, 0xf1, 0x01, 0xf1, 0x01, 0xf1, 0x01, 0xf1, 0x01, 0xf1, 0x01, 0xf1, 0x01, 0xf1, 0x01, 0xf1,
    0x01, 0xf1, 0x01, 0xf1, 0x01, 0xf1, 0x01, 0xf1, 0x01, 0xf1, 0x01, 0xf0, 0x01, 0xf1, 0x01, 0xf1,
    0x01, 0xf1, 0x01, 0xf1, 0x01, 0xf1, 0x01, 0xf1, 0x01, 0xf1, 0x01, 0xf1, 0x01, 0xf0, 0x01, 0xf0,
    0x01, 0xf0, 0x01, 0xf1, 0x01, 0xf1, 0x01, 0xf0, 0x01, 0xf0, 0x01, 0xf1, 0x01, 0xf1, 0x01, 0xf1,
    0x01, 0xf1, 0x01, 0xf1, 0x01, 0xf1, 0x01, 0xf1, 0x01, 0xf1, 0x01, 0xf1, 0x01, 0xf1, 0x01, 0xf1,
    0x01, 0xf1, 0x01, 0xf1, 0x01, 0xf1, 0x01, 0xf1, 0x01, 0xf1, 0x01, 0xf1, 0x01, 0xf1, 0x01, 0xf1,
    0x01, 0xf1, 0x01, 0xf0, 0x01, 0xf1, 0x01, 0xf1, 0x01, 0xf1, 0x01, 0xf1, 0x01, 0xf1, 0x01, 0xf1,
    0x01, 0xf1, 0x01, 0xf1, 0x01, 0xf1, 0x01, 0xf1, 0x01, 0xf1, 0x01, 0xf1, 0x01, 0xf1, 0x01, 0xf1,
    0x02, 0xf1, 0x47, 0xf2, 0x13, 0xf1, 0x01, 0xf1, 0x01, 0xf1, 0x01, 0xf0, 0x01, 0xf0, 0x01, 0xf0,
    0x01, 0xf0, 0x00, 0xf0, 0x01, 0xf0, 0x01, 0xf1, 0x02, 0xf1, 0x13, 0xf1, 0x24, 0xf2, 0x02, 0xf1,
    0x01, 0xf1, 0x01, 0xf0, 0x01, 0xf0, 0x01, 0xf0, 0x01, 0xf0, 0x01, 0xf0, 0x01, 0xf1, 0x01, 0xf1,
    0x01, 0xf0, 0x01, 0xf0, 0x01, 0xf0, 0x01, 0xf0, 0x01, 0xf1, 0x01, 0xf0, 0x01, 0xf1, 0x01, 0xf1,
    0x01, 0xf1, 0x01, 0xf1, 0x01, 0xf0, 0x01, 0xf0, 0x01, 0xf0, 0x01, 0xf1, 0x01, 0xf0, 0x01, 0xf0,
    0x01, 0xf0, 0x01, 0xf0, 0x01, 0xf0, 0x01, 0xf0, 0x01, 0xf0, 0x01, 0xf0, 0x01, 0xf0, 0x01, 0xf0,
    0x01, 0xf0, 0x01, 0xf0, 0x01, 0xf0, 0x01, 0xf1, 0x01, 0xf0, 0x01, 0xf0, 0x01, 0xf0, 0x01, 0xf0,
    0x01, 0xf1, 0x01, 0xf1, 0x13, 0xf1, 0x01, 0xf1, 0x01, 0xf0, 0x01, 0xf0, 0x01, 0xf1, 0x01, 0xf1,
    0x01, 0xf1, 0x01, 0xf1, 0x01, 0xf1, 0x01, 0xf1, 0x01, 0xf1, 0x01, 0xf1, 0x01, 0xf1, 0x01, 0xf1,
    0x01, 0xf1, 0x01, 0xf1, 0x01, 0xf1, 0x01, 0xf1, 0x01, 0xf1, 0x01, 0xf1, 0x01, 0xf1, 0x01, 0xf1,
    0x01, 0xf1, 0x01, 0xf1, 0x01, 0xf1, 0x01, 0xf1, 0x01, 0xf1, 0x01, 0xf1, 0x01, 0xf1, 0x01, 0xf1,
    0x01, 0xf1, 0x01, 0xf1, 0x01, 0xf1, 0x01, 0xf1, 0x01, 0xf1, 0x01, 0xf1, 0x01, 0xf1, 0x01, 0xf1,
    0x01, 0xf1, 0x01, 0xf1, 0x01, 0xf1, 0x01, 0xf1, 0x01, 0xf1, 0x01, 0xf1, 0x01, 0xf1, 0x01, 0xf1,
    0x01, 0xf1, 0x01, 0xf1, 0x01, 0xf1, 0x01, 0xf1, 0x01, 0xf1, 0x01, 0xf1, 0x01, 0xf1, 0x01, 0xf1,
    0x01, 0xf1, 0x01, 0xf1, 0x02, 0xf1, 0x01, 0xf1, 0x01, 0xf1, 0x01, 0xf1, 0x01, 0xf1, 0x01, 0xf1,
    0x01, 0xf1, 0x01, 0xf1, 0x01, 0xf1, 0x01, 0xf1, 0x01, 0xf1, 0x02, 0xf1, 0x01, 0xf1, 0x01, 0xf1,
    0x01, 0xf1, 0x01, 0xf1, 0x02, 0xf1, 0x01, 0xf1, 0x02, 0xf1, 0x02, 0xf1, 0x01, 0xf1, 0x02, 0xf1,
    0x02, 0xf1, 0x01, 0xf1, 0x01, 0xf1, 0x01, 0xf1, 0x01, 0xf1, 0x01, 0xf1, 0x01, 0xf1, 0x01, 0xf1,
    0x02, 0xf1, 0x01, 0xf1, 0x01, 0xf1, 0x01, 0xf1, 0x02, 0xf1, 0x13, 0xf1, 0x46, 0xf2, 0x12, 0xf1,
    0x01, 0xf1, 0x01, 0xf1, 0x01, 0xf1, 0x01, 0xf1, 0x01, 0xf1, 0x01, 0xf1, 0x01, 0xf1, 0x01, 0xf1,
    0x01, 0xf1, 0x01, 0xf1, 0x01, 0xf1, 0x01, 0xf1, 0x01, 0xf1, 0x01, 0xf1, 0x01, 0xf1, 0x01, 0xf1,
    0x01, 0xf1, 0x01, 0xf1, 0x01, 0xf1, 0x01, 0xf1, 0x01, 0xf1, 0x01, 0xf1, 0x01, 0xf1, 0x01, 0xf1,
    0x01, 0xf1, 0x01, 0xf1, 0x01, 0xf1, 0x01, 0xf1, 0x01, 0xf1, 0x01, 0xf1, 0x01, 0xf1, 0x01, 0xf1,
    0x01, 0xf1, 0x01, 0xf1, 0x01, 0xf1, 0x01, 0xf1, 0x01, 0xf1, 0x01, 0xf1, 0x01, 0xf1, 0x01, 0xf1,
    0x01, 0xf1, 0x01, 0xf1, 0x01, 0xf1, 0x01, 0xf1, 0x01, 0xf1, 0x01, 0xf1, 0x01, 0xf0, 0x01, 0xf1,
    0x01, 0xf1, 0x01, 0xf1, 0x01, 0xf1, 0x01, 0xf0, 0x01, 0xf1, 0x01, 0xf1, 0x01, 0xf1, 0x01, 0xf1,
    0x01, 0xf1, 0x01, 0xf1, 0x01, 0xf1, 0x01, 0xf1, 0x01, 0xf1, 0x01, 0xf1, 0x01, 0xf1, 0x01, 0xf1,
    0x02, 0xf1, 0x01, 0xf1, 0x01, 0xf1, 0x01, 0xf1, 0x01, 0xf1, 0x01, 0xf1, 0x01, 0xf1, 0x01, 0xf1,
    0x01, 0xf1, 0x01, 0xf0, 0x01, 0xf1, 0x01, 0xf1, 0x01, 0xf1, 0x01, 0xf1, 0x01, 0xf0, 0x01, 0xf0,
    0x01, 0xf0, 0x01, 0xf1, 0x01, 0xf1, 0x01, 0xf1, 0x01, 0xf1, 0x01, 0xf1, 0x01, 0xf1, 0x01, 0xf1,
    0x02, 0xf1, 0x24, 0xf2, 0x02, 0xf1, 0x01, 0xf1, 0x01, 0xf1, 0x01, 0xf0, 0x01, 0xf1, 0x01, 0xf0,
    0x01, 0xf0, 0x01, 0xf0, 0x01, 0xf0, 0x01, 0xf0, 0x01, 0xf1, 0x01, 0xf1, 0x01, 0xf1, 0x01, 0xf1,
    0x01, 0xf0, 0x01, 0xf0, 0x01, 0xf1, 0x01, 0xf1, 0x01, 0xf0, 0x01, 0xf0, 0x01, 0xf0, 0x01, 0xf0,
    0x01, 0xf0, 0x01, 0xf1, 0x01, 0xf0, 0x01, 0xf1, 0x01, 0xf1, 0x01, 0xf1, 0x01, 0xf0, 0x01, 0xf0,
    0x01, 0xf0, 0x01, 0xf0, 0x01, 0xf0, 0x01, 0xf0, 0x01, 0xf0, 0x01, 0xf0, 0x01, 0xf0, 0x01, 0xf0,
    0x01, 0xf0, 0x01, 0xf0, 0x01, 0xf0, 0x01, 0xf0, 0x01, 0xf0, 0x01, 0xf0, 0x01, 0xf0, 0x01, 0xf0,
    0x01, 0xf0, 0x01, 0xf0, 0x01, 0xf0, 0x01, 0xf0, 0x01, 0xf0, 0x01, 0xf0, 0x01, 0xf0, 0x01, 0xf1,
    0x01, 0xf1, 0x01, 0xf1, 0x01, 0xf1, 0x01, 0xf1, 0x01, 0xf1, 0x01, 0xf0, 0x01, 0xf1, 0x01, 0xf1,
    0x01, 0xf1, 0x01, 0xf1, 0x01, 0xf1, 0x02, 0xf1, 0x01, 0xf1, 0x01, 0xf1, 0x01, 0xf1, 0x01, 0xf1,
    0x01, 0xf1, 0x01, 0xf1, 0x01, 0xf1, 0x01, 0xf1, 0x01, 0xf1, 0x01, 0xf1, 0x01, 0xf1, 0x01, 0xf0,
    0x01, 0xf0, 0x01, 0xf1, 0x13, 0xf1, 0x01, 0xf1, 0x01, 0xf1, 0x01, 0xf1, 0x01, 0xf1, 0x01, 0xf1,
    0x01, 0xf1, 0x01, 0xf1, 0x01, 0xf1, 0x01, 0xf1, 0x01, 0xf1, 0x01, 0xf1, 0x01, 0xf1, 0x01, 0xf1,
    0x01, 0xf1, 0x01, 0xf1, 0x01, 0xf1, 0x01, 0xf1, 0x01, 0xf1, 0x01, 0xf1, 0x01, 0xf1, 0x01, 0xf1,
    0x01, 0xf1, 0x01, 0xf1, 0x01, 0xf1, 0x01, 0xf1, 0x01, 0xf1, 0x01, 0xf1, 0x01, 0xf1, 0x01, 0xf1,
    0x02, 0xf1, 0x01, 0xf1, 0x02, 0xf1, 0x01, 0xf1, 0x01, 0xf1, 0x01, 0xf1, 0x01, 0xf1, 0x01, 0xf1,
    0x01, 0xf1, 0x01, 0xf1, 0x01, 0xf1, 0x01, 0xf1, 0x01, 0xf1, 0x01, 0xf1, 0x01, 0xf1, 0x01, 0xf1,
    0x01, 0xf1, 0x01, 0xf1, 0x02, 0xf1, 0x01, 0xf1, 0x02, 0xf1, 0x02, 0xf1, 0x01, 0xf1, 0x02, 0xf1,
    0x02, 0xf1, 0x01, 0xf1, 0x01, 0xf1, 0x01, 0xf1, 0x01, 0xf1, 0x02, 0xf1, 0x01, 0xf1, 0x01, 0xf1,
    0x01, 0xf1, 0x01, 0xf1, 0x01, 0xf1, 0x01, 0xf1, 0x01, 0xf1, 0x02, 0xf1, 0x24, 0xf2, 0x02, 0xf1,
    0x01, 0xf1, 0x01, 0xf1, 0x01, 0xf1, 0x01, 0xf1, 0x01, 0xf1, 0x01, 0xf1, 0x01, 0xf1, 0x01, 0xf1,
    0x01, 0xf1, 0x01, 0xf1, 0x01, 0xf1, 0x02, 0xf1, 0x01, 0xf1, 0x01, 0xf1, 0x01, 0xf1, 0x01, 0xf1,
    0x01, 0xf1, 0x01, 0xf1, 0x01, 0xf1, 0x01, 0xf1, 0x01, 0xf1, 0x01, 0xf1, 0x01, 0xf1, 0x01, 0xf1,
    0x01, 0xf1, 0x01, 0xf1, 0x01, 0xf1, 0x01, 0xf1, 0x01, 0xf1, 0x01, 0xf1, 0x01, 0xf1, 0x01, 0xf1,
    0x01, 0xf1, 0x01, 0xf1, 0x01, 0xf1, 0x01, 0xf1, 0x01, 0xf1, 0x01, 0xf1, 0x01, 0xf1, 0x01, 0xf1,
    0x01, 0xf1, 0x01, 0xf1, 0x01, 0xf1, 0x01, 0xf1, 0x01, 0xf1, 0x01, 0xf1, 0x01, 0xf1, 0x01, 0xf1,
    0x01, 0xf1, 0x01, 0xf1, 0x01, 0xf1, 0x01, 0xf1, 0x01, 0xf1, 0x01, 0xf1, 0x01, 0xf1, 0x01, 0xf1,
    0x01, 0xf1, 0x01, 0xf1, 0x01, 0xf1, 0x01, 0xf1, 0x01, 0xf1, 0x01, 0xf1, 0x01, 0xf1, 0x01, 0xf1,
    0x01, 0xf1, 0x01, 0xf1, 0x01, 0xf1, 0x01, 0xf1, 0x01, 0xf1, 0x01, 0xf1, 0x01, 0xf1, 0x01, 0xf1,
    0x01, 0xf1, 0x01, 0xf0, 0x01, 0xf1, 0x01, 0xf1, 0x01, 0xf1, 0x01, 0xf1, 0x01, 0xf0, 0x01, 0xf0,
    0x01, 0xf0, 0x01, 0xf0, 0x01, 0xf1, 0x01, 0xf1, 0x01, 0xf1, 0x01, 0xf1, 0x01, 0xf1, 0x01, 0xf1,
    0x01, 0xf1, 0x01, 0xf0, 0x01, 0xf1, 0x01, 0xf1, 0x01, 0xf1, 0x01, 0xf1, 0x01, 0xf0, 0x01, 0xf0,
    0x01, 0xf0, 0x01, 0xf0, 0x01, 0xf0, 0x01, 0xf0, 0x01, 0xf0, 0x01, 0xf0, 0x01, 0xf0, 0x01, 0xf1,
    0x01, 0xf0, 0x01, 0xf0, 0x01, 0xf1, 0x01, 0xf0, 0x01, 0xf0, 0x01, 0xf0, 0x01, 0xf0, 0x01, 0xf0,
    0x01, 0xf1, 0x01, 0xf1, 0x01, 0xf1, 0x01, 0xf1, 0x01, 0xf1, 0x01, 0xf0, 0x01, 0xf1, 0x01, 0xf0,
    0x01, 0xf1, 0x01, 0xf0, 0x01, 0xf0, 0x01, 0xf0, 0x01, 0xf0, 0x01, 0xf0, 0x01, 0xf0, 0x01, 0xf1,
    0x01, 0xf0, 0x01, 0xf0, 0x01, 0xf0, 0x01, 0xf0, 0x01, 0xf0, 0x01, 0xf0, 0x01, 0xf0, 0x01, 0xf0,
    0x01, 0xf0, 0x01, 0xf0, 0x01, 0xf0, 0x01, 0xf0, 0x01, 0xf0, 0x01, 0xf0, 0x01, 0xf1, 0x01, 0xf0,
    0x01, 0xf1, 0x01, 0xf1, 0x01, 0xf1, 0x01, 0xf1, 0x01, 0xf1, 0x01, 0xf1, 0x01, 0xf1, 0x01, 0xf1,
    0x01, 0xf1, 0x01, 0xf1, 0x01, 0xf1, 0x01, 0xf1, 0x01, 0xf1, 0x01, 0xf1, 0x01, 0xf1, 0x01, 0xf1,
    0x01, 0xf1, 0x01, 0xf1, 0x01, 0xf1, 0x01, 0xf1, 0x01, 0xf1, 0x01, 0xf1, 0x01, 0xf1, 0x01, 0xf1,
    0x01, 0xf0, 0x01, 0xf1, 0x01, 0xf1, 0x01, 0xf1, 0x01, 0xf1, 0x01, 0xf0, 0x01, 0xf0, 0x01, 0xf1,
    0x01, 0xf1, 0x01, 0xf1, 0x01, 0xf1, 0x01, 0xf1, 0x01, 0xf1, 0x01, 0xf1, 0x01, 0xf1, 0x01, 0xf1,
    0x01, 0xf1, 0x01, 0xf1, 0x01, 0xf1, 0x01, 0xf1, 0x01, 0xf1, 0x01, 0xf1, 0x01, 0xf1, 0x01, 0xf1,
    0x01, 0xf1, 0x01, 0xf1, 0x01, 0xf1, 0x01, 0xf1, 0x01, 0xf1, 0x01, 0xf1, 0x12, 0xf1, 0x02, 0xf1,
    0x01, 0xf1, 0x02, 0xf1, 0x01, 0xf1, 0x01, 0xf1, 0x01, 0xf1, 0x01, 0xf1, 0x01, 0xf1, 0x01, 0xf1,
    0x01, 0xf1, 0x01, 0xf1, 0x24, 0xf2, 0x24, 0xf2, 0x02, 0xf1, 0x02, 0xf1, 0x01, 0xf1, 0x13, 0xf1,
    0x02, 0xf1, 0x02, 0xf1, 0x02, 0xf1, 0x02, 0xf1, 0x02, 0xf1, 0x02, 0xf1, 0x02, 0xf1, 0x02, 0xf1,
    0x01, 0xf1, 0x01, 0xf1, 0x01, 0xf1, 0x01, 0xf1, 0x01, 0xf1, 0x02, 0xf1, 0x01, 0xf1, 0x01, 0xf1,
    0x01, 0xf1, 0x01, 0xf1, 0x01, 0xf1, 0x02, 0xf1, 0x01, 0xf1, 0x01, 0xf1, 0x01, 0xf1, 0x01, 0xf1,
    0x01, 0xf1, 0x01, 0xf1, 0x01, 0xf1, 0x01, 0xf0, 0x01, 0xf0, 0x01, 0xf1, 0x01, 0xf1, 0x01, 0xf1,
    0x01, 0xf1, 0x01, 0xf1, 0x01, 0xf1, 0x01, 0xf1, 0x01, 0xf1, 0x01, 0xf1, 0x01, 0xf1, 0x01, 0xf1,
    0x01, 0xf1, 0x01, 0xf1, 0x01, 0xf1, 0x01, 0xf1, 0x01, 0xf1, 0x01, 0xf1, 0x01, 0xf1, 0x01, 0xf1,
    0x01, 0xf1, 0x01, 0xf1, 0x01, 0xf1, 0x01, 0xf1, 0x01, 0xf1, 0x01, 0xf1, 0x01, 0xf1, 0x01, 0xf1,
    0x01, 0xf1, 0x01, 0xf1, 0x01, 0xf1, 0x12, 0xf1, 0x02, 0xf1, 0x01, 0xf1, 0x01, 0xf1, 0x01, 0xf1,
    0x01, 0xf1, 0x01, 0xf1, 0x01, 0xf1, 0x01, 0xf1, 0x01, 0xf1, 0x01, 0xf1, 0x01, 0xf1, 0x01, 0xf1,
    0x01, 0xf1, 0x01, 0xf1, 0x01, 0xf0, 0x01, 0xf1, 0x01, 0xf1, 0x01, 0xf1, 0x01, 0xf1, 0x01, 0xf1,
    0x01, 0xf1, 0x01, 0xf1, 0x01, 0xf1, 0x01, 0xf1, 0x01, 0xf1, 0x01, 0xf1, 0x01, 0xf1, 0x01, 0xf1,
    0x01, 0xf1, 0x01, 0xf1, 0x01, 0xf1, 0x01, 0xf1, 0x01, 0xf1, 0x01, 0xf1, 0x01, 0xf1, 0x01, 0xf1,
    0x01, 0xf1, 0x01, 0xf0, 0x01, 0xf0, 0x01, 0xf0, 0x01, 0xf1, 0x01, 0xf1, 0x01, 0xf0, 0x01, 0xf0,
    0x01, 0xf1, 0x01, 0xf1, 0x01, 0xf1, 0x01, 0xf1, 0x01, 0xf1, 0x01, 0xf1, 0x01, 0xf1, 0x01, 0xf1,
    0x01, 0xf1, 0x01, 0xf1, 0x01, 0xf1, 0x01, 0xf0, 0x01, 0xf1, 0x01, 0xf1, 0x01, 0xf1, 0x01, 0xf0,
    0x01, 0xf1, 0x01, 0xf0, 0x01, 0xf0, 0x01, 0xf0, 0x01, 0xf0, 0x01, 0xf0, 0x01, 0xf0, 0x01, 0xf0,
    0x01, 0xf0, 0x01, 0xf0, 0x01, 0xf0, 0x01, 0xf0, 0x01, 0xf0, 0x01, 0xf0, 0x01, 0xf0, 0x01, 0xf1,
    0x01, 0xf1, 0x12, 0xf1, 0x01, 0xf1, 0x01, 0xf0, 0x01, 0xf1, 0x01, 0xf0, 0x01, 0xf0, 0x01, 0xf0,
    0x01, 0xf0, 0x01, 0xf0, 0x01, 0xf0, 0x01, 0xf0, 0x01, 0xf0, 0x01, 0xf1, 0x01, 0xf1, 0x01, 0xf1,
    0x01, 0xf0, 0x01, 0xf0, 0x01, 0xf1, 0x01, 0xf0, 0x01, 0xf0, 0x01, 0xf0, 0x01, 0xf0, 0x01, 0xf0,
    0x01, 0xf0, 0x01, 0xf1, 0x01, 0xf0, 0x01, 0xf0, 0x01, 0xf0, 0x01, 0xf0, 0x01, 0xf0, 0x01, 0xf1,
    0x01, 0xf1, 0x01, 0xf1, 0x01, 0xf1, 0x02, 0xf1, 0x01, 0xf1, 0x01, 0xf1, 0x01, 0xf1, 0x01, 0xf1,
    0x01, 0xf1, 0x01, 0xf1, 0x01, 0xf1, 0x01, 0xf1, 0x01, 0xf1, 0x01, 0xf1, 0x01, 0xf1, 0x01, 0xf0,
    0x01, 0xf1, 0x01, 0xf1, 0x01, 0xf1, 0x01, 0xf0, 0x01, 0xf1, 0x01, 0xf1, 0x01, 0xf1, 0x01, 0xf1,
    0x01, 0xf1, 0x01, 0xf1, 0x01, 0xf0, 0x01, 0xf0, 0x01, 0xf0, 0x01, 0xf0, 0x01, 0xf0, 0x01, 0xf1,
    0x01, 0xf1, 0x01, 0xf1, 0x01, 0xf1, 0x01, 0xf1, 0x01, 0xf1, 0x01, 0xf1, 0x01, 0xf1, 0x01, 0xf1,
    0x01, 0xf1, 0x01, 0xf1, 0x01, 0xf1, 0x01, 0xf1, 0x01, 0xf1, 0x01, 0xf1, 0x01, 0xf1, 0x01, 0xf1,
    0x01, 0xf1, 0x01, 0xf1, 0x01, 0xf1, 0x02, 0xf1, 0x01, 0xf1, 0x01, 0xf1, 0x12, 0xf1, 0x02, 0xf1,
    0x01, 0xf1, 0x01, 0xf1, 0x01, 0xf1, 0x01, 0xf1, 0x01, 0xf1, 0x01, 0xf1, 0x01, 0xf1, 0x01, 0xf1,
    0x01, 0xf1, 0x01, 0xf1, 0x24, 0xf2, 0x35, 0xf2, 0x02, 0xf1, 0x02, 0xf1, 0x02, 0xf1, 0x13, 0xf1,
    0x02, 0xf1, 0x02, 0xf1, 0x02, 0xf1, 0x02, 0xf1, 0x13, 0xf1, 0x13, 0xf1, 0x13, 0xf1, 0x02, 0xf1,
    0x01, 0xf1, 0x02, 0xf1, 0x01, 0xf1, 0x01, 0xf1, 0x01, 0xf1, 0x01, 0xf1, 0x01, 0xf1, 0x01, 0xf1,
    0x01, 0xf1, 0x01, 0xf1, 0x01, 0xf1, 0x02, 0xf1, 0x02, 0xf1, 0x01, 0xf1, 0x01, 0xf1, 0x01, 0xf1,
    0x01, 0xf1, 0x01, 0xf1, 0x01, 0xf1, 0x01, 0xf1, 0x01, 0xf1, 0x01, 0xf1, 0x01, 0xf1, 0x01, 0xf1,
    0x01, 0xf1, 0x01, 0xf1, 0x01, 0xf0, 0x01, 0xf1, 0x01, 0xf1, 0x01, 0xf1, 0x01, 0xf1, 0x01, 0xf1,
    0x01, 0xf1, 0x01, 0xf0, 0x01, 0xf1, 0x01, 0xf1, 0x01, 0xf1, 0x01, 0xf1, 0x01, 0xf1, 0x01, 0xf1,
    0x01, 0xf1, 0x01, 0xf1, 0x01, 0xf1, 0x01, 0xf1, 0x01, 0xf1, 0x01, 0xf1, 0x01, 0xf1, 0x01, 0xf1,
    0x01, 0xf1, 0x01, 0xf1, 0x01, 0xf1, 0x01, 0xf1, 0x01, 0xf1, 0x01, 0xf1, 0x01, 0xf1, 0x01, 0xf1,
    0x01, 0xf1, 0x01, 0xf1, 0x01, 0xf1, 0x01, 0xf1, 0x01, 0xf1, 0x01, 0xf1, 0x01, 0xf1, 0x01, 0xf1,
    0x01, 0xf1, 0x01, 0xf1, 0x01, 0xf0, 0x01, 0xf1, 0x01, 0xf1, 0x01, 0xf1, 0x01, 0xf1, 0x01, 0xf0,
    0x01, 0xf1, 0x01, 0xf1, 0x01, 0xf0, 0x01, 0xf1, 0x01, 0xf1, 0x01, 0xf1, 0x01, 0xf1, 0x01, 0xf1,
    0x01, 0xf1, 0x01, 0xf1, 0x01, 0xf1, 0x01, 0xf1, 0x01, 0xf1, 0x01, 0xf0, 0x01, 0xf0, 0x01, 0xf1,
    0x01, 0xf1, 0x01, 0xf0, 0x01, 0xf0, 0x01, 0xf0, 0x01, 0xf0, 0x01, 0xf0, 0x01, 0xf0, 0x01, 0xf1,
    0x01, 0xf1, 0x01, 0xf1, 0x01, 0xf1, 0x01, 0xf1, 0x01, 0xf1, 0x01, 0xf1, 0x01, 0xf1, 0x01, 0xf0,
    0x01, 0xf1, 0x01, 0xf1, 0x01, 0xf1, 0x01, 0xf1, 0x01, 0xf1, 0x01, 0xf1, 0x01, 0xf1, 0x01, 0xf1,
    0x01, 0xf1, 0x01, 0xf1, 0x01, 0xf0, 0x01, 0xf0, 0x01, 0xf0, 0x01, 0xf0, 0x01, 0xf0, 0x01, 0xf0,
    0x01, 0xf0, 0x01, 0xf0, 0x01, 0xf0, 0x01, 0xf1, 0x01, 0xf1, 0x01, 0xf0, 0x01, 0xf0, 0x01, 0xf0,
    0x01, 0xf1, 0x02, 0xf1, 0x01, 0xf1, 0x01, 0xf0, 0x01, 0xf1, 0x01, 0xf1, 0x01, 0xf0, 0x01, 0xf1,
    0x01, 0xf0, 0x01, 0xf0, 0x01, 0xf1, 0x01, 0xf0, 0x01, 0xf0, 0x01, 0xf1, 0x01, 0xf1, 0x01, 0xf0,
    0x01, 0xf0, 0x01, 0xf0, 0x01, 0xf1, 0x01, 0xf0, 0x01, 0xf0, 0x01, 0xf0, 0x01, 0xf0, 0x01, 0xf0,
    0x01, 0xf0, 0x01, 0xf0, 0x01, 0xf0, 0x01, 0xf0, 0x01, 0xf0, 0x01, 0xf0, 0x01, 0xf0, 0x01, 0xf1,
    0x01, 0xf1, 0x01, 0xf1, 0x01, 0xf1, 0x01, 0xf1, 0x01, 0xf1, 0x01, 0xf1, 0x01, 0xf1, 0x01, 0xf1,
    0x01, 0xf1, 0x01, 0xf1, 0x01, 0xf1, 0x01, 0xf1, 0x01, 0xf1, 0x01, 0xf1, 0x01, 0xf1, 0x01, 0xf0,
    0x01, 0xf0, 0x01, 0xf0, 0x01, 0xf1, 0x01, 0xf1, 0x01, 0xf1, 0x01, 0xf1, 0x01, 0xf1, 0x01, 0xf1,
    0x01, 0xf1, 0x01, 0xf1, 0x01, 0xf1, 0x01, 0xf1, 0x01, 0xf1, 0x01, 0xf0, 0x01, 0xf1, 0x01, 0xf1,
    0x01, 0xf1, 0x01, 0xf1, 0x01, 0xf1, 0x01, 0xf1, 0x01, 0xf1, 0x01, 0xf1, 0x01, 0xf1, 0x01, 0xf1,
    0x01, 0xf1, 0x01, 0xf1, 0x01, 0xf1, 0x01, 0xf1, 0x01, 0xf1, 0x01, 0xf1, 0x01, 0xf1, 0x01, 0xf1,
    0x01, 0xf1, 0x01, 0xf1, 0x02, 0xf1, 0x01, 0xf1, 0x01, 0xf1, 0x01, 0xf1, 0x01, 0xf1, 0x01, 0xf1,
    0x01, 0xf1, 0x01, 0xf1, 0x01, 0xf1, 0x01, 0xf1, 0x01, 0xf1, 0x01, 0xf1, 0x01, 0xf1, 0x01, 0xf1,
    0x01, 0xf1, 0x01, 0xf1, 0x01, 0xf1, 0x01, 0xf1, 0x01, 0xf1, 0x01, 0xf1, 0x01, 0xf1, 0x02, 0xf1,
    0x13, 0xf1, 0x13, 0xf1, 0x13, 0xf1, 0x24, 0xf2, 0x47, 0xf3, 0x58, 0xf3, 0x35, 0xf2, 0x13, 0xf1,
    0x02, 0xf1, 0x01, 0xf1, 0x01, 0xf1, 0x01, 0xf1, 0x01, 0xf1, 0x01, 0xf1, 0x01, 0xf1, 0x01, 0xf1,
    0x01, 0xf1, 0x01, 0xf1, 0x01, 0xf1, 0x02, 0xf1, 0x02, 0xf1, 0x01, 0xf1, 0x01, 0xf1, 0x01, 0xf1,
    0x01, 0xf1, 0x01, 0xf1, 0x01, 0xf1, 0x01, 0xf1, 0x01, 0xf0, 0x01, 0xf1, 0x01, 0xf1, 0x01, 0xf1,
    0x01, 0xf1, 0x01, 0xf1, 0x01, 0xf1, 0x01, 0xf1, 0x01, 0xf1, 0x01, 0xf1, 0x01, 0xf1, 0x01, 0xf1,
    0x01, 0xf1, 0x01, 0xf1, 0x01, 0xf1, 0x01, 0xf1, 0x01, 0xf1, 0x01, 0xf1, 0x01, 0xf1, 0x01, 0xf1,
    0x01, 0xf1, 0x01, 0xf1, 0x01, 0xf1, 0x01, 0xf1, 0x02, 0xf1, 0x02, 0xf1, 0x01, 0xf1, 0x01, 0xf1,
    0x01, 0xf1, 0x01, 0xf1, 0x01, 0xf1, 0x01, 0xf1, 0x01, 0xf1, 0x01, 0xf1, 0x01, 0xf1, 0x01, 0xf1,
    0x01, 0xf1, 0x01, 0xf1, 0x01, 0xf1, 0x01, 0xf1, 0x01, 0xf1, 0x02, 0xf1, 0x35, 0xf2, 0x24, 0xf2,
    0x01, 0xf1, 0x01, 0xf1, 0x01, 0xf0, 0x01, 0xf0, 0x01, 0xf1, 0x01, 0xf1, 0x01, 0xf1, 0x01, 0xf1,
    0x01, 0xf1, 0x01, 0xf1, 0x01, 0xf1, 0x01, 0xf1, 0x01, 0xf1, 0x01, 0xf1, 0x01, 0xf1, 0x01, 0xf1,
    0x01, 0xf1, 0x01, 0xf1, 0x01, 0xf1, 0x01, 0xf1, 0x01, 0xf1, 0x01, 0xf0, 0x01, 0xf0, 0x01, 0xf0,
    0x01, 0xf0, 0x01, 0xf0, 0x01, 0xf0, 0x01, 0xf0, 0x01, 0xf0, 0x01, 0xf0, 0x01, 0xf0, 0x01, 0xf0,
    0x01, 0xf0, 0x01, 0xf0, 0x01, 0xf0, 0x01, 0xf0, 0x01, 0xf0, 0x01, 0xf1, 0x01, 0xf1, 0x01, 0xf0,
    0x01, 0xf0, 0x01, 0xf0, 0x01, 0xf0, 0x01, 0xf1, 0x01, 0xf1, 0x01, 0xf1, 0x01, 0xf1, 0x01, 0xf1,
    0x01, 0xf1, 0x01, 0xf0, 0x01, 0xf0, 0x01, 0xf0, 0x01, 0xf0, 0x01, 0xf1, 0x01, 0xf1, 0x01, 0xf1,
    0x01, 0xf0, 0x01, 0xf0, 0x01, 0xf0, 0x01, 0xf0, 0x01, 0xf1, 0x01, 0xf0, 0x01, 0xf0, 0x01, 0xf0,
    0x01, 0xf1, 0x01, 0xf0, 0x01, 0xf1, 0x01, 0xf0, 0x01, 0xf1, 0x01, 0xf0, 0x01, 0xf1, 0x01, 0xf1,
    0x01, 0xf0, 0x01, 0xf0, 0x01, 0xf0, 0x01, 0xf1, 0x01, 0xf1, 0x01, 0xf1, 0x01, 0xf1, 0x01, 0xf1,
    0x01, 0xf0, 0x01, 0xf0, 0x01, 0xf1, 0x01, 0xf0, 0x01, 0xf0, 0x01, 0xf0, 0x01, 0xf0, 0x01, 0xf0,
    0x01, 0xf0, 0x01, 0xf0, 0x01, 0xf1, 0x01, 0xf0, 0x01, 0xf1, 0x02, 0xf1, 0x01, 0xf1, 0x01, 0xf0,
    0x01, 0xf1, 0x01, 0xf1, 0x01, 0xf1, 0x01, 0xf1, 0x01, 0xf1, 0x01, 0xf1, 0x01, 0xf1, 0x01, 0xf1,
    0x01, 0xf1, 0x01, 0xf1, 0x01, 0xf1, 0x01, 0xf1, 0x01, 0xf1, 0x01, 0xf0, 0x01, 0xf0, 0x01, 0xf0,
    0x01, 0xf0, 0x01, 0xf0, 0x01, 0xf1, 0x01, 0xf1, 0x01, 0xf1, 0x01, 0xf1, 0x01, 0xf1, 0x01, 0xf1,
    0x01, 0xf0, 0x01, 0xf1, 0x01, 0xf1, 0x01, 0xf1, 0x01, 0xf0, 0x01, 0xf1, 0x01, 0xf1, 0x01, 0xf1,
    0x01, 0xf1, 0x01, 0xf1, 0x01, 0xf1, 0x01, 0xf1, 0x01, 0xf1, 0x01, 0xf1, 0x01, 0xf1, 0x01, 0xf1,
    0x01, 0xf1, 0x01, 0xf1, 0x01, 0xf1, 0x01, 0xf1, 0x01, 0xf1, 0x01, 0xf1, 0x01, 0xf1, 0x01, 0xf1,
    0x01, 0xf1, 0x01, 0xf1, 0x01, 0xf1, 0x01, 0xf1, 0x01, 0xf1, 0x01, 0xf1, 0x01, 0xf1, 0x01, 0xf1,
    0x01, 0xf1, 0x01, 0xf1, 0x01, 0xf1, 0x02, 0xf1, 0x01, 0xf1, 0x01, 0xf1, 0x01, 0xf1, 0x01, 0xf1,
    0x01, 0xf1, 0x01, 0xf1, 0x01, 0xf1, 0x01, 0xf1, 0x01, 0xf1, 0x01, 0xf1, 0x01, 0xf1, 0x02, 0xf1,
    0x02, 0xf1, 0x02, 0xf1, 0x12, 0xf1, 0x35, 0xf2, 0x8a, 0xf5, 0xab, 0xf9, 0x69, 0xf3, 0x13, 0xf2,
    0x02, 0xf1, 0x01, 0xf1, 0x01, 0xf1, 0x02, 0xf1, 0x02, 0xf1, 0x01, 0xf1, 0x01, 0xf1, 0x01, 0xf1,
    0x01, 0xf1, 0x01, 0xf1, 0x02, 0xf1, 0x02, 0xf1, 0x02, 0xf1, 0x01, 0xf1, 0x01, 0xf1, 0x01, 0xf1,
    0x01, 0xf1, 0x01, 0xf1, 0x01, 0xf1, 0x01, 0xf0, 0x01, 0xf0, 0x01, 0xf1, 0x01, 0xf1, 0x01, 0xf1,
    0x01, 0xf1, 0x01, 0xf1, 0x01, 0xf1, 0x01, 0xf0, 0x01, 0xf1, 0x01, 0xf1, 0x01, 0xf0, 0x01, 0xf0,
    0x01, 0xf1, 0x01, 0xf1, 0x01, 0xf1, 0x01, 0xf1, 0x01, 0xf1, 0x01, 0xf1, 0x01, 0xf1, 0x01, 0xf1,
    0x01, 0xf1, 0x01, 0xf1, 0x01, 0xf1, 0x01, 0xf1, 0x02, 0xf1, 0x02, 0xf1, 0x01, 0xf1, 0x01, 0xf1,
    0x01, 0xf1, 0x01, 0xf1, 0x01, 0xf1, 0x01, 0xf1, 0x01, 0xf1, 0x01, 0xf1, 0x01, 0xf1, 0x01, 0xf1,
    0x01, 0xf1, 0x01, 0xf1, 0x01, 0xf1, 0x01, 0xf1, 0x01, 0xf1, 0x12, 0xf1, 0x57, 0xf3, 0x25, 0xf2,
    0x01, 0xf1, 0x01, 0xf1, 0x01, 0xf1, 0x01, 0xf1, 0x01, 0xf0, 0x01, 0xf1, 0x01, 0xf1, 0x01, 0xf1,
    0x01, 0xf1, 0x01, 0xf1, 0x01, 0xf1, 0x01, 0xf1, 0x01, 0xf1, 0x01, 0xf1, 0x01, 0xf1, 0x01, 0xf1,
    0x01, 0xf1, 0x01, 0xf1, 0x01, 0xf1, 0x01, 0xf0, 0x01, 0xf0, 0x01, 0xf1, 0x01, 0xf1, 0x01, 0xf0,
    0x01, 0xf0, 0x01, 0xf0, 0x01, 0xf0, 0x01, 0xf0, 0x01, 0xf0, 0x01, 0xf1, 0x01, 0xf0, 0x01, 0xf0,
    0x01, 0xf0, 0x01, 0xf0, 0x01, 0xf0, 0x01, 0xf0, 0x01, 0xf0, 0x01, 0xf0, 0x01, 0xf0, 0x01, 0xf0,
    0x01, 0xf1, 0x12, 0xf1, 0x01, 0xf1, 0x01, 0xf0, 0x01, 0xf1, 0x01, 0xf1, 0x01, 0xf0, 0x01, 0xf1,
    0x01, 0xf1, 0x01, 0xf0, 0x01, 0xf0, 0x01, 0xf1, 0x01, 0xf1, 0x01, 0xf1, 0x01, 0xf1, 0x01, 0xf1,
    0x01, 0xf0, 0x01, 0xf0, 0x01, 0xf0, 0x01, 0xf0, 0x01, 0xf0, 0x01, 0xf0, 0x01, 0xf0, 0x01, 0xf0,
    0x01, 0xf0, 0x01, 0xf0, 0x01, 0xf0, 0x01, 0xf1, 0x01, 0xf1, 0x01, 0xf0, 0x01, 0xf0, 0x01, 0xf1,
    0x01, 0xf1, 0x01, 0xf1, 0x01, 0xf1, 0x01, 0xf1, 0x01, 0xf1, 0x01, 0xf1, 0x01, 0xf0, 0x01, 0xf0,
    0x01, 0xf0, 0x01, 0xf0, 0x01, 0xf1, 0x01, 0xf0, 0x01, 0xf0, 0x01, 0xf0, 0x01, 0xf0, 0x01, 0xf1,
    0x01, 0xf0, 0x01, 0xf1, 0x01, 0xf1, 0x01, 0xf0, 0x01, 0xf1, 0x02, 0xf1, 0x01, 0xf1, 0x01, 0xf1,
    0x01, 0xf1, 0x01, 0xf1, 0x01, 0xf1, 0x01, 0xf1, 0x01, 0xf1, 0x01, 0xf1, 0x01, 0xf1, 0x01, 0xf1,
    0x01, 0xf1, 0x01, 0xf1, 0x01, 0xf1, 0x01, 0xf1, 0x01, 0xf1, 0x01, 0xf1, 0x01, 0xf0, 0x01, 0xf0,
    0x01, 0xf1, 0x01, 0xf1, 0x01, 0xf0, 0x01, 0xf0, 0x01, 0xf0, 0x01, 0xf1, 0x01, 0xf1, 0x01, 0xf1,
    0x01, 0xf1, 0x01, 0xf1, 0x01, 0xf1, 0x01, 0xf1, 0x01, 0xf1, 0x01, 0xf1, 0x01, 0xf1, 0x01, 0xf0,
    0x01, 0xf1, 0x01, 0xf1, 0x01, 0xf1, 0x01, 0xf1, 0x01, 0xf1, 0x01, 0xf1, 0x01, 0xf1, 0x01, 0xf1,
    0x01, 0xf1, 0x01, 0xf1, 0x01, 0xf1, 0x01, 0xf1, 0x01, 0xf1, 0x01, 0xf1, 0x01, 0xf1, 0x01, 0xf1,
    0x01, 0xf1, 0x01, 0xf1, 0x01, 0xf1, 0x01, 0xf1, 0x01, 0xf1, 0x01, 0xf1, 0x01, 0xf1, 0x01, 0xf1,
    0x01, 0xf1, 0x01, 0xf1, 0x01, 0xf1, 0x01, 0xf1, 0x01, 0xf1, 0x01, 0xf1, 0x01, 0xf1, 0x01, 0xf1,
    0x01, 0xf1, 0x01, 0xf1, 0x01, 0xf1, 0x01, 0xf1, 0x01, 0xf1, 0x01, 0xf1, 0x01, 0xf1, 0x01, 0xf1,
    0x01, 0xf1, 0x01, 0xf1, 0x02, 0xf1, 0x25, 0xf2, 0x8a, 0xf4, 0xab, 0xf9, 0x68, 0xf3, 0x13, 0xf1,
    0x02, 0xf1, 0x01, 0xf1, 0x01, 0xf1, 0x01, 0xf1, 0x01, 0xf1, 0x01, 0xf1, 0x01, 0xf1, 0x01, 0xf1,
    0x01, 0xf1, 0x01, 0xf1, 0x02, 0xf1, 0x02, 0xf1, 0x02, 0xf1, 0x02, 0xf1, 0x01, 0xf1, 0x01, 0xf1,
    0x01, 0xf1, 0x01, 0xf1, 0x01, 0xf1, 0x01, 0xf1, 0x01, 0xf1, 0x01, 0xf1, 0x01, 0xf1, 0x01, 0xf1,
    0x01, 0xf1, 0x01, 0xf0, 0x01, 0xf1, 0x01, 0xf1, 0x01, 0xf1, 0x01, 0xf1, 0x01, 0xf1, 0x01, 0xf0,
    0x01, 0xf1, 0x01, 0xf1, 0x01, 0xf1, 0x01, 0xf1, 0x01, 0xf1, 0x01, 0xf1, 0x01, 0xf1, 0x01, 0xf1,
    0x01, 0xf1, 0x01, 0xf1, 0x01, 0xf1, 0x01, 0xf1, 0x02, 0xf1, 0x01, 0xf1, 0x01, 0xf1, 0x01, 0xf1,
    0x01, 0xf1, 0x01, 0xf1, 0x01, 0xf1, 0x01, 0xf1, 0x01, 0xf1, 0x01, 0xf1, 0x01, 0xf1, 0x01, 0xf1,
    0x01, 0xf1, 0x01, 0xf1, 0x01, 0xf1, 0x01, 0xf1, 0x01, 0xf1, 0x01, 0xf1, 0x02, 0xf1, 0x02, 0xf1,
    0x01, 0xf1, 0x01, 0xf0, 0x01, 0xf0, 0x01, 0xf1, 0x01, 0xf1, 0x01, 0xf0, 0x01, 0xf0, 0x01, 0xf1,
    0x01, 0xf0, 0x02, 0xf1, 0x01, 0xf1, 0x01, 0xf1, 0x01, 0xf0, 0x01, 0xf1, 0x01, 0xf1, 0x01, 0xf1,
    0x01, 0xf1, 0x01, 0xf1, 0x01, 0xf0, 0x01, 0xf1, 0x01, 0xf1, 0x01, 0xf1, 0x01, 0xf0, 0x01, 0xf1,
    0x01, 0xf1, 0x01, 0xf1, 0x01, 0xf1, 0x01, 0xf1, 0x01, 0xf0, 0x01, 0xf1, 0x01, 0xf0, 0x01, 0xf0,
    0x01, 0xf0, 0x01, 0xf0, 0x01, 0xf0, 0x01, 0xf0, 0x01, 0xf0, 0x01, 0xf0, 0x01, 0xf0, 0x01, 0xf1,
    0x01, 0xf1, 0x02, 0xf1, 0x01, 0xf1, 0x01, 0xf1, 0x01, 0xf0, 0x01, 0xf1, 0x01, 0xf0, 0x01, 0xf0,
    0x01, 0xf1, 0x01, 0xf0, 0x01, 0xf1, 0x01, 0xf1, 0x01, 0xf0, 0x01, 0xf1, 0x01, 0xf1, 0x01, 0xf1,
    0x01, 0xf0, 0x01, 0xf0, 0x01, 0xf0, 0x01, 0xf1, 0x01, 0xf1, 0x01, 0xf0, 0x01, 0xf0, 0x01, 0xf1,
    0x01, 0xf1, 0x01, 0xf0, 0x01, 0xf0, 0x01, 0xf1, 0x01, 0xf1, 0x01, 0xf1, 0x01, 0xf1, 0x01, 0xf1,
    0x01, 0xf1, 0x01, 0xf1, 0x01, 0xf1, 0x01, 0xf1, 0x01, 0xf0, 0x01, 0xf0, 0x01, 0xf0, 0x01, 0xf0,
    0x01, 0xf0, 0x01, 0xf0, 0x01, 0xf0, 0x01, 0xf0, 0x01, 0xf0, 0x01, 0xf0, 0x01, 0xf0, 0x01, 0xf1,
    0x01, 0xf1, 0x01, 0xf0, 0x01, 0xf0, 0x01, 0xf0, 0x01, 0xf0, 0x01, 0xf0, 0x01, 0xf0, 0x12, 0xf1,
    0x24, 0xf2, 0x02, 0xf1, 0x01, 0xf1, 0x01, 0xf1, 0x01, 0xf1, 0x01, 0xf1, 0x01, 0xf1, 0x01, 0xf1,
    0x01, 0xf1, 0x01, 0xf1, 0x01, 0xf1, 0x01, 0xf1, 0x01, 0xf1, 0x01, 0xf1, 0x01, 0xf1, 0x01, 0xf1,
    0x01, 0xf0, 0x01, 0xf0, 0x01, 0xf0, 0x01, 0xf0, 0x01, 0xf0, 0x01, 0xf0, 0x01, 0xf1, 0x01, 0xf1,
    0x01, 0xf0, 0x01, 0xf1, 0x01, 0xf0, 0x01, 0xf1, 0x01, 0xf1, 0x01, 0xf1, 0x01, 0xf1, 0x01, 0xf1,
    0x01, 0xf1, 0x01, 0xf1, 0x01, 0xf1, 0x01, 0xf1, 0x01, 0xf1, 0x01, 0xf1, 0x01, 0xf1, 0x01, 0xf1,
    0x01, 0xf1, 0x01, 0xf1, 0x01, 0xf1, 0x01, 0xf1, 0x01, 0xf1, 0x01, 0xf1, 0x01, 0xf1, 0x01, 0xf1,
    0x01, 0xf1, 0x01, 0xf1, 0x01, 0xf1, 0x01, 0xf1, 0x01, 0xf1, 0x01, 0xf1, 0x01, 0xf1, 0x01, 0xf1,
    0x01, 0xf1, 0x01, 0xf1, 0x01, 0xf1, 0x01, 0xf0, 0x01, 0xf0, 0x01, 0xf1, 0x01, 0xf1, 0x01, 0xf1,
    0x01, 0xf1, 0x01, 0xf1, 0x01, 0xf1, 0x02, 0xf1, 0x01, 0xf1, 0x01, 0xf1, 0x01, 0xf1, 0x01, 0xf1,
    0x01, 0xf1, 0x01, 0xf1, 0x02, 0xf1, 0x13, 0xf1, 0x35, 0xf2, 0x47, 0xf2, 0x24, 0xf2, 0x02, 0xf1,
    0x01, 0xf1, 0x01, 0xf1, 0x01, 0xf1, 0x01, 0xf1, 0x01, 0xf1, 0x01, 0xf1, 0x01, 0xf1, 0x01, 0xf1,
    0x01, 0xf1, 0x01, 0xf1, 0x01, 0xf1, 0x01, 0xf1, 0x01, 0xf1, 0x01, 0xf1, 0x01, 0xf1, 0x01, 0xf1,
    0x01, 0xf1, 0x01, 0xf1, 0x01, 0xf1, 0x01, 0xf1, 0x01, 0xf1, 0x01, 0xf1, 0x01, 0xf1, 0x01, 0xf1,
    0x01, 0xf1, 0x01, 0xf0, 0x01, 0xf1, 0x01, 0xf1, 0x01, 0xf1, 0x01, 0xf0, 0x01, 0xf1, 0x01, 0xf1,
    0x01, 0xf1, 0x01, 0xf1, 0x01, 0xf1, 0x01, 0xf1, 0x01, 0xf1, 0x01, 0xf1, 0x01, 0xf1, 0x01, 0xf1,
    0x01, 0xf1, 0x01, 0xf1, 0x01, 0xf1, 0x01, 0xf1, 0x01, 0xf1, 0x01, 0xf1, 0x01, 0xf1, 0x01, 0xf1,
    0x01, 0xf1, 0x01, 0xf1, 0x01, 0xf1, 0x01, 0xf1, 0x01, 0xf1, 0x01, 0xf1, 0x01, 0xf1, 0x01, 0xf1,
    0x01, 0xf1, 0x02, 0xf1, 0x01, 0xf1, 0x01, 0xf1, 0x01, 0xf1, 0x01, 0xf1, 0x01, 0xf1, 0x01, 0xf0,
    0x01, 0xf1, 0x01, 0xf1, 0x01, 0xf0, 0x01, 0xf1, 0x02, 0xf1, 0x01, 0xf1, 0x01, 0xf1, 0x01, 0xf1,
    0x01, 0xf1, 0x01, 0xf1, 0x01, 0xf1, 0x01, 0xf1, 0x01, 0xf1, 0x02, 0xf1, 0x01, 0xf1, 0x01, 0xf1,
    0x01, 0xf1, 0x01, 0xf1, 0x01, 0xf1, 0x01, 0xf1, 0x01, 0xf1, 0x01, 0xf1, 0x01, 0xf0, 0x01, 0xf1,
    0x01, 0xf1, 0x01, 0xf1, 0x01, 0xf1, 0x01, 0xf0, 0x01, 0xf0, 0x01, 0xf1, 0x01, 0xf1, 0x01, 0xf0,
    0x01, 0xf0, 0x01, 0xf1, 0x01, 0xf1, 0x01, 0xf1, 0x01, 0xf0, 0x01, 0xf0, 0x01, 0xf0, 0x01, 0xf0,
    0x01, 0xf1, 0x01, 0xf1, 0x01, 0xf0, 0x01, 0xf1, 0x01, 0xf0, 0x01, 0xf1, 0x01, 0xf1, 0x01, 0xf1,
    0x01, 0xf1, 0x01, 0xf1, 0x01, 0xf0, 0x01, 0xf0, 0x01, 0xf0, 0x01, 0xf1, 0x01, 0xf1, 0x01, 0xf1,
    0x01, 0xf1, 0x01, 0xf0, 0x01, 0xf1, 0x01, 0xf1, 0x02, 0xf1, 0x01, 0xf0, 0x01, 0xf0, 0x01, 0xf1,
    0x01, 0xf0, 0x01, 0xf0, 0x01, 0xf0, 0x01, 0xf0, 0x01, 0xf0, 0x01, 0xf0, 0x01, 0xf0, 0x01, 0xf0,
    0x01, 0xf0, 0x01, 0xf1, 0x01, 0xf1, 0x01, 0xf1, 0x01, 0xf0, 0x01, 0xf0, 0x01, 0xf0, 0x01, 0xf0,
    0x01, 0xf0, 0x01, 0xf1, 0x01, 0xf0, 0x01, 0xf0, 0x01, 0xf0, 0x01, 0xf1, 0x01, 0xf0, 0x01, 0xf0,
    0x01, 0xf0, 0x01, 0xf0, 0x01, 0xf0, 0x01, 0xf1, 0x01, 0xf1, 0x01, 0xf0, 0x01, 0xf0, 0x12, 0xf1,
    0x24, 0xf2, 0x02, 0xf1, 0x01, 0xf1, 0x01, 0xf1, 0x01, 0xf1, 0x01, 0xf1, 0x01, 0xf1, 0x01, 0xf1,
    0x01, 0xf1, 0x01, 0xf1, 0x01, 0xf1, 0x01, 0xf1, 0x01, 0xf1, 0x01, 0xf1, 0x01, 0xf1, 0x01, 0xf1,
    0x01, 0xf0, 0x01, 0xf0, 0x01, 0xf0, 0x01, 0xf0, 0x01, 0xf0, 0x01, 0xf0, 0x01, 0xf1, 0x01, 0xf1,
    0x01, 0xf0, 0x01, 0xf0, 0x01, 0xf0, 0x01, 0xf0, 0x01, 0xf1, 0x01, 0xf1, 0x01, 0xf1, 0x01, 0xf1,
    0x01, 0xf1, 0x01, 0xf1, 0x01, 0xf1, 0x01, 0xf1, 0x01, 0xf1, 0x01, 0xf1, 0x01, 0xf1, 0x01, 0xf1,
    0x01, 0xf1, 0x01, 0xf1, 0x01, 0xf1, 0x01, 0xf1, 0x01, 0xf1, 0x01, 0xf1, 0x01, 0xf1, 0x01, 0xf1,
    0x01, 0xf1, 0x01, 0xf1, 0x01, 0xf1, 0x01, 0xf1, 0x01, 0xf1, 0x01, 0xf1, 0x01, 0xf1, 0x01, 0xf1,
    0x01, 0xf0, 0x01, 0xf0, 0x01, 0xf0, 0x01, 0xf0, 0x01, 0xf0, 0x01, 0xf1, 0x02, 0xf1, 0x01, 0xf1,
    0x01, 0xf1, 0x01, 0xf1, 0x01, 0xf1, 0x02, 0xf1, 0x02, 0xf1, 0x02, 0xf1, 0x01, 0xf1, 0x01, 0xf1,
    0x01, 0xf1, 0x01, 0xf1, 0x02, 0xf1, 0x02, 0xf1, 0x02, 0xf1, 0x02, 0xf1, 0x02, 0xf1, 0x01, 0xf1,
    0x01, 0xf1, 0x01, 0xf1, 0x01, 0xf1, 0x01, 0xf1, 0x01, 0xf1, 0x01, 0xf0, 0x01, 0xf1, 0x01, 0xf1,
    0x01, 0xf1, 0x01, 0xf1, 0x01, 0xf1, 0x01, 0xf1, 0x01, 0xf1, 0x01, 0xf1, 0x01, 0xf1, 0x01, 0xf1,
    0x01, 0xf1, 0x01, 0xf1, 0x01, 0xf1, 0x01, 0xf1, 0x01, 0xf1, 0x01, 0xf1, 0x24, 0xf2, 0x02, 0xf1,
    0x01, 0xf0, 0x01, 0xf1, 0x01, 0xf1, 0x01, 0xf1, 0x01, 0xf1, 0x01, 0xf0, 0x01, 0xf1, 0x01, 0xf0,
    0x01, 0xf1, 0x01, 0xf1, 0x01, 0xf1, 0x01, 0xf1, 0x01, 0xf1, 0x01, 0xf1, 0x01, 0xf1, 0x01, 0xf1,
    0x01, 0xf1, 0x01, 0xf1, 0x01, 0xf1, 0x01, 0xf1, 0x01, 0xf1, 0x01, 0xf1, 0x01, 0xf1, 0x01, 0xf1,
    0x01, 0xf1, 0x01, 0xf1, 0x01, 0xf1, 0x01, 0xf1, 0x01, 0xf1, 0x01, 0xf1, 0x01, 0xf1, 0x01, 0xf1,
    0x01, 0xf1, 0x02, 0xf1, 0x01, 0xf1, 0x01, 0xf1, 0x01, 0xf1, 0x01, 0xf1, 0x01, 0xf1, 0x01, 0xf0,
    0x01, 0xf1, 0x01, 0xf1, 0x01, 0xf0, 0x01, 0xf0, 0x01, 0xf1, 0x01, 0xf1, 0x01, 0xf1, 0x01, 0xf1,
    0x01, 0xf1, 0x01, 0xf1, 0x01, 0xf1, 0x01, 0xf1, 0x01, 0xf1, 0x01, 0xf0, 0x01, 0xf1, 0x01, 0xf1,
    0x01, 0xf0, 0x01, 0xf1, 0x01, 0xf1, 0x01, 0xf0, 0x01, 0xf1, 0x01, 0xf0, 0x01, 0xf0, 0x01, 0xf0,
    0x01, 0xf1, 0x01, 0xf0, 0x01, 0xf0, 0x01, 0xf0, 0x01, 0xf0, 0x01, 0xf0, 0x01, 0xf0, 0x01, 0xf0,
    0x01, 0xf0, 0x01, 0xf1, 0x01, 0xf1, 0x01, 0xf1, 0x01, 0xf0, 0x01, 0xf0, 0x01, 0xf0, 0x01, 0xf1,
    0x01, 0xf1, 0x01, 0xf0, 0x01, 0xf1, 0x01, 0xf1, 0x01, 0xf1, 0x01, 0xf0, 0x01, 0xf1, 0x01, 0xf1,
    0x01, 0xf1, 0x01, 0xf1, 0x01, 0xf0, 0x01, 0xf1, 0x01, 0xf1, 0x01, 0xf1, 0x01, 0xf1, 0x01, 0xf0,
    0x01, 0xf0, 0x01, 0xf1, 0x01, 0xf1, 0x01, 0xf1, 0x01, 0xf1, 0x01, 0xf0, 0x01, 0xf0, 0x01, 0xf0,
    0x01, 0xf1, 0x01, 0xf0, 0x01, 0xf0, 0x01, 0xf0, 0x01, 0xf0, 0x01, 0xf0, 0x01, 0xf0, 0x01, 0xf0,
    0x01, 0xf0, 0x01, 0xf0, 0x01, 0xf0, 0x01, 0xf1, 0x01, 0xf1, 0x01, 0xf1, 0x01, 0xf1, 0x01, 0xf1,
    0x01, 0xf0, 0x01, 0xf1, 0x01, 0xf0, 0x01, 0xf0, 0x01, 0xf0, 0x01, 0xf0, 0x01, 0xf0, 0x01, 0xf0,
    0x01, 0xf0, 0x01, 0xf0, 0x01, 0xf0, 0x01, 0xf1, 0x01, 0xf1, 0x01, 0xf1, 0x01, 0xf1, 0x01, 0xf1,
    0x01, 0xf1, 0x01, 0xf1, 0x01, 0xf1, 0x01, 0xf1, 0x01, 0xf1, 0x01, 0xf1, 0x01, 0xf1, 0x01, 0xf1,
    0x01, 0xf1, 0x01, 0xf1, 0x01, 0xf1, 0x01, 0xf1, 0x01, 0xf1, 0x01, 0xf1, 0x01, 0xf1, 0x01, 0xf1,
    0x01, 0xf1, 0x01, 0xf1, 0x01, 0xf1, 0x01, 0xf0, 0x01, 0xf0, 0x01, 0xf0, 0x01, 0xf0, 0x01, 0xf1,
    0x01, 0xf1, 0x01, 0xf1, 0x01, 0xf1, 0x01, 0xf1, 0x01, 0xf1, 0x01, 0xf1, 0x01, 0xf1, 0x01, 0xf1,
    0x01, 0xf1, 0x01, 0xf1, 0x01, 0xf1, 0x01, 0xf1, 0x01, 0xf1, 0x01, 0xf1, 0x01, 0xf1, 0x01, 0xf1,
    0x01, 0xf1, 0x01, 0xf1, 0x01, 0xf1, 0x01, 0xf1, 0x01, 0xf1, 0x01, 0xf1, 0x01, 0xf1, 0x01, 0xf1,
    0x01, 0xf1, 0x01, 0xf1, 0x01, 0xf1, 0x01, 0xf1, 0x01, 0xf1, 0x01, 0xf1, 0x01, 0xf1, 0x01, 0xf1,
    0x01, 0xf1, 0x01, 0xf0, 0x01, 0xf0, 0x01, 0xf0, 0x01, 0xf1, 0x01, 0xf1, 0x01, 0xf1, 0x01, 0xf1,
    0x01, 0xf1, 0x01, 0xf1, 0x02, 0xf1, 0x01, 0xf1, 0x02, 0xf1, 0x01, 0xf1, 0x01, 0xf1, 0x01, 0xf1,
    0x01, 0xf1, 0x02, 0xf1, 0x02, 0xf1, 0x02, 0xf1, 0x02, 0xf1, 0x02, 0xf1, 0x01, 0xf1, 0x01, 0xf1,
    0x01, 0xf1, 0x01, 0xf1, 0x01, 0xf1, 0x01, 0xf1, 0x01, 0xf1, 0x01, 0xf0, 0x01, 0xf1, 0x01, 0xf1,
    0x01, 0xf1, 0x01, 0xf1, 0x01, 0xf1, 0x01, 0xf1, 0x01, 0xf1, 0x01, 0xf1, 0x01, 0xf1, 0x01, 0xf1,
    0x01, 0xf1, 0x01, 0xf1, 0x01, 0xf1, 0x01, 0xf1, 0x01, 0xf0, 0x01, 0xf1, 0x02, 0xf1, 0x01, 0xf1,
    0x01, 0xf1, 0x01, 0xf1, 0x01, 0xf1, 0x01, 0xf1, 0x01, 0xf1, 0x01, 0xf1, 0x01, 0xf1, 0x01, 0xf1,
    0x01, 0xf1, 0x01, 0xf1, 0x01, 0xf1, 0x01, 0xf1, 0x01, 0xf1, 0x01, 0xf1, 0x01, 0xf1, 0x01, 0xf1,
    0x01, 0xf1, 0x01, 0xf1, 0x01, 0xf1, 0x01, 0xf1, 0x01, 0xf1, 0x01, 0xf1, 0x01, 0xf1, 0x01, 0xf1,
    0x01, 0xf1, 0x01, 0xf1, 0x01, 0xf1, 0x01, 0xf1, 0x01, 0xf1, 0x01, 0xf1, 0x01, 0xf1, 0x01, 0xf1,
    0x01, 0xf1, 0x01, 0xf1, 0x01, 0xf1, 0x01, 0xf0, 0x01, 0xf1, 0x01, 0xf1, 0x01, 0xf0, 0x01, 0xf0,
    0x01, 0xf0, 0x01, 0xf0, 0x01, 0xf0, 0x01, 0xf0, 0x01, 0xf1, 0x01, 0xf1, 0x01, 0xf1, 0x01, 0xf1,
    0x01, 0xf1, 0x01, 0xf1, 0x01, 0xf1, 0x01, 0xf0, 0x01, 0xf0, 0x01, 0xf1, 0x01, 0xf0, 0x01, 0xf1,
    0x01, 0xf1, 0x01, 0xf1, 0x01, 0xf1, 0x01, 0xf0, 0x01, 0xf1, 0x01, 0xf1, 0x01, 0xf0, 0x01, 0xf1,
    0x01, 0xf1, 0x01, 0xf0, 0x01, 0xf1, 0x01, 0xf1, 0x01, 0xf0, 0x01, 0xf0, 0x01, 0xf0, 0x01, 0xf0,
    0x01, 0xf0, 0x01, 0xf0, 0x01, 0xf1, 0x01, 0xf1, 0x01, 0xf1, 0x01, 0xf1, 0x01, 0xf1, 0x01, 0xf1,
    0x01, 0xf1, 0x01, 0xf0, 0x01, 0xf1, 0x01, 0xf1, 0x02, 0xf1, 0x01, 0xf1, 0x01, 0xf1, 0x01, 0xf0,
    0x01, 0xf1, 0x01, 0xf0, 0x01, 0xf0, 0x01, 0xf1, 0x01, 0xf1, 0x01, 0xf1, 0x01, 0xf1, 0x01, 0xf0,
    0x01, 0xf0, 0x01, 0xf1, 0x01, 0xf1, 0x01, 0xf1, 0x02, 0xf1, 0x01, 0xf1, 0x01, 0xf1, 0x23, 0xf1,
    0x01, 0xf1, 0x01, 0xf1, 0x01, 0xf1, 0x01, 0xf0, 0x01, 0xf0, 0x01, 0xf0, 0x01, 0xf0, 0x01, 0xf0,
    0x01, 0xf1, 0x01, 0xf1, 0x01, 0xf1, 0x01, 0xf1, 0x01, 0xf1, 0x01, 0xf1, 0x01, 0xf1, 0x01, 0xf1,
    0x01, 0xf1, 0x01, 0xf1, 0x01, 0xf0, 0x01, 0xf0, 0x01, 0xf0, 0x01, 0xf1, 0x01, 0xf0, 0x01, 0xf0,
    0x01, 0xf0, 0x01, 0xf0, 0x01, 0xf0, 0x01, 0xf1, 0x01, 0xf0, 0x01, 0xf1, 0x01, 0xf1, 0x01, 0xf0,
    0x01, 0xf0, 0x01, 0xf1, 0x01, 0xf1, 0x01, 0xf1, 0x01, 0xf1, 0x01, 0xf1, 0x01, 0xf1, 0x01, 0xf1,
    0x01, 0xf1, 0x01, 0xf1, 0x01, 0xf1, 0x01, 0xf1, 0x01, 0xf1, 0x01, 0xf1, 0x01, 0xf1, 0x01, 0xf1,
    0x02, 0xf1, 0x13, 0xf1, 0x13, 0xf1, 0x01, 0xf1, 0x01, 0xf0, 0x01, 0xf0, 0x01, 0xf0, 0x01, 0xf0,
    0x01, 0xf1, 0x01, 0xf1, 0x01, 0xf1, 0x01, 0xf1, 0x01, 0xf0, 0x01, 0xf1, 0x01, 0xf1, 0x01, 0xf1,
    0x01, 0xf0, 0x01, 0xf1, 0x01, 0xf1, 0x01, 0xf1, 0x01, 0xf1, 0x01, 0xf1, 0x01, 0xf1, 0x01, 0xf1,
    0x01, 0xf1, 0x01, 0xf1, 0x01, 0xf1, 0x01, 0xf1, 0x01, 0xf1, 0x01, 0xf0, 0x01, 0xf0, 0x01, 0xf0,
    0x01, 0xf1, 0x01, 0xf1, 0x01, 0xf1, 0x01, 0xf1, 0x01, 0xf1, 0x01, 0xf1, 0x01, 0xf1, 0x01, 0xf1,
    0x01, 0xf1, 0x01, 0xf1, 0x01, 0xf1, 0x01, 0xf1, 0x01, 0xf1, 0x01, 0xf1, 0x01, 0xf1, 0x01, 0xf1,
    0x02, 0xf1, 0x01, 0xf1, 0x01, 0xf1, 0x01, 0xf1, 0x01, 0xf1, 0x01, 0xf1, 0x01, 0xf1, 0x01, 0xf1,
    0x01, 0xf1, 0x01, 0xf1, 0x01, 0xf1, 0x02, 0xf1, 0x01, 0xf1, 0x01, 0xf1, 0x01, 0xf1, 0x01, 0xf1,
    0x01, 0xf1, 0x01, 0xf1, 0x01, 0xf1, 0x01, 0xf1, 0x01, 0xf1, 0x01, 0xf1, 0x01, 0xf1, 0x01, 0xf1,
    0x01, 0xf1, 0x01, 0xf1, 0x01, 0xf1, 0x01, 0xf1, 0x01, 0xf1, 0x01, 0xf1, 0x01, 0xf1, 0x01, 0xf1,
    0x01, 0xf1, 0x01, 0xf1, 0x01, 0xf1, 0x01, 0xf1, 0x01, 0xf1, 0x01, 0xf1, 0x01, 0xf0, 0x01, 0xf1,
    0x01, 0xf1, 0x01, 0xf1, 0x01, 0xf1, 0x01, 0xf1, 0x01, 0xf1, 0x01, 0xf1, 0x01, 0xf1, 0x01, 0xf1,
    0x01, 0xf1, 0x01, 0xf1, 0x01, 0xf1, 0x01, 0xf1, 0x01, 0xf1, 0x01, 0xf1, 0x01, 0xf1, 0x01, 0xf1,
    0x01, 0xf1, 0x01, 0xf1, 0x01, 0xf1, 0x01, 0xf1, 0x01, 0xf1, 0x01, 0xf1, 0x01, 0xf1, 0x01, 0xf1,
    0x01, 0xf1, 0x01, 0xf1, 0x01, 0xf1, 0x01, 0xf1, 0x01, 0xf1, 0x01, 0xf1, 0x01, 0xf1, 0x01, 0xf1,
    0x01, 0xf1, 0x01, 0xf1, 0x01, 0xf1, 0x01, 0xf1, 0x01, 0xf0, 0x01, 0xf0, 0x01, 0xf0, 0x01, 0xf0,
    0x01, 0xf0, 0x01, 0xf0, 0x01, 0xf0, 0x01, 0xf0, 0x01, 0xf1, 0x01, 0xf1, 0x01, 0xf1, 0x01, 0xf1,
    0x01, 0xf1, 0x01, 0xf1, 0x01, 0xf0, 0x01, 0xf1, 0x01, 0xf1, 0x01, 0xf0, 0x01, 0xf0, 0x01, 0xf0,
    0x02, 0xf1, 0x24, 0xf2, 0x01, 0xf1, 0x01, 0xf1, 0x01, 0xf1, 0x01, 0xf1, 0x01, 0xf1, 0x01, 0xf1,
    0x01, 0xf1, 0x01, 0xf1, 0x01, 0xf1, 0x01, 0xf1, 0x01, 0xf1, 0x01, 0xf0, 0x01, 0xf1, 0x01, 0xf1,
    0x01, 0xf1, 0x01, 0xf1, 0x01, 0xf0, 0x01, 0xf1, 0x01, 0xf1, 0x01, 0xf1, 0x01, 0xf1, 0x01, 0xf0,
    0x01, 0xf0, 0x01, 0xf0, 0x01, 0xf1, 0x01, 0xf1, 0x01, 0xf1, 0x01, 0xf1, 0x01, 0xf1, 0x01, 0xf1,
    0x01, 0xf1, 0x01, 0xf0, 0x01, 0xf0, 0x01, 0xf0, 0x01, 0xf1, 0x01, 0xf1, 0x01, 0xf1, 0x01, 0xf0,
    0x01, 0xf0, 0x01, 0xf1, 0x01, 0xf1, 0x01, 0xf1, 0x01, 0xf1, 0x01, 0xf1, 0x01, 0xf1, 0x12, 0xf1,
    0x01, 0xf1, 0x01, 0xf0, 0x01, 0xf1, 0x01, 0xf0, 0x01, 0xf0, 0x01, 0xf0, 0x01, 0xf0, 0x01, 0xf1,
    0x01, 0xf1, 0x01, 0xf1, 0x01, 0xf0, 0x01, 0xf1, 0x01, 0xf1, 0x01, 0xf1, 0x01, 0xf1, 0x01, 0xf1,
    0x01, 0xf1, 0x01, 0xf0, 0x01, 0xf1, 0x01, 0xf1, 0x01, 0xf0, 0x01, 0xf1, 0x01, 0xf0, 0x01, 0xf0,
    0x01, 0xf0, 0x01, 0xf0, 0x01, 0xf1, 0x01, 0xf1, 0x01, 0xf0, 0x01, 0xf0, 0x01, 0xf1, 0x01, 0xf0,
    0x01, 0xf1, 0x01, 0xf1, 0x01, 0xf1, 0x01, 0xf1, 0x01, 0xf1, 0x01, 0xf1, 0x01, 0xf1, 0x01, 0xf1,
    0x01, 0xf1, 0x01, 0xf1, 0x01, 0xf1, 0x01, 0xf1, 0x01, 0xf1, 0x01, 0xf1, 0x01, 0xf1, 0x01, 0xf1,
    0x12, 0xf1, 0x58, 0xf3, 0x58, 0xf3, 0x02, 0xf1, 0x01, 0xf1, 0x01, 0xf0, 0x01, 0xf1, 0x01, 0xf1,
    0x01, 0xf0, 0x01, 0xf0, 0x01, 0xf1, 0x01, 0xf1, 0x01, 0xf0, 0x01, 0xf1, 0x01, 0xf1, 0x01, 0xf0,
    0x01, 0xf0, 0x01, 0xf1, 0x01, 0xf1, 0x01, 0xf1, 0x01, 0xf0, 0x01, 0xf1, 0x01, 0xf1, 0x01, 0xf1,
    0x01, 0xf1, 0x01, 0xf1, 0x01, 0xf1, 0x01, 0xf1, 0x01, 0xf1, 0x01, 0xf0, 0x01, 0xf0, 0x01, 0xf0,
    0x01, 0xf1, 0x01, 0xf1, 0x01, 0xf1, 0x01, 0xf1, 0x01, 0xf1, 0x01, 0xf1, 0x01, 0xf1, 0x01, 0xf1,
    0x02, 0xf1, 0x01, 0xf1, 0x01, 0xf1, 0x01, 0xf1, 0x01, 0xf1, 0x01, 0xf1, 0x01, 0xf1, 0x02, 0xf1,
    0x01, 0xf1, 0x01, 0xf1, 0x01, 0xf1, 0x01, 0xf1, 0x01, 0xf1, 0x01, 0xf1, 0x01, 0xf1, 0x01, 0xf1,
    0x01, 0xf1, 0x01, 0xf1, 0x01, 0xf1, 0x01, 0xf1, 0x01, 0xf1, 0x01, 0xf1, 0x01, 0xf1, 0x01, 0xf1,
    0x01, 0xf1, 0x01, 0xf1, 0x01, 0xf1, 0x01, 0xf1, 0x01, 0xf1, 0x01, 0xf1, 0x01, 0xf1, 0x01, 0xf1,
    0x01, 0xf1, 0x01, 0xf1, 0x01, 0xf1, 0x01, 0xf1, 0x01, 0xf1, 0x01, 0xf1, 0x01, 0xf1, 0x01, 0xf1,
    0x01, 0xf1, 0x01, 0xf1, 0x01, 0xf1, 0x01, 0xf1, 0x01, 0xf1, 0x01, 0xf1, 0x01, 0xf1, 0x01, 0xf1,
    0x01, 0xf1, 0x02, 0xf1, 0x12, 0xf1, 0x01, 0xf1, 0x01, 0xf1, 0x01, 0xf1, 0x01, 0xf1, 0x01, 0xf1,
    0x01, 0xf1, 0x01, 0xf1, 0x01, 0xf1, 0x01, 0xf1, 0x01, 0xf1, 0x01, 0xf1, 0x02, 0xf1, 0x02, 0xf1,
    0x02, 0xf1, 0x01, 0xf1, 0x01, 0xf1, 0x01, 0xf1, 0x01, 0xf1, 0x01, 0xf1, 0x01, 0xf1, 0x01, 0xf1,
    0x01, 0xf1, 0x01, 0xf1, 0x01, 0xf1, 0x01, 0xf1, 0x01, 0xf1, 0x01, 0xf1, 0x01, 0xf1, 0x01, 0xf1,
    0x01, 0xf1, 0x01, 0xf1, 0x01, 0xf1, 0x01, 0xf1, 0x01, 0xf1, 0x01, 0xf1, 0x01, 0xf0, 0x01, 0xf0,
    0x01, 0xf0, 0x01, 0xf0, 0x01, 0xf0, 0x01, 0xf1, 0x01, 0xf1, 0x01, 0xf1, 0x01, 0xf1, 0x01, 0xf1,
    0x01, 0xf1, 0x01, 0xf0, 0x01, 0xf1, 0x01, 0xf0, 0x01, 0xf0, 0x01, 0xf0, 0x01, 0xf0, 0x01, 0xf0,
    0x01, 0xf1, 0x12, 0xf1, 0x01, 0xf1, 0x01, 0xf0, 0x01, 0xf1, 0x01, 0xf1, 0x01, 0xf0, 0x01, 0xf1,
    0x01, 0xf1, 0x01, 0xf1, 0x01, 0xf1, 0x01, 0xf1, 0x01, 0xf1, 0x01, 0xf1, 0x01, 0xf1, 0x01, 0xf1,
    0x01, 0xf1, 0x01, 0xf1, 0x01, 0xf0, 0x01, 0xf0, 0x01, 0xf1, 0x01, 0xf1, 0x01, 0xf1, 0x01, 0xf0,
    0x01, 0xf1, 0x01, 0xf1, 0x01, 0xf1, 0x01, 0xf1, 0x01, 0xf1, 0x01, 0xf1, 0x01, 0xf1, 0x01, 0xf1,
    0x01, 0xf0, 0x01, 0xf0, 0x01, 0xf0, 0x01, 0xf1, 0x01, 0xf1, 0x01, 0xf1, 0x01, 0xf1, 0x01, 0xf0,
    0x01, 0xf1, 0x02, 0xf1, 0x13, 0xf1, 0x02, 0xf1, 0x01, 0xf1, 0x01, 0xf0, 0x01, 0xf0, 0x01, 0xf0,
    0x01, 0xf0, 0x01, 0xf0, 0x01, 0xf1, 0x01, 0xf1, 0x01, 0xf1, 0x01, 0xf1, 0x01, 0xf1, 0x01, 0xf1,
    0x01, 0xf1, 0x01, 0xf1, 0x01, 0xf1, 0x01, 0xf1, 0x01, 0xf1, 0x02, 0xf1, 0x01, 0xf1, 0x01, 0xf1,
    0x01, 0xf1, 0x01, 0xf1, 0x01, 0xf1, 0x01, 0xf1, 0x01, 0xf1, 0x01, 0xf1, 0x01, 0xf1, 0x01, 0xf1,
    0x01, 0xf0, 0x01, 0xf0, 0x01, 0xf0, 0x01, 0xf0, 0x01, 0xf0, 0x01, 0xf1, 0x01, 0xf1, 0x01, 0xf1,
    0x01, 0xf1, 0x01, 0xf1, 0x01, 0xf1, 0x02, 0xf1, 0x01, 0xf1, 0x01, 0xf1, 0x01, 0xf1, 0x01, 0xf1,
    0x01, 0xf1, 0x01, 0xf1, 0x01, 0xf1, 0x01, 0xf1, 0x01, 0xf1, 0x01, 0xf1, 0x01, 0xf1, 0x01, 0xf1,
    0x02, 0xf1, 0x46, 0xf2, 0x46, 0xf2, 0x02, 0xf1, 0x01, 0xf1, 0x01, 0xf1, 0x01, 0xf1, 0x01, 0xf0,
    0x01, 0xf0, 0x01, 0xf0, 0x01, 0xf0, 0x01, 0xf0, 0x01, 0xf0, 0x01, 0xf1, 0x01, 0xf1, 0x01, 0xf0,
    0x01, 0xf0, 0x01, 0xf0, 0x01, 0xf1, 0x01, 0xf0, 0x01, 0xf0, 0x01, 0xf1, 0x01, 0xf1, 0x01, 0xf1,
    0x01, 0xf1, 0x01, 0xf1, 0x01, 0xf1, 0x01, 0xf1, 0x01, 0xf1, 0x01, 0xf0, 0x01, 0xf1, 0x01, 0xf1,
    0x01, 0xf1, 0x01, 0xf1, 0x01, 0xf1, 0x01, 0xf1, 0x01, 0xf1, 0x02, 0xf1, 0x01, 0xf1, 0x02, 0xf1,
    0x02, 0xf1, 0x02, 0xf1, 0x01, 0xf1, 0x01, 0xf1, 0x01, 0xf1, 0x01, 0xf1, 0x01, 0xf1, 0x02, 0xf1,
    0x01, 0xf1, 0x01, 0xf1, 0x01, 0xf1, 0x01, 0xf1, 0x01, 0xf1, 0x01, 0xf1, 0x01, 0xf1, 0x01, 0xf1,
    0x01, 0xf1, 0x01, 0xf1, 0x01, 0xf1, 0x01, 0xf1, 0x01, 0xf1, 0x01, 0xf1, 0x01, 0xf1, 0x01, 0xf1,
    0x01, 0xf1, 0x01, 0xf1, 0x01, 0xf1, 0x01, 0xf1, 0x01, 0xf1, 0x01, 0xf1, 0x01, 0xf1, 0x01, 0xf1,
    0x01, 0xf1, 0x01, 0xf1, 0x01, 0xf1, 0x01, 0xf1, 0x01, 0xf1, 0x01, 0xf1, 0x01, 0xf1, 0x01, 0xf1,
    0x01, 0xf1, 0x01, 0xf1, 0x01, 0xf1, 0x01, 0xf1, 0x01, 0xf1, 0x01, 0xf1, 0x01, 0xf1, 0x01, 0xf1,
    0x01, 0xf1, 0x02, 0xf1, 0x02, 0xf1, 0x01, 0xf1, 0x01, 0xf1, 0x01, 0xf1, 0x01, 0xf1, 0x01, 0xf1,
    0x01, 0xf1, 0x01, 0xf1, 0x02, 0xf1, 0x02, 0xf1, 0x02, 0xf1, 0x01, 0xf1, 0x02, 0xf1, 0x02, 0xf1,
    0x02, 0xf1, 0x01, 0xf1, 0x01, 0xf1, 0x01, 0xf1, 0x01, 0xf1, 0x01, 0xf1, 0x01, 0xf1, 0x01, 0xf1,
    0x01, 0xf1, 0x01, 0xf1, 0x01, 0xf1, 0x01, 0xf1, 0x01, 0xf1, 0x01, 0xf1, 0x01, 0xf1, 0x01, 0xf1,
    0x01, 0xf1, 0x01, 0xf1, 0x01, 0xf1, 0x01, 0xf1, 0x01, 0xf1, 0x01, 0xf1, 0x01, 0xf0, 0x01, 0xf0,
    0x01, 0xf0, 0x01, 0xf1, 0x01, 0xf1, 0x01, 0xf1, 0x01, 0xf1, 0x01, 0xf1, 0x01, 0xf1, 0x01, 0xf1,
    0x01, 0xf1, 0x01, 0xf1, 0x01, 0xf0, 0x02, 0xf1, 0x02, 0xf1, 0x01, 0xf1, 0x01, 0xf0, 0x01, 0xf0,
    0x01, 0xf1, 0x01, 0xf1, 0x01, 0xf0, 0x01, 0xf1, 0x01, 0xf0, 0x01, 0xf1, 0x01, 0xf0, 0x01, 0xf1,
    0x01, 0xf1, 0x01, 0xf1, 0x01, 0xf1, 0x01, 0xf0, 0x01, 0xf0, 0x01, 0xf1, 0x01, 0xf0, 0x01, 0xf1,
    0x01, 0xf1, 0x01, 0xf1, 0x01, 0xf1, 0x01, 0xf1, 0x01, 0xf1, 0x01, 0xf1, 0x01, 0xf1, 0x01, 0xf1,
    0x01, 0xf1, 0x01, 0xf1, 0x01, 0xf0, 0x01, 0xf1, 0x01, 0xf1, 0x01, 0xf1, 0x01, 0xf1, 0x01, 0xf1,
    0x01, 0xf1, 0x01, 0xf0, 0x01, 0xf0, 0x01, 0xf0, 0x01, 0xf1, 0x01, 0xf1, 0x01, 0xf1, 0x01, 0xf1,
    0x01, 0xf1, 0x24, 0xf2, 0x69, 0xf3, 0x13, 0xf1, 0x01, 0xf1, 0x01, 0xf1, 0x01, 0xf0, 0x01, 0xf1,
    0x01, 0xf0, 0x01, 0xf1, 0x01, 0xf0, 0x01, 0xf1, 0x01, 0xf1, 0x01, 0xf1, 0x01, 0xf1, 0x01, 0xf1,
    0x01, 0xf1, 0x01, 0xf1, 0x01, 0xf0, 0x01, 0xf0, 0x01, 0xf1, 0x01, 0xf1, 0x01, 0xf1, 0x01, 0xf1,
    0x01, 0xf1, 0x01, 0xf1, 0x01, 0xf1, 0x01, 0xf1, 0x01, 0xf1, 0x01, 0xf1, 0x01, 0xf1, 0x01, 0xf1,
    0x01, 0xf1, 0x01, 0xf0, 0x01, 0xf0, 0x01, 0xf1, 0x01, 0xf1, 0x01, 0xf1, 0x01, 0xf1, 0x01, 0xf1,
    0x01, 0xf1, 0x01, 0xf1, 0x01, 0xf1, 0x01, 0xf1, 0x01, 0xf1, 0x01, 0xf1, 0x01, 0xf1, 0x01, 0xf1,
    0x01, 0xf1, 0x01, 0xf1, 0x01, 0xf1, 0x01, 0xf1, 0x01, 0xf1, 0x01, 0xf1, 0x01, 0xf1, 0x01, 0xf1,
    0x01, 0xf1, 0x02, 0xf1, 0x02, 0xf1, 0x01, 0xf1, 0x01, 0xf1, 0x01, 0xf1, 0x01, 0xf0, 0x01, 0xf0,
    0x01, 0xf0, 0x01, 0xf0, 0x01, 0xf0, 0x01, 0xf0, 0x01, 0xf0, 0x01, 0xf1, 0x01, 0xf1, 0x01, 0xf0,
    0x01, 0xf0, 0x01, 0xf0, 0x01, 0xf1, 0x01, 0xf1, 0x01, 0xf1, 0x01, 0xf1, 0x01, 0xf1, 0x01, 0xf1,
    0x01, 0xf1, 0x01, 0xf1, 0x01, 0xf1, 0x01, 0xf1, 0x01, 0xf1, 0x01, 0xf1, 0x01, 0xf1, 0x01, 0xf1,
    0x02, 0xf1, 0x01, 0xf1, 0x01, 0xf1, 0x01, 0xf1, 0x01, 0xf1, 0x02, 0xf1, 0x02, 0xf1, 0x02, 0xf1,
    0x02, 0xf1, 0x02, 0xf1, 0x01, 0xf1, 0x01, 0xf1, 0x01, 0xf1, 0x01, 0xf1, 0x01, 0xf1, 0x01, 0xf1,
    0x01, 0xf1, 0x01, 0xf1, 0x01, 0xf1, 0x01, 0xf1, 0x01, 0xf1, 0x01, 0xf1, 0x01, 0xf1, 0x01, 0xf1,
    0x02, 0xf1, 0x01, 0xf1, 0x01, 0xf1, 0x01, 0xf1, 0x01, 0xf1, 0x01, 0xf1, 0x01, 0xf1, 0x01, 0xf1,
    0x02, 0xf1, 0x01, 0xf1, 0x01, 0xf1, 0x01, 0xf1, 0x01, 0xf1, 0x01, 0xf1, 0x01, 0xf1, 0x01, 0xf1,
    0x01, 0xf1, 0x01, 0xf1, 0x01, 0xf1, 0x01, 0xf1, 0x01, 0xf1, 0x01, 0xf1, 0x01, 0xf1, 0x01, 0xf1,
    0x01, 0xf1, 0x01, 0xf1, 0x01, 0xf1, 0x01, 0xf1, 0x01, 0xf1, 0x01, 0xf1, 0x01, 0xf1, 0x01, 0xf1,
    0x01, 0xf1, 0x01, 0xf1, 0x01, 0xf1, 0x01, 0xf1, 0x01, 0xf1, 0x01, 0xf1, 0x01, 0xf1, 0x01, 0xf1,
    0x01, 0xf1, 0x01, 0xf1, 0x02, 0xf1, 0x12, 0xf1, 0x12, 0xf1, 0x02, 0xf1, 0x02, 0xf1, 0x02, 0xf1,
    0x01, 0xf1, 0x01, 0xf1, 0x01, 0xf1, 0x01, 0xf1, 0x01, 0xf1, 0x01, 0xf1, 0x01, 0xf1, 0x01, 0xf1,
    0x01, 0xf1, 0x01, 0xf1, 0x01, 0xf1, 0x01, 0xf1, 0x01, 0xf1, 0x01, 0xf1, 0x01, 0xf1, 0x01, 0xf1,
    0x01, 0xf1, 0x01, 0xf1, 0x01, 0xf1, 0x01, 0xf1, 0x01, 0xf1, 0x01, 0xf1, 0x01, 0xf1, 0x01, 0xf0,
    0x01, 0xf1, 0x01, 0xf0, 0x01, 0xf1, 0x01, 0xf0, 0x01, 0xf0, 0x01, 0xf1, 0x01, 0xf1, 0x01, 0xf1,
    0x01, 0xf1, 0x01, 0xf1, 0x01, 0xf0, 0x12, 0xf1, 0x24, 0xf2, 0x01, 0xf1, 0x01, 0xf0, 0x01, 0xf0,
    0x01, 0xf0, 0x01, 0xf0, 0x01, 0xf0, 0x01, 0xf0, 0x01, 0xf1, 0x01, 0xf0, 0x01, 0xf1, 0x01, 0xf1,
    0x01, 0xf0, 0x01, 0xf0, 0x01, 0xf0, 0x01, 0xf0, 0x01, 0xf0, 0x01, 0xf1, 0x01, 0xf1, 0x01, 0xf1,
    0x01, 0xf0, 0x01, 0xf0, 0x01, 0xf1, 0x01, 0xf1, 0x01, 0xf1, 0x01, 0xf1, 0x01, 0xf1, 0x01, 0xf1,
    0x01, 0xf1, 0x01, 0xf1, 0x01, 0xf1, 0x01, 0xf1, 0x01, 0xf0, 0x01, 0xf0, 0x01, 0xf1, 0x01, 0xf1,
    0x01, 0xf1, 0x01, 0xf1, 0x01, 0xf0, 0x01, 0xf0, 0x01, 0xf1, 0x01, 0xf1, 0x01, 0xf1, 0x01, 0xf1,
    0x01, 0xf1, 0x12, 0xf1, 0x24, 0xf2, 0x12, 0xf1, 0x01, 0xf1, 0x01, 0xf1, 0x01, 0xf1, 0x01, 0xf1,
    0x01, 0xf1, 0x01, 0xf1, 0x01, 0xf1, 0x01, 0xf1, 0x01, 0xf1, 0x01, 0xf1, 0x01, 0xf1, 0x01, 0xf1,
    0x01, 0xf1, 0x01, 0xf1, 0x01, 0xf1, 0x01, 0xf0, 0x01, 0xf1, 0x01, 0xf1, 0x01, 0xf1, 0x01, 0xf1,
    0x01, 0xf1, 0x01, 0xf1, 0x01, 0xf1, 0x01, 0xf1, 0x01, 0xf1, 0x01, 0xf1, 0x01, 0xf1, 0x01, 0xf1,
    0x01, 0xf1, 0x01, 0xf0, 0x01, 0xf1, 0x01, 0xf1, 0x01, 0xf1, 0x01, 0xf1, 0x01, 0xf1, 0x01, 0xf1,
    0x01, 0xf1, 0x01, 0xf1, 0x01, 0xf1, 0x01, 0xf1, 0x01, 0xf1, 0x01, 0xf1, 0x01, 0xf1, 0x01, 0xf1,
    0x01, 0xf1, 0x01, 0xf1, 0x01, 0xf1, 0x01, 0xf1, 0x01, 0xf1, 0x01, 0xf1, 0x01, 0xf1, 0x01, 0xf1,
    0x01, 0xf1, 0x01, 0xf1, 0x01, 0xf1, 0x01, 0xf1, 0x01, 0xf1, 0x01, 0xf1, 0x01, 0xf1, 0x01, 0xf1,
    0x01, 0xf0, 0x01, 0xf0, 0x01, 0xf0, 0x01, 0xf0, 0x01, 0xf0, 0x01, 0xf1, 0x01, 0xf1, 0x01, 0xf1,
    0x01, 0xf1, 0x01, 0xf1, 0x01, 0xf1, 0x01, 0xf1, 0x01, 0xf1, 0x01, 0xf1, 0x01, 0xf1, 0x01, 0xf1,
    0x01, 0xf1, 0x01, 0xf1, 0x01, 0xf1, 0x01, 0xf1, 0x01, 0xf1, 0x01, 0xf1, 0x01, 0xf1, 0x01, 0xf1,
    0x01, 0xf1, 0x02, 0xf1, 0x01, 0xf1, 0x02, 0xf1, 0x01, 0xf1, 0x02, 0xf1, 0x13, 0xf1, 0x01, 0xf1,
    0x01, 0xf1, 0x02, 0xf1, 0x01, 0xf1, 0x01, 0xf1, 0x01, 0xf1, 0x01, 0xf1, 0x01, 0xf1, 0x01, 0xf1,
    0x01, 0xf1, 0x01, 0xf1, 0x01, 0xf1, 0x01, 0xf1, 0x01, 0xf1, 0x01, 0xf1, 0x01, 0xf1, 0x01, 0xf0,
    0x01, 0xf1, 0x01, 0xf1, 0x01, 0xf1, 0x01, 0xf1, 0x01, 0xf1, 0x01, 0xf1, 0x01, 0xf1, 0x01, 0xf1,
    0x01, 0xf1, 0x01, 0xf1, 0x01, 0xf1, 0x01, 0xf1, 0x01, 0xf1, 0x01, 0xf1, 0x01, 0xf1, 0x01, 0xf1,
    0x01, 0xf1, 0x01, 0xf1, 0x01, 0xf1, 0x01, 0xf1, 0x01, 0xf1, 0x01, 0xf1, 0x01, 0xf1, 0x01, 0xf1,
    0x01, 0xf1, 0x01, 0xf1, 0x01, 0xf1, 0x02, 0xf1, 0x02, 0xf1, 0x01, 0xf1, 0x01, 0xf1, 0x01, 0xf1,
    0x01, 0xf1, 0x01, 0xf1, 0x01, 0xf1, 0x01, 0xf1, 0x01, 0xf1, 0x01, 0xf1, 0x01, 0xf1, 0x01, 0xf1,
    0x01, 0xf1, 0x01, 0xf1, 0x01, 0xf1, 0x01, 0xf1, 0x01, 0xf1, 0x01, 0xf1, 0x01, 0xf1, 0x01, 0xf1,
    0x01, 0xf1, 0x01, 0xf1, 0x01, 0xf1, 0x01, 0xf1, 0x01, 0xf1, 0x01, 0xf1, 0x01, 0xf1, 0x01, 0xf1,
    0x01, 0xf1, 0x01, 0xf1, 0x01, 0xf1, 0x01, 0xf1, 0x01, 0xf1, 0x01, 0xf1, 0x01, 0xf1, 0x01, 0xf1,
    0x01, 0xf1, 0x01, 0xf1, 0x01, 0xf1, 0x01, 0xf1, 0x01, 0xf1, 0x01, 0xf1, 0x01, 0xf1, 0x01, 0xf1,
    0x01, 0xf1, 0x01, 0xf1, 0x01, 0xf1, 0x01, 0xf1, 0x01, 0xf0, 0x01, 0xf1, 0x01, 0xf1, 0x01, 0xf1,
    0x01, 0xf1, 0x01, 0xf1, 0x01, 0xf1, 0x01, 0xf1, 0x01, 0xf1, 0x01, 0xf1, 0x01, 0xf0, 0x01, 0xf0,
    0x01, 0xf0, 0x01, 0xf0, 0x01, 0xf1, 0x01, 0xf0, 0x01, 0xf0, 0x01, 0xf0, 0x01, 0xf1, 0x01, 0xf0,
    0x01, 0xf0, 0x01, 0xf0, 0x01, 0xf0, 0x01, 0xf1, 0x01, 0xf1, 0x01, 0xf1, 0x01, 0xf1, 0x01, 0xf1,
    0x01, 0xf1, 0x01, 0xf1, 0x01, 0xf1, 0x01, 0xf1, 0x01, 0xf1, 0x01, 0xf1, 0x01, 0xf1, 0x01, 0xf0,
    0x01, 0xf1, 0x01, 0xf1, 0x01, 0xf1, 0x01, 0xf0, 0x01, 0xf1, 0x01, 0xf0, 0x01, 0xf0, 0x01, 0xf0,
    0x01, 0xf1, 0x01, 0xf1, 0x01, 0xf1, 0x01, 0xf1, 0x01, 0xf1, 0x01, 0xf1, 0x01, 0xf1, 0x01, 0xf1,
    0x01, 0xf1, 0x01, 0xf1, 0x01, 0xf1, 0x01, 0xf1, 0x01, 0xf1, 0x01, 0xf1, 0x01, 0xf0, 0x01, 0xf0,
    0x01, 0xf1, 0x01, 0xf0, 0x01, 0xf0, 0x01, 0xf0, 0x01, 0xf0, 0x01, 0xf1, 0x01, 0xf1, 0x01, 0xf1,
    0x01, 0xf1, 0x01, 0xf1, 0x01, 0xf1, 0x01, 0xf1, 0x01, 0xf1, 0x01, 0xf1, 0x01, 0xf1, 0x01, 0xf1,
    0x01, 0xf1, 0x01, 0xf1, 0x01, 0xf1, 0x02, 0xf1, 0x13, 0xf2, 0x13, 0xf1, 0x02, 0xf1, 0x01, 0xf1,
    0x01, 0xf1, 0x01, 0xf1, 0x01, 0xf1, 0x01, 0xf1, 0x01, 0xf0, 0x01, 0xf1, 0x01, 0xf1, 0x01, 0xf1,
    0x01, 0xf1, 0x01, 0xf1, 0x01, 0xf1, 0x01, 0xf1, 0x01, 0xf1, 0x01, 0xf1, 0x01, 0xf1, 0x01, 0xf1,
    0x01, 0xf1, 0x01, 0xf1, 0x01, 0xf1, 0x01, 0xf1, 0x01, 0xf1, 0x01, 0xf1, 0x01, 0xf1, 0x01, 0xf1,
    0x01, 0xf1, 0x01, 0xf1, 0x01, 0xf1, 0x01, 0xf0, 0x01, 0xf0, 0x01, 0xf1, 0x01, 0xf1, 0x01, 0xf1,
    0x01, 0xf0, 0x01, 0xf1, 0x01, 0xf1, 0x01, 0xf1, 0x01, 0xf1, 0x01, 0xf1, 0x01, 0xf1, 0x01, 0xf1,
    0x01, 0xf1, 0x01, 0xf1, 0x01, 0xf1, 0x01, 0xf1, 0x01, 0xf1, 0x01, 0xf1, 0x01, 0xf1, 0x01, 0xf1,
    0x01, 0xf1, 0x01, 0xf1, 0x01, 0xf1, 0x01, 0xf1, 0x01, 0xf1, 0x01, 0xf1, 0x01, 0xf1, 0x01, 0xf1,
    0x02, 0xf1, 0x02, 0xf1, 0x02, 0xf1, 0x02, 0xf1, 0x02, 0xf1, 0x02, 0xf1, 0x02, 0xf1, 0x01, 0xf1,
    0x01, 0xf1, 0x01, 0xf1, 0x01, 0xf1, 0x01, 0xf1, 0x01, 0xf1, 0x01, 0xf1, 0x02, 0xf1, 0x01, 0xf1,
    0x01, 0xf1, 0x01, 0xf1, 0x01, 0xf1, 0x01, 0xf1, 0x01, 0xf1, 0x01, 0xf1, 0x01, 0xf1, 0x01, 0xf1,
    0x01, 0xf1, 0x01, 0xf1, 0x01, 0xf1, 0x01, 0xf1, 0x01, 0xf1, 0x01, 0xf1, 0x01, 0xf1, 0x01, 0xf1,
    0x01, 0xf1, 0x01, 0xf1, 0x02, 0xf1, 0x01, 0xf1, 0x01, 0xf1, 0x01, 0xf1, 0x02, 0xf1, 0x01, 0xf1,
    0x01, 0xf1, 0x01, 0xf1, 0x01, 0xf1, 0x01, 0xf1, 0x01, 0xf1, 0x02, 0xf1, 0x01, 0xf1, 0x01, 0xf0,
    0x01, 0xf1, 0x01, 0xf1, 0x01, 0xf1, 0x01, 0xf1, 0x01, 0xf1, 0x01, 0xf1, 0x01, 0xf1, 0x01, 0xf1,
    0x01, 0xf1, 0x01, 0xf1, 0x01, 0xf1, 0x01, 0xf1, 0x01, 0xf1, 0x01, 0xf1, 0x01, 0xf1, 0x01, 0xf1,
    0x01, 0xf1, 0x01, 0xf1, 0x01, 0xf1, 0x01, 0xf1, 0x01, 0xf1, 0x01, 0xf1, 0x01, 0xf1, 0x01, 0xf1,
    0x01, 0xf1, 0x01, 0xf1, 0x01, 0xf1, 0x01, 0xf1, 0x01, 0xf1, 0x01, 0xf1, 0x01, 0xf1, 0x01, 0xf1,
    0x01, 0xf1, 0x01, 0xf1, 0x01, 0xf1, 0x01, 0xf1, 0x01, 0xf1, 0x01, 0xf1, 0x01, 0xf1, 0x01, 0xf1,
    0x01, 0xf1, 0x01, 0xf1, 0x01, 0xf1, 0x02, 0xf1, 0x02, 0xf1, 0x02, 0xf1, 0x01, 0xf1, 0x01, 0xf1,
    0x01, 0xf1, 0x01, 0xf1, 0x01, 0xf1, 0x01, 0xf0, 0x01, 0xf0, 0x01, 0xf0, 0x01, 0xf1, 0x01, 0xf1,
    0x01, 0xf1, 0x01, 0xf1, 0x01, 0xf1, 0x01, 0xf0, 0x01, 0xf1, 0x01, 0xf1, 0x01, 0xf0, 0x01, 0xf0,
    0x01, 0xf0, 0x01, 0xf1, 0x01, 0xf1, 0x01, 0xf1, 0x01, 0xf1, 0x01, 0xf0, 0x01, 0xf0, 0x01, 0xf0,
    0x01, 0xf0, 0x01, 0xf0, 0x01, 0xf0, 0x01, 0xf0, 0x01, 0xf1, 0x01, 0xf1, 0x01, 0xf1, 0x01, 0xf1,
    0x01, 0xf0, 0x01, 0xf1, 0x01, 0xf1, 0x01, 0xf1, 0x01, 0xf1, 0x01, 0xf1, 0x01, 0xf0, 0x01, 0xf0,
    0x01, 0xf1, 0x01, 0xf1, 0x01, 0xf1, 0x01, 0xf1, 0x01, 0xf0, 0x01, 0xf1, 0x01, 0xf0, 0x01, 0xf0,
    0x01, 0xf1, 0x01, 0xf1, 0x01, 0xf1, 0x01, 0xf1, 0x01, 0xf1, 0x01, 0xf1, 0x01, 0xf1, 0x01, 0xf1,
    0x01, 0xf1, 0x01, 0xf1, 0x01, 0xf1, 0x01, 0xf1, 0x01, 0xf1, 0x01, 0xf1, 0x01, 0xf1, 0x01, 0xf1,
    0x01, 0xf1, 0x01, 0xf1, 0x01, 0xf1, 0x01, 0xf1, 0x01, 0xf1, 0x01, 0xf1, 0x01, 0xf1, 0x01, 0xf1,
    0x01, 0xf1, 0x01, 0xf1, 0x01, 0xf1, 0x01, 0xf1, 0x01, 0xf1, 0x01, 0xf1, 0x01, 0xf1, 0x01, 0xf1,
    0x01, 0xf1, 0x01, 0xf1, 0x01, 0xf1, 0x12, 0xf1, 0x68, 0xf3, 0x69, 0xf3, 0x13, 0xf1, 0x02, 0xf1,
    0x01, 0xf1, 0x01, 0xf0, 0x01, 0xf0, 0x01, 0xf1, 0x01, 0xf0, 0x01, 0xf1, 0x01, 0xf1, 0x01, 0xf1,
    0x01, 0xf1, 0x01, 0xf1, 0x01, 0xf1, 0x01, 0xf1, 0x02, 0xf1, 0x01, 0xf1, 0x01, 0xf1, 0x01, 0xf1,
    0x01, 0xf1, 0x01, 0xf1, 0x01, 0xf1, 0x01, 0xf1, 0x01, 0xf1, 0x01, 0xf1, 0x01, 0xf1, 0x01, 0xf1,
    0x01, 0xf1, 0x01, 0xf1, 0x01, 0xf1, 0x01, 0xf1, 0x01, 0xf1, 0x01, 0xf1, 0x01, 0xf1, 0x01, 0xf0,
    0x01, 0xf1, 0x01, 0xf1, 0x01, 0xf1, 0x01, 0xf1, 0x01, 0xf1, 0x01, 0xf1, 0x01, 0xf1, 0x01, 0xf1,
    0x01, 0xf1, 0x01, 0xf1, 0x01, 0xf1, 0x01, 0xf1, 0x01, 0xf1, 0x01, 0xf1, 0x01, 0xf1, 0x01, 0xf1,
    0x01, 0xf1, 0x01, 0xf1, 0x01, 0xf1, 0x01, 0xf1, 0x01, 0xf1, 0x01, 0xf1, 0x01, 0xf1, 0x01, 0xf1,
    0x02, 0xf1, 0x02, 0xf1, 0x02, 0xf1, 0x02, 0xf1, 0x02, 0xf1, 0x02, 0xf1, 0x02, 0xf1, 0x02, 0xf1,
    0x02, 0xf1, 0x01, 0xf1, 0x01, 0xf1, 0x01, 0xf1, 0x01, 0xf1, 0x01, 0xf1, 0x01, 0xf1, 0x01, 0xf1,
    0x01, 0xf1, 0x01, 0xf1, 0x01, 0xf1, 0x01, 0xf1, 0x01, 0xf1, 0x01, 0xf1, 0x01, 0xf1, 0x01, 0xf1,
    0x01, 0xf1, 0x01, 0xf1, 0x01, 0xf1, 0x01, 0xf1, 0x01, 0xf1, 0x01, 0xf1, 0x01, 0xf1, 0x01, 0xf1,
    0x01, 0xf1, 0x01, 0xf1, 0x01, 0xf1, 0x01, 0xf1, 0x01, 0xf1, 0x01, 0xf1, 0x01, 0xf1, 0x01, 0xf1,
    0x01, 0xf1, 0x13, 0xf1, 0x02, 0xf1, 0x01, 0xf1, 0x01, 0xf1, 0x01, 0xf1, 0x01, 0xf1, 0x01, 0xf1,
    0x01, 0xf1, 0x01, 0xf1, 0x01, 0xf1, 0x01, 0xf1, 0x01, 0xf1, 0x01, 0xf1, 0x01, 0xf1, 0x01, 0xf1,
    0x01, 0xf1, 0x01, 0xf1, 0x01, 0xf1, 0x01, 0xf1, 0x01, 0xf1, 0x01, 0xf1, 0x01, 0xf1, 0x01, 0xf1,
    0x01, 0xf1, 0x01, 0xf1, 0x01, 0xf1, 0x01, 0xf1, 0x01, 0xf1, 0x01, 0xf1, 0x02, 0xf1, 0x01, 0xf1,
    0x01, 0xf1, 0x01, 0xf1, 0x01, 0xf1, 0x01, 0xf1, 0x01, 0xf1, 0x01, 0xf1, 0x01, 0xf1, 0x01, 0xf1,
    0x01, 0xf1, 0x01, 0xf0, 0x01, 0xf1, 0x01, 0xf1, 0x01, 0xf0, 0x01, 0xf1, 0x01, 0xf1, 0x01, 0xf1,
    0x01, 0xf1, 0x01, 0xf1, 0x01, 0xf1, 0x02, 0xf1, 0x47, 0xf2, 0x46, 0xf2, 0x02, 0xf1, 0x01, 0xf1,
    0x01, 0xf1, 0x01, 0xf1, 0x01, 0xf0, 0x01, 0xf0, 0x01, 0xf0, 0x01, 0xf1, 0x01, 0xf1, 0x01, 0xf1,
    0x01, 0xf0, 0x01, 0xf1, 0x01, 0xf0, 0x01, 0xf0, 0x01, 0xf1, 0x01, 0xf0, 0x01, 0xf0, 0x01, 0xf0,
    0x01, 0xf1, 0x01, 0xf1, 0x01, 0xf1, 0x01, 0xf0, 0x01, 0xf0, 0x01, 0xf1, 0x01, 0xf0, 0x01, 0xf0,
    0x01, 0xf0, 0x01, 0xf0, 0x01, 0xf0, 0x01, 0xf0, 0x01, 0xf0, 0x01, 0xf1, 0x01, 0xf1, 0x01, 0xf0,
    0x01, 0xf1, 0x01, 0xf0, 0x01, 0xf0, 0x01, 0xf1, 0x01, 0xf1, 0x01, 0xf1, 0x01, 0xf1, 0x01, 0xf0,
    0x01, 0xf1, 0x01, 0xf1, 0x01, 0xf1, 0x01, 0xf0, 0x01, 0xf1, 0x01, 0xf1, 0x01, 0xf1, 0x01, 0xf0,
    0x01, 0xf1, 0x01, 0xf1, 0x02, 0xf1, 0x01, 0xf1, 0x01, 0xf1, 0x01, 0xf1, 0x01, 0xf1, 0x01, 0xf1,
    0x01, 0xf1, 0x01, 0xf1, 0x01, 0xf1, 0x01, 0xf1, 0x01, 0xf1, 0x01, 0xf1, 0x01, 0xf1, 0x01, 0xf1,
    0x01, 0xf1, 0x01, 0xf1, 0x01, 0xf1, 0x01, 0xf1, 0x01, 0xf1, 0x01, 0xf1, 0x01, 0xf1, 0x01, 0xf1,
    0x01, 0xf1, 0x01, 0xf1, 0x01, 0xf1, 0x01, 0xf1, 0x01, 0xf1, 0x01, 0xf1, 0x01, 0xf1, 0x01, 0xf1,
    0x01, 0xf1, 0x01, 0xf1, 0x01, 0xf1, 0x02, 0xf1, 0x46, 0xf2, 0x35, 0xf2, 0x13, 0xf2, 0x01, 0xf1,
    0x01, 0xf1, 0x01, 0xf0, 0x01, 0xf1, 0x01, 0xf1, 0x01, 0xf1, 0x01, 0xf1, 0x01, 0xf1, 0x01, 0xf1,
    0x01, 0xf1, 0x01, 0xf1, 0x01, 0xf1, 0x01, 0xf1, 0x01, 0xf1, 0x01, 0xf1, 0x01, 0xf1, 0x01, 0xf1,
    0x01, 0xf1, 0x01, 0xf1, 0x01, 0xf1, 0x01, 0xf1, 0x01, 0xf1, 0x02, 0xf1, 0x02, 0xf1, 0x01, 0xf1,
    0x01, 0xf1, 0x01, 0xf1, 0x01, 0xf1, 0x01, 0xf1, 0x01, 0xf1, 0x01, 0xf1, 0x01, 0xf1, 0x01, 0xf1,
    0x01, 0xf1, 0x01, 0xf1, 0x01, 0xf1, 0x01, 0xf1, 0x01, 0xf0, 0x01, 0xf0, 0x01, 0xf0, 0x01, 0xf0,
    0x01, 0xf1, 0x01, 0xf1, 0x01, 0xf1, 0x01, 0xf1, 0x01, 0xf1, 0x01, 0xf1, 0x01, 0xf1, 0x01, 0xf1,
    0x01, 0xf1, 0x01, 0xf1, 0x01, 0xf1, 0x01, 0xf1, 0x01, 0xf1, 0x01, 0xf1, 0x01, 0xf1, 0x01, 0xf0,
    0x01, 0xf1, 0x01, 0xf1, 0x02, 0xf1, 0x02, 0xf1, 0x02, 0xf1, 0x01, 0xf1, 0x02, 0xf1, 0x02, 0xf1,
    0x01, 0xf1, 0x02, 0xf1, 0x02, 0xf1, 0x01, 0xf1, 0x01, 0xf1, 0x01, 0xf1, 0x01, 0xf1, 0x01, 0xf1,
    0x01, 0xf1, 0x01, 0xf1, 0x01, 0xf1, 0x01, 0xf1, 0x01, 0xf1, 0x01, 0xf1, 0x01, 0xf1, 0x01, 0xf1,
    0x01, 0xf1, 0x01, 0xf1, 0x01, 0xf1, 0x01, 0xf1, 0x01, 0xf1, 0x01, 0xf1, 0x01, 0xf1, 0x01, 0xf1,
    0x01, 0xf1, 0x01, 0xf1, 0x01, 0xf1, 0x01, 0xf1, 0x01, 0xf1, 0x01, 0xf1, 0x01, 0xf1, 0x01, 0xf1,
    0x01, 0xf1, 0x12, 0xf1, 0x02, 0xf1, 0x01, 0xf1, 0x01, 0xf1, 0x01, 0xf1, 0x01, 0xf1, 0x01, 0xf1,
    0x01, 0xf1, 0x01, 0xf1, 0x01, 0xf1, 0x01, 0xf1, 0x01, 0xf1, 0x01, 0xf1, 0x01, 0xf1, 0x01, 0xf1,
    0x01, 0xf1, 0x01, 0xf1, 0x01, 0xf1, 0x01, 0xf1, 0x01, 0xf1, 0x01, 0xf1, 0x01, 0xf1, 0x01, 0xf1,
    0x01, 0xf1, 0x01, 0xf1, 0x01, 0xf1, 0x01, 0xf1, 0x01, 0xf1, 0x01, 0xf1, 0x01, 0xf1, 0x01, 0xf1,
    0x01, 0xf1, 0x01, 0xf1, 0x01, 0xf1, 0x01, 0xf1, 0x01, 0xf1, 0x01, 0xf1, 0x01, 0xf1, 0x01, 0xf1,
    0x01, 0xf0, 0x01, 0xf0, 0x01, 0xf1, 0x01, 0xf0, 0x01, 0xf1, 0x01, 0xf1, 0x01, 0xf1, 0x01, 0xf1,
    0x01, 0xf1, 0x01, 0xf1, 0x01, 0xf1, 0x13, 0xf1, 0x58, 0xf3, 0x57, 0xf3, 0x02, 0xf1, 0x01, 0xf1,
    0x01, 0xf0, 0x01, 0xf0, 0x01, 0xf0, 0x01, 0xf0, 0x01, 0xf1, 0x01, 0xf1, 0x01, 0xf0, 0x01, 0xf0,
    0x01, 0xf1, 0x01, 0xf0, 0x01, 0xf1, 0x01, 0xf1, 0x01, 0xf1, 0x01, 0xf0, 0x01, 0xf0, 0x01, 0xf0,
    0x02, 0xf1, 0x01, 0xf1, 0x01, 0xf0, 0x01, 0xf1, 0x01, 0xf1, 0x01, 0xf1, 0x01, 0xf0, 0x01, 0xf0,
    0x01, 0xf0, 0x01, 0xf0, 0x01, 0xf0, 0x01, 0xf0, 0x01, 0xf1, 0x01, 0xf1, 0x01, 0xf1, 0x01, 0xf1,
    0x01, 0xf1, 0x01, 0xf0, 0x01, 0xf1, 0x01, 0xf1, 0x01, 0xf1, 0x01, 0xf1, 0x01, 0xf1, 0x01, 0xf1,
    0x01, 0xf1, 0x01, 0xf1, 0x01, 0xf1, 0x01, 0xf1, 0x01, 0xf1, 0x01, 0xf1, 0x01, 0xf1, 0x01, 0xf1,
    0x01, 0xf1, 0x01, 0xf1, 0x01, 0xf1, 0x01, 0xf1, 0x01, 0xf1, 0x01, 0xf1, 0x01, 0xf1, 0x01, 0xf1,
    0x01, 0xf1, 0x01, 0xf1, 0x01, 0xf1, 0x01, 0xf1, 0x01, 0xf1, 0x01, 0xf1, 0x01, 0xf1, 0x01, 0xf1,
    0x01, 0xf1, 0x01, 0xf1, 0x01, 0xf1, 0x01, 0xf1, 0x01, 0xf1, 0x01, 0xf0, 0x01, 0xf0, 0x01, 0xf1,
    0x01, 0xf1, 0x01, 0xf1, 0x01, 0xf1, 0x01, 0xf1, 0x01, 0xf1, 0x01, 0xf1, 0x01, 0xf1, 0x01, 0xf1,
    0x01, 0xf1, 0x01, 0xf1, 0x01, 0xf1, 0x01, 0xf1, 0x02, 0xf1, 0x01, 0xf1, 0x13, 0xf1, 0x02, 0xf1,
    0x01, 0xf1, 0x01, 0xf0, 0x01, 0xf1, 0x01, 0xf1, 0x01, 0xf1, 0x01, 0xf1, 0x01, 0xf1, 0x01, 0xf1,
    0x01, 0xf1, 0x01, 0xf1, 0x01, 0xf1, 0x01, 0xf1, 0x01, 0xf1, 0x01, 0xf1, 0x01, 0xf1, 0x01, 0xf1,
    0x01, 0xf1, 0x01, 0xf1, 0x01, 0xf1, 0x01, 0xf1, 0x12, 0xf1, 0x02, 0xf1, 0x01, 0xf1, 0x01, 0xf1,
    0x01, 0xf1, 0x01, 0xf1, 0x01, 0xf1, 0x01, 0xf1, 0x01, 0xf1, 0x01, 0xf1, 0x01, 0xf1, 0x01, 0xf1,
    0x01, 0xf0, 0x01, 0xf0, 0x01, 0xf0, 0x01, 0xf0, 0x01, 0xf0, 0x01, 0xf1, 0x01, 0xf1, 0x01, 0xf1,
    0x01, 0xf1, 0x01, 0xf1, 0x01, 0xf1, 0x01, 0xf1, 0x01, 0xf1, 0x01, 0xf1, 0x01, 0xf1, 0x01, 0xf1,
    0x01, 0xf1, 0x01, 0xf1, 0x01, 0xf1, 0x01, 0xf1, 0x01, 0xf1, 0x01, 0xf1, 0x01, 0xf1, 0x01, 0xf1,
    0x02, 0xf1, 0x02, 0xf1, 0x02, 0xf1, 0x02, 0xf1, 0x02, 0xf1, 0x02, 0xf1, 0x02, 0xf1, 0x01, 0xf1,
    0x01, 0xf1, 0x01, 0xf1, 0x02, 0xf1, 0x02, 0xf1, 0x01, 0xf1, 0x01, 0xf1, 0x01, 0xf1, 0x01, 0xf1,
    0x01, 0xf1, 0x01, 0xf1, 0x01, 0xf1, 0x01, 0xf1, 0x01, 0xf1, 0x01, 0xf1, 0x02, 0xf1, 0x02, 0xf1,
    0x02, 0xf1, 0x02, 0xf1, 0x01, 0xf1, 0x01, 0xf1, 0x01, 0xf1, 0x01, 0xf1, 0x01, 0xf1, 0x01, 0xf1,
    0x01, 0xf1, 0x01, 0xf1, 0x01, 0xf1, 0x01, 0xf1, 0x01, 0xf1, 0x01, 0xf1, 0x01, 0xf1, 0x01, 0xf1,
    0x01, 0xf1, 0x01, 0xf1, 0x01, 0xf1, 0x01, 0xf1, 0x01, 0xf1, 0x01, 0xf1, 0x01, 0xf1, 0x01, 0xf1,
    0x01, 0xf1, 0x01, 0xf1, 0x01, 0xf1, 0x01, 0xf1, 0x01, 0xf1, 0x01, 0xf1, 0x01, 0xf1, 0x01, 0xf1,
    0x01, 0xf1, 0x01, 0xf1, 0x01, 0xf1, 0x01, 0xf1, 0x01, 0xf1, 0x01, 0xf1, 0x01, 0xf1, 0x01, 0xf1,
    0x01, 0xf1, 0x01, 0xf1, 0x01, 0xf1, 0x01, 0xf1, 0x01, 0xf1, 0x01, 0xf1, 0x01, 0xf1, 0x01, 0xf1,
    0x01, 0xf1, 0x01, 0xf1, 0x01, 0xf1, 0x01, 0xf1, 0x01, 0xf1, 0x01, 0xf1, 0x01, 0xf1, 0x01, 0xf1,
    0x01, 0xf0, 0x01, 0xf0, 0x01, 0xf1, 0x01, 0xf1, 0x01, 0xf0, 0x01, 0xf1, 0x13, 0xf1, 0x01, 0xf1,
    0x01, 0xf1, 0x01, 0xf1, 0x01, 0xf1, 0x01, 0xf1, 0x13, 0xf1, 0x02, 0xf1, 0x01, 0xf1, 0x01, 0xf0,
    0x01, 0xf0, 0x01, 0xf0, 0x01, 0xf0, 0x01, 0xf1, 0x01, 0xf1, 0x01, 0xf1, 0x01, 0xf0, 0x01, 0xf0,
    0x01, 0xf0, 0x01, 0xf0, 0x01, 0xf0, 0x01, 0xf1, 0x24, 0xf2, 0x12, 0xf1, 0x01, 0xf0, 0x01, 0xf0,
    0x01, 0xf1, 0x01, 0xf1, 0x01, 0xf1, 0x01, 0xf1, 0x01, 0xf1, 0x01, 0xf1, 0x01, 0xf0, 0x01, 0xf1,
    0x01, 0xf1, 0x01, 0xf0, 0x01, 0xf0, 0x01, 0xf0, 0x01, 0xf0, 0x01, 0xf1, 0x01, 0xf1, 0x01, 0xf1,
    0x01, 0xf0, 0x01, 0xf0, 0x01, 0xf0, 0x01, 0xf1, 0x01, 0xf1, 0x01, 0xf1, 0x01, 0xf1, 0x01, 0xf1,
    0x01, 0xf1, 0x01, 0xf1, 0x01, 0xf1, 0x01, 0xf1, 0x01, 0xf1, 0x01, 0xf1, 0x01, 0xf1, 0x01, 0xf0,
    0x01, 0xf0, 0x01, 0xf1, 0x01, 0xf1, 0x01, 0xf1, 0x01, 0xf1, 0x01, 0xf1, 0x01, 0xf1, 0x01, 0xf1,
    0x01, 0xf1, 0x01, 0xf1, 0x01, 0xf1, 0x01, 0xf1, 0x01, 0xf1, 0x01, 0xf1, 0x01, 0xf1, 0x01, 0xf1,
    0x01, 0xf1, 0x01, 0xf1, 0x01, 0xf1, 0x01, 0xf1, 0x01, 0xf1, 0x01, 0xf0, 0x01, 0xf0, 0x01, 0xf1,
    0x01, 0xf1, 0x01, 0xf1, 0x01, 0xf1, 0x01, 0xf1, 0x01, 0xf1, 0x01, 0xf1, 0x01, 0xf1, 0x01, 0xf1,
    0x01, 0xf1, 0x01, 0xf0, 0x01, 0xf1, 0x01, 0xf1, 0x01, 0xf1, 0x01, 0xf1, 0x01, 0xf1, 0x01, 0xf0,
    0x01, 0xf1, 0x01, 0xf0, 0x01, 0xf1, 0x01, 0xf1, 0x01, 0xf1, 0x01, 0xf1, 0x01, 0xf1, 0x01, 0xf1,
    0x01, 0xf1, 0x01, 0xf1, 0x01, 0xf1, 0x01, 0xf1, 0x01, 0xf1, 0x01, 0xf1, 0x01, 0xf1, 0x01, 0xf1,
    0x01, 0xf1, 0x01, 0xf1, 0x01, 0xf1, 0x01, 0xf1, 0x02, 0xf1, 0x01, 0xf1, 0x01, 0xf1, 0x01, 0xf1,
    0x01, 0xf1, 0x01, 0xf1, 0x01, 0xf1, 0x01, 0xf1, 0x01, 0xf1, 0x01, 0xf1, 0x01, 0xf1, 0x01, 0xf0,
    0x01, 0xf0, 0x01, 0xf0, 0x01, 0xf0, 0x01, 0xf0, 0x01, 0xf0, 0x01, 0xf1, 0x01, 0xf1, 0x01, 0xf1,
    0x01, 0xf1, 0x01, 0xf1, 0x01, 0xf1, 0x01, 0xf1, 0x01, 0xf1, 0x01, 0xf1, 0x01, 0xf1, 0x01, 0xf0,
    0x01, 0xf1, 0x01, 0xf1, 0x01, 0xf1, 0x01, 0xf1, 0x01, 0xf0, 0x01, 0xf0, 0x01, 0xf1, 0x01, 0xf1,
    0x12, 0xf1, 0x02, 0xf1, 0x02, 0xf1, 0x02, 0xf1, 0x02, 0xf1, 0x02, 0xf1, 0x02, 0xf1, 0x02, 0xf1,
    0x02, 0xf1, 0x02, 0xf1, 0x02, 0xf1, 0x02, 0xf1, 0x02, 0xf1, 0x01, 0xf1, 0x01, 0xf1, 0x02, 0xf1,
    0x02, 0xf1, 0x01, 0xf1, 0x01, 0xf1, 0x01, 0xf1, 0x01, 0xf1, 0x01, 0xf1, 0x01, 0xf1, 0x02, 0xf1,
    0x02, 0xf1, 0x02, 0xf1, 0x01, 0xf1, 0x01, 0xf1, 0x01, 0xf1, 0x01, 0xf1, 0x01, 0xf1, 0x01, 0xf1,
    0x01, 0xf1, 0x01, 0xf1, 0x01, 0xf1, 0x01, 0xf1, 0x01, 0xf1, 0x01, 0xf1, 0x01, 0xf1, 0x01, 0xf1,
    0x01, 0xf1, 0x01, 0xf1, 0x01, 0xf1, 0x01, 0xf1, 0x01, 0xf1, 0x01, 0xf1, 0x01, 0xf1, 0x01, 0xf1,
    0x01, 0xf1, 0x01, 0xf1, 0x01, 0xf1, 0x01, 0xf1, 0x01, 0xf1, 0x01, 0xf1, 0x01, 0xf1, 0x01, 0xf1,
    0x01, 0xf1, 0x01, 0xf1, 0x01, 0xf1, 0x01, 0xf1, 0x01, 0xf1, 0x01, 0xf1, 0x01, 0xf1, 0x01, 0xf1,
    0x01, 0xf1, 0x01, 0xf1, 0x01, 0xf1, 0x01, 0xf1, 0x01, 0xf1, 0x01, 0xf1, 0x01, 0xf1, 0x01, 0xf1,
    0x01, 0xf1, 0x01, 0xf1, 0x01, 0xf1, 0x01, 0xf1, 0x01, 0xf1, 0x01, 0xf1, 0x01, 0xf1, 0x01, 0xf1,
    0x01, 0xf1, 0x01, 0xf1, 0x01, 0xf1, 0x01, 0xf1, 0x01, 0xf1, 0x01, 0xf1, 0x01, 0xf1, 0x01, 0xf1,
    0x01, 0xf1, 0x01, 0xf1, 0x01, 0xf1, 0x01, 0xf1, 0x01, 0xf1, 0x01, 0xf1, 0x01, 0xf1, 0x01, 0xf0,
    0x01, 0xf0, 0x01, 0xf0, 0x01, 0xf1, 0x01, 0xf1, 0x01, 0xf1, 0x01, 0xf0, 0x01, 0xf1, 0x01, 0xf0,
    0x01, 0xf0, 0x01, 0xf1, 0x01, 0xf1, 0x01, 0xf1, 0x24, 0xf2, 0x12, 0xf1, 0x01, 0xf1, 0x01, 0xf0,
    0x01, 0xf0, 0x01, 0xf1, 0x01, 0xf1, 0x01, 0xf1, 0x01, 0xf1, 0x01, 0xf1, 0x01, 0xf0, 0x01, 0xf1,
    0x01, 0xf1, 0x01, 0xf1, 0x01, 0xf1, 0x01, 0xf1, 0x01, 0xf1, 0x01, 0xf1, 0x01, 0xf1, 0x01, 0xf1,
    0x01, 0xf1, 0x01, 0xf1, 0x01, 0xf0, 0x01, 0xf0, 0x01, 0xf1, 0x01, 0xf1, 0x01, 0xf1, 0x01, 0xf1,
    0x01, 0xf1, 0x01, 0xf1, 0x01, 0xf1, 0x01, 0xf0, 0x01, 0xf1, 0x01, 0xf1, 0x01, 0xf1, 0x01, 0xf0,
    0x01, 0xf1, 0x01, 0xf1, 0x01, 0xf1, 0x01, 0xf1, 0x01, 0xf1, 0x01, 0xf1, 0x01, 0xf1, 0x01, 0xf1,
    0x01, 0xf1, 0x01, 0xf1, 0x01, 0xf1, 0x01, 0xf1, 0x01, 0xf1, 0x01, 0xf1, 0x01, 0xf1, 0x01, 0xf1,
    0x01, 0xf1, 0x01, 0xf1, 0x01, 0xf1, 0x01, 0xf1, 0x01, 0xf1, 0x01, 0xf1, 0x01, 0xf1, 0x01, 0xf1,
    0x01, 0xf1, 0x01, 0xf1, 0x01, 0xf1, 0x01, 0xf1, 0x01, 0xf1, 0x01, 0xf1, 0x01, 0xf1, 0x01, 0xf1,
    0x01, 0xf1, 0x01, 0xf1, 0x01, 0xf1, 0x01, 0xf1, 0x01, 0xf1, 0x01, 0xf0, 0x01, 0xf0, 0x01, 0xf0,
    0x01, 0xf1, 0x01, 0xf0, 0x01, 0xf1, 0x01, 0xf1, 0x01, 0xf1, 0x01, 0xf1, 0x01, 0xf1, 0x01, 0xf1,
    0x01, 0xf1, 0x01, 0xf1, 0x02, 0xf1, 0x01, 0xf1, 0x01, 0xf1, 0x01, 0xf1, 0x01, 0xf1, 0x01, 0xf1,
    0x01, 0xf1, 0x01, 0xf1, 0x01, 0xf1, 0x01, 0xf1, 0x01, 0xf1, 0x01, 0xf1, 0x01, 0xf1, 0x01, 0xf1,
    0x01, 0xf1, 0x01, 0xf1, 0x01, 0xf1, 0x01, 0xf1, 0x01, 0xf1, 0x01, 0xf1, 0x01, 0xf1, 0x01, 0xf0,
    0x01, 0xf1, 0x01, 0xf1, 0x01, 0xf1, 0x01, 0xf1, 0x01, 0xf1, 0x01, 0xf1, 0x01, 0xf1, 0x01, 0xf1,
    0x01, 0xf1, 0x01, 0xf1, 0x01, 0xf1, 0x01, 0xf1, 0x01, 0xf1, 0x01, 0xf1, 0x01, 0xf0, 0x01, 0xf0,
    0x01, 0xf0, 0x01, 0xf1, 0x01, 0xf1, 0x01, 0xf1, 0x01, 0xf0, 0x01, 0xf0, 0x01, 0xf1, 0x01, 0xf1,
    0x13, 0xf1, 0x02, 0xf1, 0x02, 0xf1, 0x02, 0xf1, 0x02, 0xf1, 0x02, 0xf1, 0x02, 0xf1, 0x13, 0xf1,
    0x13, 0xf1, 0x02, 0xf1, 0x02, 0xf1, 0x02, 0xf1, 0x02, 0xf1, 0x01, 0xf1, 0x02, 0xf1, 0x02, 0xf1,
    0x02, 0xf1, 0x01, 0xf1, 0x02, 0xf1, 0x01, 0xf1, 0x01, 0xf1, 0x01, 0xf1, 0x02, 0xf1, 0x02, 0xf1,
    0x02, 0xf1, 0x02, 0xf1, 0x01, 0xf1, 0x01, 0xf1, 0x01, 0xf1, 0x01, 0xf1, 0x01, 0xf1, 0x01, 0xf1,
    0x01, 0xf1, 0x01, 0xf1, 0x01, 0xf1, 0x01, 0xf1, 0x01, 0xf1, 0x01, 0xf1, 0x01, 0xf1, 0x01, 0xf1,
    0x01, 0xf1, 0x01, 0xf1, 0x01, 0xf1, 0x01, 0xf1, 0x01, 0xf1, 0x01, 0xf1, 0x01, 0xf1, 0x01, 0xf1,
    0x01, 0xf1, 0x01, 0xf1, 0x01, 0xf1, 0x01, 0xf1, 0x01, 0xf1, 0x01, 0xf1, 0x01, 0xf1, 0x01, 0xf1,
    0x01, 0xf1, 0x01, 0xf1, 0x01, 0xf1, 0x01, 0xf1, 0x01, 0xf1, 0x01, 0xf1, 0x01, 0xf1, 0x01, 0xf1,
    0x01, 0xf1, 0x01, 0xf1, 0x01, 0xf1, 0x01, 0xf1, 0x01, 0xf1, 0x01, 0xf1, 0x01, 0xf1, 0x01, 0xf1,
    0x01, 0xf1, 0x01, 0xf1, 0x01, 0xf1, 0x01, 0xf1, 0x01, 0xf1, 0x01, 0xf1, 0x01, 0xf1, 0x01, 0xf1,
    0x01, 0xf1, 0x01, 0xf1, 0x01, 0xf1, 0x01, 0xf1, 0x01, 0xf1, 0x01, 0xf1, 0x01, 0xf1, 0x01, 0xf1,
    0x02, 0xf1, 0x01, 0xf1, 0x01, 0xf0, 0x01, 0xf0, 0x01, 0xf1, 0x01, 0xf1, 0x01, 0xf0, 0x01, 0xf1,
    0x01, 0xf0, 0x01, 0xf1, 0x01, 0xf1, 0x01, 0xf1, 0x01, 0xf0, 0x01, 0xf0, 0x01, 0xf1, 0x01, 0xf1,
    0x01, 0xf1, 0x01, 0xf1, 0x24, 0xf2, 0x02, 0xf1, 0x01, 0xf0, 0x01, 0xf1, 0x01, 0xf0, 0x01, 0xf1,
    0x01, 0xf1, 0x01, 0xf1, 0x01, 0xf1, 0x01, 0xf1, 0x13, 0xf1, 0x01, 0xf1, 0x01, 0xf0, 0x01, 0xf1,
    0x01, 0xf1, 0x01, 0xf1, 0x01, 0xf1, 0x01, 0xf0, 0x01, 0xf1, 0x01, 0xf1, 0x01, 0xf1, 0x01, 0xf1,
    0x01, 0xf1, 0x02, 0xf1, 0x01, 0xf1, 0x01, 0xf0, 0x01, 0xf1, 0x01, 0xf1, 0x01, 0xf1, 0x01, 0xf1,
    0x01, 0xf1, 0x01, 0xf1, 0x01, 0xf1, 0x01, 0xf1, 0x01, 0xf1, 0x01, 0xf1, 0x01, 0xf1, 0x01, 0xf1,
    0x01, 0xf1, 0x01, 0xf1, 0x01, 0xf0, 0x01, 0xf1, 0x01, 0xf1, 0x01, 0xf1, 0x01, 0xf1, 0x01, 0xf1,
    0x01, 0xf1, 0x01, 0xf1, 0x01, 0xf1, 0x01, 0xf1, 0x01, 0xf1, 0x01, 0xf1, 0x01, 0xf1, 0x01, 0xf1,
    0x01, 0xf1, 0x01, 0xf1, 0x01, 0xf1, 0x01, 0xf1, 0x01, 0xf1, 0x01, 0xf1, 0x01, 0xf1, 0x01, 0xf1,
    0x01, 0xf1, 0x01, 0xf1, 0x01, 0xf1, 0x01, 0xf1, 0x01, 0xf1, 0x01, 0xf1, 0x01, 0xf1, 0x01, 0xf1,
    0x01, 0xf1, 0x01, 0xf1, 0x01, 0xf1, 0x01, 0xf1, 0x01, 0xf1, 0x01, 0xf0, 0x01, 0xf0, 0x01, 0xf0,
    0x01, 0xf0, 0x01, 0xf1, 0x01, 0xf1, 0x01, 0xf1, 0x01, 0xf1, 0x01, 0xf1, 0x01, 0xf1, 0x01, 0xf1,
    0x01, 0xf1, 0x01, 0xf1, 0x02, 0xf1, 0x01, 0xf1, 0x01, 0xf1, 0x01, 0xf1, 0x01, 0xf1, 0x01, 0xf1,
    0x01, 0xf1, 0x01, 0xf1, 0x01, 0xf1, 0x01, 0xf1, 0x01, 0xf1, 0x01, 0xf1, 0x01, 0xf1, 0x01, 0xf1,
    0x01, 0xf1, 0x01, 0xf1, 0x01, 0xf1, 0x01, 0xf1, 0x01, 0xf1, 0x01, 0xf1, 0x01, 0xf1, 0x01, 0xf0,
    0x01, 0xf1, 0x01, 0xf1, 0x01, 0xf1, 0x01, 0xf1, 0x01, 0xf1, 0x01, 0xf1, 0x01, 0xf1, 0x01, 0xf1,
    0x01, 0xf1, 0x01, 0xf1, 0x01, 0xf1, 0x01, 0xf1, 0x01, 0xf1, 0x01, 0xf1, 0x01, 0xf0, 0x01, 0xf0,
    0x01, 0xf0, 0x01, 0xf0, 0x01, 0xf1, 0x01, 0xf0, 0x01, 0xf0, 0x01, 0xf0, 0x01, 0xf1, 0x01, 0xf1,
    0x13, 0xf1, 0x13, 0xf1, 0x13, 0xf1, 0x13, 0xf1, 0x03, 0xf1, 0x13, 0xf1, 0x13, 0xf1, 0x02, 0xf1,
    0x02, 0xf1, 0x02, 0xf1, 0x02, 0xf1, 0x02, 0xf1, 0x02, 0xf1, 0x13, 0xf1, 0x13, 0xf1, 0x02, 0xf1,
    0x01, 0xf1, 0x02, 0xf1, 0x02, 0xf1, 0x01, 0xf1, 0x01, 0xf1, 0x02, 0xf1, 0x02, 0xf1, 0x02, 0xf1,
    0x02, 0xf1, 0x01, 0xf1, 0x01, 0xf1, 0x02, 0xf1, 0x02, 0xf1, 0x02, 0xf1, 0x01, 0xf1, 0x01, 0xf1,
    0x01, 0xf1, 0x01, 0xf1, 0x01, 0xf1, 0x01, 0xf1, 0x01, 0xf1, 0x01, 0xf1, 0x01, 0xf1, 0x01, 0xf1,
    0x01, 0xf1, 0x02, 0xf1, 0x02, 0xf1, 0x01, 0xf1, 0x01, 0xf1, 0x01, 0xf1, 0x01, 0xf1, 0x02, 0xf1,
    0x01, 0xf1, 0x01, 0xf1, 0x01, 0xf1, 0x01, 0xf1, 0x01, 0xf1, 0x01, 0xf1, 0x01, 0xf1, 0x01, 0xf1,
    0x01, 0xf1, 0x01, 0xf1, 0x01, 0xf1, 0x01, 0xf1, 0x01, 0xf1, 0x01, 0xf1, 0x01, 0xf1, 0x01, 0xf1,
    0x01, 0xf1, 0x01, 0xf1, 0x01, 0xf1, 0x01, 0xf1, 0x01, 0xf1, 0x01, 0xf1, 0x01, 0xf1, 0x01, 0xf1,
    0x01, 0xf1, 0x01, 0xf1, 0x02, 0xf1, 0x02, 0xf1, 0x01, 0xf1, 0x01, 0xf1, 0x01, 0xf1, 0x01, 0xf1,
    0x01, 0xf1, 0x01, 0xf1, 0x01, 0xf1, 0x01, 0xf1, 0x01, 0xf1, 0x01, 0xf1, 0x01, 0xf1, 0x01, 0xf1,
    0x01, 0xf1, 0x01, 0xf1, 0x01, 0xf1, 0x01, 0xf0, 0x01, 0xf1, 0x01, 0xf1, 0x01, 0xf0, 0x01, 0xf0,
    0x01, 0xf1, 0x01, 0xf1, 0x01, 0xf1, 0x01, 0xf1, 0x01, 0xf1, 0x01, 0xf0, 0x01, 0xf1, 0x01, 0xf1,
    0x01, 0xf0, 0x01, 0xf1, 0x02, 0xf1, 0x01, 0xf1, 0x01, 0xf0, 0x01, 0xf0, 0x01, 0xf1, 0x01, 0xf1,
    0x01, 0xf0, 0x01, 0xf0, 0x01, 0xf0, 0x01, 0xf1, 0x01, 0xf1, 0x01, 0xf1, 0x01, 0xf0, 0x01, 0xf1,
    0x01, 0xf1, 0x01, 0xf1, 0x01, 0xf0, 0x01, 0xf1, 0x01, 0xf0, 0x01, 0xf1, 0x01, 0xf1, 0x01, 0xf1,
    0x01, 0xf1, 0x01, 0xf1, 0x01, 0xf1, 0x01, 0xf1, 0x01, 0xf1, 0x01, 0xf1, 0x01, 0xf1, 0x01, 0xf1,
    0x01, 0xf1, 0x01, 0xf1, 0x01, 0xf1, 0x01, 0xf0, 0x01, 0xf1, 0x01, 0xf1, 0x01, 0xf1, 0x01, 0xf1,
    0x01, 0xf1, 0x01, 0xf0, 0x01, 0xf1, 0x01, 0xf0, 0x01, 0xf1, 0x01, 0xf1, 0x01, 0xf1, 0x01, 0xf1,
    0x01, 0xf1, 0x01, 0xf1, 0x01, 0xf1, 0x01, 0xf1, 0x01, 0xf1, 0x01, 0xf1, 0x01, 0xf1, 0x01, 0xf1,
    0x01, 0xf1, 0x01, 0xf1, 0x01, 0xf1, 0x01, 0xf1, 0x01, 0xf1, 0x01, 0xf1, 0x01, 0xf1, 0x01, 0xf1,
    0x01, 0xf1, 0x01, 0xf1, 0x01, 0xf1, 0x01, 0xf1, 0x01, 0xf1, 0x01, 0xf1, 0x01, 0xf1, 0x01, 0xf1,
    0x01, 0xf1, 0x01, 0xf1, 0x01, 0xf1, 0x01, 0xf1, 0x01, 0xf1, 0x01, 0xf1, 0x01, 0xf0, 0x01, 0xf1,
    0x01, 0xf1, 0x01, 0xf1, 0x01, 0xf1, 0x01, 0xf1, 0x01, 0xf1, 0x01, 0xf1, 0x01, 0xf1, 0x01, 0xf1,
    0x01, 0xf1, 0x01, 0xf1, 0x01, 0xf1, 0x02, 0xf1, 0x01, 0xf1, 0x01, 0xf1, 0x01, 0xf1, 0x01, 0xf1,
    0x01, 0xf1, 0x01, 0xf1, 0x01, 0xf1, 0x01, 0xf1, 0x01, 0xf1, 0x01, 0xf1, 0x01, 0xf1, 0x01, 0xf1,
    0x01, 0xf1, 0x01, 0xf1, 0x01, 0xf1, 0x01, 0xf1, 0x01, 0xf1, 0x01, 0xf1, 0x01, 0xf1, 0x01, 0xf0,
    0x01, 0xf0, 0x01, 0xf0, 0x01, 0xf0, 0x01, 0xf1, 0x01, 0xf1, 0x01, 0xf1, 0x01, 0xf1, 0x01, 0xf1,
    0x01, 0xf1, 0x01, 0xf1, 0x01, 0xf1, 0x01, 0xf1, 0x01, 0xf1, 0x01, 0xf1, 0x01, 0xf1, 0x01, 0xf1,
    0x01, 0xf1, 0x01, 0xf0, 0x01, 0xf0, 0x01, 0xf0, 0x01, 0xf0, 0x01, 0xf1, 0x01, 0xf1, 0x01, 0xf1,
    0x02, 0xf1, 0x02, 0xf1, 0x02, 0xf1, 0x02, 0xf1, 0x02, 0xf1, 0x02, 0xf1, 0x02, 0xf1, 0x02, 0xf1,
    0x02, 0xf1, 0x02, 0xf1, 0x02, 0xf1, 0x02, 0xf1, 0x02, 0xf1, 0x46, 0xf2, 0x35, 0xf2, 0x02, 0xf1,
    0x02, 0xf1, 0x02, 0xf1, 0x02, 0xf1, 0x02, 0xf1, 0x02, 0xf1, 0x02, 0xf1, 0x02, 0xf1, 0x02, 0xf1,
    0x02, 0xf1, 0x01, 0xf1, 0x01, 0xf1, 0x01, 0xf1, 0x01, 0xf1, 0x01, 0xf1, 0x01, 0xf1, 0x01, 0xf1,
    0x01, 0xf1, 0x01, 0xf1, 0x01, 0xf1, 0x01, 0xf1, 0x02, 0xf1, 0x02, 0xf1, 0x01, 0xf1, 0x02, 0xf1,
    0x01, 0xf1, 0x01, 0xf1, 0x02, 0xf1, 0x01, 0xf1, 0x01, 0xf1, 0x01, 0xf1, 0x01, 0xf1, 0x01, 0xf1,
    0x01, 0xf1, 0x01, 0xf1, 0x01, 0xf1, 0x01, 0xf1, 0x01, 0xf1, 0x01, 0xf1, 0x01, 0xf1, 0x01, 0xf1,
    0x01, 0xf1, 0x01, 0xf1, 0x01, 0xf1, 0x01, 0xf1, 0x01, 0xf1, 0x01, 0xf1, 0x01, 0xf1, 0x01, 0xf1,
    0x01, 0xf1, 0x01, 0xf1, 0x01, 0xf1, 0x01, 0xf1, 0x01, 0xf1, 0x01, 0xf1, 0x01, 0xf1, 0x01, 0xf1,
    0x01, 0xf1, 0x01, 0xf1, 0x01, 0xf1, 0x01, 0xf1, 0x01, 0xf1, 0x01, 0xf1, 0x01, 0xf1, 0x01, 0xf1,
    0x01, 0xf1, 0x01, 0xf1, 0x01, 0xf1, 0x01, 0xf1, 0x01, 0xf1, 0x01, 0xf1, 0x01, 0xf1, 0x01, 0xf1,
    0x01, 0xf1, 0x01, 0xf1, 0x01, 0xf1, 0x02, 0xf1, 0x12, 0xf1, 0x01, 0xf1, 0x01, 0xf0, 0x01, 0xf1,
    0x01, 0xf1, 0x01, 0xf1, 0x01, 0xf1, 0x01, 0xf1, 0x01, 0xf1, 0x01, 0xf0, 0x01, 0xf0, 0x01, 0xf0,
    0x01, 0xf0, 0x01, 0xf1, 0x01, 0xf1, 0x01, 0xf0, 0x01, 0xf1, 0x01, 0xf1, 0x01, 0xf1, 0x01, 0xf0,
    0x01, 0xf0, 0x01, 0xf1, 0x01, 0xf0, 0x01, 0xf0, 0x01, 0xf0, 0x01, 0xf0, 0x01, 0xf0, 0x01, 0xf1,
    0x01, 0xf1, 0x01, 0xf1, 0x01, 0xf1, 0x01, 0xf0, 0x01, 0xf1, 0x01, 0xf1, 0x01, 0xf1, 0x01, 0xf1,
    0x01, 0xf1, 0x01, 0xf1, 0x01, 0xf1, 0x01, 0xf1, 0x01, 0xf1, 0x01, 0xf1, 0x01, 0xf1, 0x01, 0xf1,
    0x01, 0xf1, 0x01, 0xf1, 0x01, 0xf1, 0x01, 0xf1, 0x01, 0xf1, 0x01, 0xf1, 0x01, 0xf1, 0x01, 0xf1,
    0x01, 0xf1, 0x01, 0xf1, 0x01, 0xf0, 0x01, 0xf1, 0x01, 0xf1, 0x01, 0xf1, 0x01, 0xf1, 0x01, 0xf1,
    0x01, 0xf1, 0x01, 0xf1, 0x01, 0xf1, 0x01, 0xf1, 0x01, 0xf1, 0x01, 0xf1, 0x01, 0xf1, 0x01, 0xf1,
    0x01, 0xf1, 0x01, 0xf1, 0x01, 0xf1, 0x01, 0xf1, 0x01, 0xf1, 0x01, 0xf1, 0x01, 0xf1, 0x01, 0xf1,
    0x01, 0xf1, 0x01, 0xf1, 0x01, 0xf1, 0x01, 0xf1, 0x01, 0xf1, 0x01, 0xf1, 0x01, 0xf1, 0x01, 0xf1,
    0x01, 0xf1, 0x01, 0xf1, 0x01, 0xf1, 0x01, 0xf1, 0x01, 0xf1, 0x01, 0xf1, 0x01, 0xf0, 0x01, 0xf1,
    0x01, 0xf1, 0x01, 0xf1, 0x01, 0xf1, 0x01, 0xf1, 0x01, 0xf1, 0x01, 0xf1, 0x01, 0xf1, 0x01, 0xf1,
    0x01, 0xf1, 0x02, 0xf1, 0x01, 0xf1, 0x01, 0xf1, 0x02, 0xf1, 0x01, 0xf1, 0x01, 0xf1, 0x01, 0xf1,
    0x01, 0xf1, 0x02, 0xf1, 0x01, 0xf1, 0x01, 0xf1, 0x01, 0xf1, 0x01, 0xf1, 0x01, 0xf1, 0x01, 0xf1,
    0x01, 0xf1, 0x01, 0xf1, 0x01, 0xf1, 0x01, 0xf1, 0x01, 0xf1, 0x01, 0xf1, 0x01, 0xf1, 0x01, 0xf1,
    0x01, 0xf0, 0x01, 0xf0, 0x01, 0xf1, 0x01, 0xf1, 0x01, 0xf1, 0x01, 0xf1, 0x01, 0xf1, 0x01, 0xf1,
    0x01, 0xf1, 0x01, 0xf1, 0x01, 0xf1, 0x01, 0xf0, 0x01, 0xf0, 0x01, 0xf1, 0x01, 0xf1, 0x01, 0xf1,
    0x01, 0xf1, 0x01, 0xf1, 0x01, 0xf0, 0x01, 0xf0, 0x01, 0xf1, 0x01, 0xf1, 0x01, 0xf1, 0x01, 0xf1,
    0x02, 0xf1, 0x02, 0xf1, 0x01, 0xf1, 0x02, 0xf1, 0x02, 0xf1, 0x02, 0xf1, 0x02, 0xf1, 0x02, 0xf1,
    0x02, 0xf1, 0x02, 0xf1, 0x02, 0xf1, 0x02, 0xf1, 0x02, 0xf1, 0x13, 0xf1, 0x13, 0xf1, 0x02, 0xf1,
    0x02, 0xf1, 0x02, 0xf1, 0x02, 0xf1, 0x02, 0xf1, 0x02, 0xf1, 0x02, 0xf1, 0x02, 0xf1, 0x02, 0xf1,
    0x02, 0xf1, 0x01, 0xf1, 0x01, 0xf1, 0x01, 0xf1, 0x01, 0xf1, 0x02, 0xf1, 0x01, 0xf1, 0x01, 0xf1,
    0x01, 0xf1, 0x02, 0xf1, 0x02, 0xf1, 0x02, 0xf1, 0x02, 0xf1, 0x02, 0xf1, 0x01, 0xf1, 0x01, 0xf1,
    0x01, 0xf1, 0x01, 0xf1, 0x01, 0xf1, 0x01, 0xf1, 0x01, 0xf1, 0x01, 0xf1, 0x01, 0xf1, 0x01, 0xf1,
    0x01, 0xf1, 0x01, 0xf1, 0x01, 0xf1, 0x01, 0xf1, 0x01, 0xf1, 0x01, 0xf1, 0x01, 0xf1, 0x01, 0xf1,
    0x01, 0xf1, 0x01, 0xf1, 0x01, 0xf1, 0x01, 0xf1, 0x01, 0xf1, 0x01, 0xf1, 0x01, 0xf1, 0x01, 0xf1,
    0x01, 0xf1, 0x01, 0xf1, 0x01, 0xf1, 0x01, 0xf1, 0x02, 0xf1, 0x02, 0xf1, 0x01, 0xf1, 0x01, 0xf1,
    0x01, 0xf1, 0x01, 0xf1, 0x01, 0xf1, 0x01, 0xf1, 0x01, 0xf1, 0x01, 0xf1, 0x01, 0xf1, 0x01, 0xf1,
    0x01, 0xf1, 0x01, 0xf1, 0x01, 0xf1, 0x01, 0xf1, 0x01, 0xf1, 0x01, 0xf1, 0x01, 0xf1, 0x01, 0xf1,
    0x01, 0xf1, 0x01, 0xf1, 0x01, 0xf1, 0x02, 0xf1, 0x23, 0xf2, 0x01, 0xf1, 0x01, 0xf0, 0x01, 0xf1,
    0x01, 0xf1, 0x01, 0xf0, 0x01, 0xf0, 0x01, 0xf0, 0x01, 0xf0, 0x01, 0xf0, 0x01, 0xf0, 0x01, 0xf0,
    0x01, 0xf1, 0x01, 0xf1, 0x01, 0xf1, 0x01, 0xf1, 0x01, 0xf1, 0x01, 0xf1, 0x01, 0xf1, 0x01, 0xf0,
    0x01, 0xf0, 0x01, 0xf0, 0x01, 0xf0, 0x01, 0xf0, 0x01, 0xf0, 0x01, 0xf0, 0x01, 0xf1, 0x01, 0xf1,
    0x01, 0xf1, 0x01, 0xf1, 0x01, 0xf1, 0x01, 0xf1, 0x01, 0xf1, 0x01, 0xf1, 0x01, 0xf1, 0x01, 0xf1,
    0x01, 0xf1, 0x01, 0xf1, 0x01, 0xf1, 0x01, 0xf1, 0x01, 0xf1, 0x01, 0xf1, 0x01, 0xf1, 0x01, 0xf1,
    0x01, 0xf1, 0x01, 0xf1, 0x01, 0xf1, 0x01, 0xf1, 0x01, 0xf1, 0x01, 0xf1, 0x01, 0xf1, 0x01, 0xf1,
    0x01, 0xf1, 0x01, 0xf1, 0x01, 0xf1, 0x01, 0xf1, 0x01, 0xf1, 0x01, 0xf1, 0x01, 0xf1, 0x01, 0xf1,
    0x01, 0xf1, 0x01, 0xf1, 0x01, 0xf1, 0x01, 0xf1, 0x01, 0xf1, 0x01, 0xf1, 0x01, 0xf1, 0x01, 0xf1,
    0x01, 0xf1, 0x01, 0xf1, 0x01, 0xf1, 0x01, 0xf1, 0x01, 0xf1, 0x01, 0xf1, 0x01, 0xf1, 0x01, 0xf1,
    0x01, 0xf1, 0x01, 0xf1, 0x01, 0xf1, 0x01, 0xf1, 0x01, 0xf1, 0x01, 0xf1, 0x01, 0xf1, 0x01, 0xf1,
    0x01, 0xf1, 0x01, 0xf1, 0x01, 0xf1, 0x01, 0xf1, 0x01, 0xf1, 0x01, 0xf1, 0x01, 0xf1, 0x01, 0xf1,
    0x01, 0xf1, 0x01, 0xf1, 0x01, 0xf1, 0x01, 0xf1, 0x01, 0xf1, 0x01, 0xf1, 0x01, 0xf1, 0x01, 0xf1,
    0x01, 0xf1, 0x01, 0xf1, 0x01, 0xf1, 0x01, 0xf1, 0x01, 0xf1, 0x01, 0xf1, 0x01, 0xf1, 0x01, 0xf1,
    0x01, 0xf1, 0x01, 0xf1, 0x01, 0xf1, 0x01, 0xf1, 0x01, 0xf1, 0x02, 0xf1, 0x01, 0xf1, 0x01, 0xf1,
    0x02, 0xf1, 0x01, 0xf1, 0x01, 0xf1, 0x01, 0xf1, 0x01, 0xf1, 0x01, 0xf1, 0x01, 0xf1, 0x01, 0xf1,
    0x01, 0xf1, 0x01, 0xf1, 0x01, 0xf0, 0x01, 0xf1, 0x01, 0xf1, 0x01, 0xf1, 0x01, 0xf0, 0x01, 0xf1,
    0x01, 0xf1, 0x01, 0xf1, 0x01, 0xf0, 0x01, 0xf1, 0x01, 0xf1, 0x01, 0xf1, 0x01, 0xf1, 0x01, 0xf1,
    0x01, 0xf0, 0x01, 0xf1, 0x01, 0xf1, 0x01, 0xf1, 0x01, 0xf1, 0x01, 0xf1, 0x01, 0xf1, 0x01, 0xf1,
    0x02, 0xf1, 0x02, 0xf1, 0x02, 0xf1, 0x01, 0xf1, 0x02, 0xf1, 0x02, 0xf1, 0x02, 0xf1, 0x02, 0xf1,
    0x02, 0xf1, 0x02, 0xf1, 0x02, 0xf1, 0x02, 0xf1, 0x02, 0xf1, 0x02, 0xf1, 0x02, 0xf1, 0x02, 0xf1,
    0x02, 0xf1, 0x02, 0xf1, 0x02, 0xf1, 0x02, 0xf1, 0x02, 0xf1, 0x02, 0xf1, 0x02, 0xf1, 0x02, 0xf1,
    0x02, 0xf1, 0x02, 0xf1, 0x02, 0xf1, 0x01, 0xf1, 0x01, 0xf1, 0x01, 0xf1, 0x02, 0xf1, 0x02, 0xf1,
    0x01, 0xf1, 0x02, 0xf1, 0x02, 0xf1, 0x02, 0xf1, 0x01, 0xf1, 0x01, 0xf1, 0x01, 0xf1, 0x01, 0xf1,
    0x01, 0xf1, 0x01, 0xf1, 0x01, 0xf1, 0x01, 0xf1, 0x01, 0xf1, 0x01, 0xf1, 0x01, 0xf1, 0x01, 0xf1,
    0x01, 0xf1, 0x01, 0xf1, 0x01, 0xf1, 0x01, 0xf1, 0x01, 0xf1, 0x01, 0xf1, 0x01, 0xf1, 0x01, 0xf1,
    0x01, 0xf1, 0x01, 0xf1, 0x01, 0xf1, 0x01, 0xf1, 0x01, 0xf1, 0x01, 0xf1, 0x01, 0xf1, 0x01, 0xf1,
    0x01, 0xf1, 0x02, 0xf1, 0x13, 0xf1, 0x02, 0xf1, 0x01, 0xf1, 0x01, 0xf1, 0x01, 0xf1, 0x01, 0xf1,
    0x01, 0xf1, 0x01, 0xf1, 0x01, 0xf1, 0x01, 0xf1, 0x01, 0xf1, 0x01, 0xf1, 0x01, 0xf1, 0x01, 0xf1,
    0x01, 0xf1, 0x01, 0xf1, 0x01, 0xf1, 0x01, 0xf1, 0x01, 0xf1, 0x01, 0xf1, 0x01, 0xf1, 0x01, 0xf1,
    0x01, 0xf1, 0x01, 0xf1, 0x01, 0xf1, 0x01, 0xf1, 0x01, 0xf1, 0x01, 0xf1, 0x01, 0xf1, 0x01, 0xf1,
    0x01, 0xf1, 0x01, 0xf1, 0x01, 0xf0, 0x01, 0xf0, 0x01, 0xf0, 0x01, 0xf0, 0x01, 0xf1, 0x01, 0xf1,
    0x01, 0xf1, 0x01, 0xf0, 0x01, 0xf0, 0x01, 0xf0, 0x01, 0xf1, 0x01, 0xf1, 0x01, 0xf1, 0x01, 0xf0,
    0x01, 0xf0, 0x01, 0xf1, 0x01, 0xf1, 0x01, 0xf1, 0x01, 0xf1, 0x01, 0xf1, 0x01, 0xf1, 0x01, 0xf1,
    0x01, 0xf1, 0x01, 0xf1, 0x01, 0xf1, 0x01, 0xf1, 0x01, 0xf1, 0x01, 0xf1, 0x01, 0xf1, 0x01, 0xf1,
    0x01, 0xf1, 0x01, 0xf1, 0x01, 0xf1, 0x01, 0xf1, 0x01, 0xf1, 0x01, 0xf1, 0x01, 0xf1, 0x01, 0xf1,
    0x01, 0xf0, 0x01, 0xf1, 0x01, 0xf1, 0x01, 0xf1, 0x01, 0xf1, 0x01, 0xf1, 0x01, 0xf1, 0x01, 0xf1,
    0x01, 0xf1, 0x01, 0xf1, 0x01, 0xf1, 0x01, 0xf1, 0x01, 0xf1, 0x01, 0xf1, 0x01, 0xf1, 0x01, 0xf1,
    0x01, 0xf1, 0x01, 0xf1, 0x01, 0xf1, 0x01, 0xf1, 0x01, 0xf1, 0x01, 0xf1, 0x01, 0xf1, 0x01, 0xf1,
    0x01, 0xf1, 0x01, 0xf1, 0x01, 0xf1, 0x01, 0xf1, 0x01, 0xf1, 0x01, 0xf1, 0x02, 0xf1, 0x01, 0xf1,
    0x01, 0xf1, 0x01, 0xf1, 0x01, 0xf1, 0x01, 0xf1, 0x01, 0xf1, 0x01, 0xf1, 0x01, 0xf1, 0x01, 0xf1,
    0x01, 0xf1, 0x01, 0xf1, 0x01, 0xf1, 0x01, 0xf1, 0x01, 0xf1, 0x01, 0xf1, 0x01, 0xf1, 0x01, 0xf1,
    0x01, 0xf1, 0x01, 0xf1, 0x01, 0xf1, 0x01, 0xf1, 0x01, 0xf1, 0x01, 0xf1, 0x01, 0xf1, 0x01, 0xf1,
    0x01, 0xf1, 0x01, 0xf1, 0x01, 0xf1, 0x01, 0xf1, 0x01, 0xf1, 0x01, 0xf1, 0x01, 0xf1, 0x01, 0xf1,
    0x01, 0xf1, 0x01, 0xf1, 0x02, 0xf1, 0x01, 0xf1, 0x01, 0xf1, 0x02, 0xf1, 0x02, 0xf1, 0x02, 0xf1,
    0x02, 0xf1, 0x01, 0xf1, 0x01, 0xf1, 0x01, 0xf1, 0x01, 0xf1, 0x01, 0xf1, 0x01, 0xf1, 0x01, 0xf1,
    0x01, 0xf1, 0x01, 0xf1, 0x01, 0xf1, 0x02, 0xf1, 0x01, 0xf1, 0x01, 0xf1, 0x01, 0xf1, 0x01, 0xf1,
    0x01, 0xf1, 0x01, 0xf1, 0x01, 0xf0, 0x01, 0xf1, 0x01, 0xf1, 0x01, 0xf1, 0x01, 0xf1, 0x01, 0xf1,
    0x01, 0xf1, 0x01, 0xf1, 0x01, 0xf1, 0x01, 0xf1, 0x01, 0xf1, 0x01, 0xf1, 0x01, 0xf0, 0x01, 0xf0,
    0x02, 0xf1, 0x02, 0xf1, 0x02, 0xf1, 0x02, 0xf1, 0x02, 0xf1, 0x02, 0xf1, 0x02, 0xf1, 0x02, 0xf1,
    0x02, 0xf1, 0x02, 0xf1, 0x02, 0xf1, 0x02, 0xf1, 0x02, 0xf1, 0x02, 0xf1, 0x02, 0xf1, 0x02, 0xf1,
    0x02, 0xf1, 0x02, 0xf1, 0x13, 0xf1, 0x02, 0xf1, 0x02, 0xf1, 0x02, 0xf1, 0x02, 0xf1, 0x02, 0xf1,
    0x01, 0xf1, 0x02, 0xf1, 0x02, 0xf1, 0x02, 0xf1, 0x01, 0xf1, 0x01, 0xf1, 0x02, 0xf1, 0x02, 0xf1,
    0x01, 0xf1, 0x02, 0xf1, 0x02, 0xf1, 0x01, 0xf1, 0x01, 0xf1, 0x01, 0xf1, 0x01, 0xf1, 0x01, 0xf1,
    0x01, 0xf1, 0x01, 0xf1, 0x01, 0xf1, 0x01, 0xf1, 0x01, 0xf1, 0x01, 0xf1, 0x01, 0xf1, 0x01, 0xf1,
    0x01, 0xf1, 0x01, 0xf1, 0x01, 0xf1, 0x01, 0xf1, 0x01, 0xf1, 0x01, 0xf1, 0x01, 0xf1, 0x01, 0xf1,
    0x01, 0xf1, 0x01, 0xf1, 0x01, 0xf1, 0x01, 0xf1, 0x01, 0xf1, 0x01, 0xf1, 0x01, 0xf1, 0x01, 0xf1,
    0x01, 0xf1, 0x02, 0xf1, 0x35, 0xf2, 0x12, 0xf1, 0x01, 0xf1, 0x01, 0xf1, 0x01, 0xf1, 0x01, 0xf1,
    0x01, 0xf1, 0x01, 0xf1, 0x01, 0xf1, 0x01, 0xf1, 0x01, 0xf1, 0x01, 0xf1, 0x01, 0xf1, 0x02, 0xf1,
    0x01, 0xf1, 0x01, 0xf1, 0x01, 0xf1, 0x01, 0xf1, 0x01, 0xf1, 0x01, 0xf1, 0x01, 0xf1, 0x01, 0xf1,
    0x01, 0xf0, 0x01, 0xf1, 0x01, 0xf1, 0x01, 0xf1, 0x01, 0xf1, 0x01, 0xf1, 0x01, 0xf1, 0x01, 0xf1,
    0x01, 0xf1, 0x01, 0xf1, 0x01, 0xf0, 0x01, 0xf0, 0x01, 0xf1, 0x01, 0xf1, 0x01, 0xf1, 0x01, 0xf1,
    0x01, 0xf1, 0x01, 0xf0, 0x01, 0xf0, 0x01, 0xf0, 0x01, 0xf1, 0x01, 0xf1, 0x01, 0xf1, 0x01, 0xf0,
    0x01, 0xf1, 0x01, 0xf1, 0x01, 0xf1, 0x01, 0xf1, 0x01, 0xf1, 0x01, 0xf1, 0x01, 0xf1, 0x01, 0xf1,
    0x01, 0xf1, 0x01, 0xf1, 0x01, 0xf1, 0x01, 0xf1, 0x01, 0xf1, 0x01, 0xf1, 0x01, 0xf1, 0x01, 0xf1,
    0x01, 0xf1, 0x01, 0xf1, 0x01, 0xf1, 0x01, 0xf1, 0x01, 0xf1, 0x01, 0xf1, 0x01, 0xf1, 0x01, 0xf1,
    0x01, 0xf0, 0x01, 0xf1, 0x01, 0xf1, 0x01, 0xf1, 0x01, 0xf1, 0x01, 0xf1, 0x01, 0xf1, 0x01, 0xf1,
    0x01, 0xf1, 0x01, 0xf1, 0x01, 0xf1, 0x01, 0xf1, 0x01, 0xf1, 0x01, 0xf1, 0x01, 0xf1, 0x01, 0xf1,
    0x01, 0xf1, 0x01, 0xf1, 0x01, 0xf1, 0x01, 0xf1, 0x01, 0xf1, 0x01, 0xf1, 0x01, 0xf1, 0x01, 0xf1,
    0x02, 0xf1, 0x13, 0xf1, 0x12, 0xf1, 0x12, 0xf1, 0x02, 0xf1, 0x01, 0xf1, 0x01, 0xf1, 0x01, 0xf1,
    0x01, 0xf1, 0x01, 0xf1, 0x01, 0xf1, 0x01, 0xf1, 0x01, 0xf1, 0x01, 0xf1, 0x01, 0xf1, 0x01, 0xf1,
    0x01, 0xf1, 0x01, 0xf1, 0x01, 0xf1, 0x01, 0xf1, 0x01, 0xf1, 0x01, 0xf1, 0x01, 0xf1, 0x01, 0xf1,
    0x01, 0xf1, 0x01, 0xf1, 0x01, 0xf1, 0x01, 0xf1, 0x01, 0xf1, 0x01, 0xf1, 0x01, 0xf1, 0x01, 0xf1,
    0x01, 0xf1, 0x01, 0xf1, 0x01, 0xf1, 0x01, 0xf1, 0x01, 0xf1, 0x01, 0xf1, 0x01, 0xf1, 0x01, 0xf1,
    0x01, 0xf1, 0x01, 0xf1, 0x01, 0xf1, 0x02, 0xf1, 0x02, 0xf1, 0x02, 0xf1, 0x02, 0xf1, 0x01, 0xf1,
    0x02, 0xf1, 0x01, 0xf1, 0x01, 0xf1, 0x01, 0xf1, 0x01, 0xf1, 0x01, 0xf1, 0x01, 0xf1, 0x01, 0xf1,
    0x01, 0xf1, 0x01, 0xf1, 0x02, 0xf1, 0x02, 0xf1, 0x01, 0xf1, 0x01, 0xf1, 0x01, 0xf1, 0x01, 0xf1,
    0x01, 0xf1, 0x01, 0xf1, 0x01, 0xf0, 0x01, 0xf1, 0x01, 0xf1, 0x01, 0xf1, 0x01, 0xf1, 0x01, 0xf1,
    0x01, 0xf1, 0x01, 0xf0, 0x01, 0xf0, 0x01, 0xf0, 0x01, 0xf0, 0x01, 0xf0, 0x01, 0xf0, 0x01, 0xf0,
    0x02, 0xf1, 0x02, 0xf1, 0x02, 0xf1, 0x02, 0xf1, 0x02, 0xf1, 0x02, 0xf1, 0x02, 0xf1, 0x02, 0xf1,
    0x02, 0xf1, 0x02, 0xf1, 0x02, 0xf1, 0x02, 0xf1, 0x02, 0xf1, 0x02, 0xf1, 0x02, 0xf1, 0x02, 0xf1,
    0x02, 0xf1, 0x02, 0xf1, 0x02, 0xf1, 0x02, 0xf1, 0x02, 0xf1, 0x02, 0xf1, 0x02, 0xf1, 0x02, 0xf1,
    0x02, 0xf1, 0x02, 0xf1, 0x02, 0xf1, 0x02, 0xf1, 0x02, 0xf1, 0x02, 0xf1, 0x02, 0xf1, 0x01, 0xf1,
    0x01, 0xf1, 0x02, 0xf1, 0x01, 0xf1, 0x01, 0xf1, 0x01, 0xf1, 0x02, 0xf1, 0x02, 0xf1, 0x02, 0xf1,
    0x01, 0xf1, 0x01, 0xf1, 0x02, 0xf1, 0x02, 0xf1, 0x02, 0xf1, 0x01, 0xf1, 0x01, 0xf1, 0x01, 0xf1,
    0x01, 0xf1, 0x01, 0xf1, 0x01, 0xf1, 0x01, 0xf1, 0x01, 0xf1, 0x01, 0xf1, 0x01, 0xf1, 0x01, 0xf1,
    0x01, 0xf1, 0x01, 0xf1, 0x01, 0xf1, 0x01, 0xf1, 0x01, 0xf1, 0x01, 0xf1, 0x01, 0xf1, 0x01, 0xf1,
    0x01, 0xf1, 0x01, 0xf1, 0x01, 0xf1, 0x01, 0xf1, 0x01, 0xf1, 0x01, 0xf1, 0x01, 0xf1, 0x01, 0xf1,
    0x01, 0xf1, 0x01, 0xf1, 0x01, 0xf1, 0x01, 0xf1, 0x01, 0xf1, 0x01, 0xf1, 0x01, 0xf1, 0x02, 0xf1,
    0x01, 0xf1, 0x01, 0xf1, 0x01, 0xf1, 0x01, 0xf1, 0x01, 0xf1, 0x01, 0xf1, 0x01, 0xf1, 0x01, 0xf1,
    0x01, 0xf0, 0x01, 0xf1, 0x01, 0xf0, 0x01, 0xf0, 0x01, 0xf1, 0x01, 0xf1, 0x01, 0xf0, 0x01, 0xf1,
    0x01, 0xf1, 0x01, 0xf1, 0x01, 0xf1, 0x01, 0xf1, 0x01, 0xf1, 0x01, 0xf1, 0x01, 0xf1, 0x01, 0xf1,
    0x01, 0xf1, 0x01, 0xf1, 0x01, 0xf1, 0x01, 0xf1, 0x01, 0xf1, 0x01, 0xf1, 0x01, 0xf1, 0x01, 0xf1,
    0x01, 0xf1, 0x01, 0xf1, 0x01, 0xf1, 0x01, 0xf1, 0x01, 0xf1, 0x01, 0xf1, 0x01, 0xf1, 0x01, 0xf1,
    0x01, 0xf1, 0x01, 0xf1, 0x01, 0xf1, 0x01, 0xf1, 0x01, 0xf1, 0x01, 0xf1, 0x01, 0xf1, 0x01, 0xf1,
    0x01, 0xf1, 0x01, 0xf1, 0x01, 0xf1, 0x01, 0xf1, 0x01, 0xf1, 0x01, 0xf1, 0x01, 0xf1, 0x01, 0xf1,
    0x01, 0xf1, 0x01, 0xf1, 0x01, 0xf1, 0x01, 0xf1, 0x01, 0xf1, 0x01, 0xf1, 0x01, 0xf1, 0x01, 0xf1,
    0x01, 0xf1, 0x01, 0xf1, 0x01, 0xf1, 0x01, 0xf1, 0x01, 0xf1, 0x01, 0xf1, 0x01, 0xf1, 0x01, 0xf1,
    0x01, 0xf1, 0x01, 0xf1, 0x01, 0xf1, 0x01, 0xf1, 0x01, 0xf1, 0x01, 0xf1, 0x01, 0xf1, 0x01, 0xf1,
    0x02, 0xf1, 0x46, 0xf2, 0x24, 0xf2, 0x02, 0xf1, 0x01, 0xf1, 0x01, 0xf1, 0x01, 0xf1, 0x01, 0xf1,
    0x01, 0xf1, 0x01, 0xf1, 0x01, 0xf1, 0x01, 0xf1, 0x01, 0xf1, 0x01, 0xf1, 0x01, 0xf1, 0x01, 0xf1,
    0x01, 0xf1, 0x01, 0xf1, 0x01, 0xf1, 0x01, 0xf1, 0x01, 0xf1, 0x01, 0xf1, 0x01, 0xf1, 0x01, 0xf1,
    0x02, 0xf1, 0x01, 0xf1, 0x01, 0xf1, 0x01, 0xf1, 0x01, 0xf1, 0x01, 0xf1, 0x01, 0xf1, 0x01, 0xf1,
    0x01, 0xf1, 0x01, 0xf1, 0x01, 0xf1, 0x01, 0xf1, 0x01, 0xf1, 0x01, 0xf1, 0x01, 0xf1, 0x01, 0xf1,
    0x01, 0xf1, 0x01, 0xf1, 0x01, 0xf1, 0x02, 0xf1, 0x02, 0xf1, 0x02, 0xf1, 0x02, 0xf1, 0x01, 0xf1,
    0x01, 0xf1, 0x01, 0xf1, 0x01, 0xf1, 0x01, 0xf1, 0x01, 0xf1, 0x01, 0xf1, 0x01, 0xf1, 0x01, 0xf1,
    0x01, 0xf1, 0x02, 0xf1, 0x02, 0xf1, 0x02, 0xf1, 0x01, 0xf1, 0x01, 0xf1, 0x01, 0xf1, 0x01, 0xf1,
    0x01, 0xf1, 0x01, 0xf1, 0x01, 0xf1, 0x01, 0xf1, 0x01, 0xf1, 0x01, 0xf1, 0x01, 0xf1, 0x01, 0xf1,
    0x01, 0xf1, 0x01, 0xf1, 0x01, 0xf1, 0x01, 0xf0, 0x01, 0xf0, 0x01, 0xf0, 0x01, 0xf0, 0x01, 0xf1,
    0x12, 0xf1, 0x02, 0xf1, 0x02, 0xf1, 0x02, 0xf1, 0x02, 0xf1, 0x02, 0xf1, 0x02, 0xf1, 0x02, 0xf1,
    0x02, 0xf1, 0x02, 0xf1, 0x02, 0xf1, 0x02, 0xf1, 0x02, 0xf1, 0x02, 0xf1, 0x02, 0xf1, 0x02, 0xf1,
    0x13, 0xf1, 0x13, 0xf1, 0x12, 0xf1, 0x02, 0xf1, 0x02, 0xf1, 0x02, 0xf1, 0x02, 0xf1, 0x02, 0xf1,
    0x02, 0xf1, 0x02, 0xf1, 0x02, 0xf1, 0x02, 0xf1, 0x02, 0xf1, 0x02, 0xf1, 0x01, 0xf1, 0x01, 0xf1,
    0x01, 0xf1, 0x02, 0xf1, 0x02, 0xf1, 0x02, 0xf1, 0x02, 0xf1, 0x02, 0xf1, 0x02, 0xf1, 0x02, 0xf1,
    0x01, 0xf1, 0x01, 0xf1, 0x02, 0xf1, 0x02, 0xf1, 0x02, 0xf1, 0x02, 0xf1, 0x01, 0xf1, 0x01, 0xf1,
    0x01, 0xf1, 0x01, 0xf1, 0x01, 0xf1, 0x01, 0xf1, 0x01, 0xf1, 0x01, 0xf1, 0x01, 0xf1, 0x01, 0xf1,
    0x01, 0xf1, 0x01, 0xf1, 0x01, 0xf1, 0x01, 0xf1, 0x01, 0xf0, 0x01, 0xf0, 0x01, 0xf1, 0x01, 0xf1,
    0x01, 0xf1, 0x01, 0xf1, 0x01, 0xf1, 0x01, 0xf1, 0x01, 0xf1, 0x01, 0xf1, 0x01, 0xf1, 0x01, 0xf1,
    0x01, 0xf1, 0x01, 0xf1, 0x01, 0xf1, 0x01, 0xf1, 0x01, 0xf1, 0x01, 0xf1, 0x01, 0xf1, 0x02, 0xf1,
    0x01, 0xf1, 0x01, 0xf1, 0x01, 0xf1, 0x01, 0xf1, 0x01, 0xf1, 0x01, 0xf1, 0x01, 0xf1, 0x01, 0xf1,
    0x01, 0xf1, 0x01, 0xf1, 0x01, 0xf1, 0x01, 0xf0, 0x01, 0xf0, 0x01, 0xf1, 0x01, 0xf1, 0x01, 0xf1,
    0x01, 0xf1, 0x01, 0xf1, 0x01, 0xf1, 0x01, 0xf1, 0x01, 0xf1, 0x01, 0xf1, 0x01, 0xf1, 0x01, 0xf1,
    0x01, 0xf1, 0x01, 0xf1, 0x01, 0xf1, 0x01, 0xf1, 0x01, 0xf1, 0x01, 0xf1, 0x01, 0xf1, 0x01, 0xf1,
    0x01, 0xf1, 0x01, 0xf1, 0x01, 0xf1, 0x01, 0xf1, 0x01, 0xf1, 0x01, 0xf1, 0x01, 0xf1, 0x01, 0xf1,
    0x01, 0xf1, 0x01, 0xf1, 0x01, 0xf1, 0x01, 0xf1, 0x01, 0xf1, 0x01, 0xf1, 0x01, 0xf1, 0x01, 0xf1,
    0x01, 0xf1, 0x01, 0xf1, 0x01, 0xf1, 0x01, 0xf1, 0x01, 0xf1, 0x01, 0xf1, 0x01, 0xf1, 0x01, 0xf1,
    0x01, 0xf1, 0x01, 0xf1, 0x01, 0xf1, 0x01, 0xf1, 0x01, 0xf1, 0x01, 0xf1, 0x01, 0xf1, 0x01, 0xf1,
    0x01, 0xf1, 0x01, 0xf1, 0x01, 0xf1, 0x01, 0xf1, 0x01, 0xf1, 0x01, 0xf1, 0x01, 0xf1, 0x01, 0xf1,
    0x01, 0xf1, 0x01, 0xf1, 0x01, 0xf1, 0x01, 0xf1, 0x01, 0xf1, 0x01, 0xf1, 0x01, 0xf1, 0x01, 0xf1,
    0x01, 0xf1, 0x12, 0xf1, 0x02, 0xf1, 0x01, 0xf1, 0x01, 0xf1, 0x01, 0xf1, 0x01, 0xf1, 0x01, 0xf1,
    0x01, 0xf1, 0x01, 0xf1, 0x01, 0xf1, 0x01, 0xf1, 0x01, 0xf1, 0x01, 0xf1, 0x01, 0xf1, 0x01, 0xf1,
    0x01, 0xf1, 0x01, 0xf1, 0x01, 0xf1, 0x01, 0xf1, 0x01, 0xf1, 0x01, 0xf1, 0x01, 0xf1, 0x01, 0xf1,
    0x02, 0xf1, 0x02, 0xf1, 0x01, 0xf1, 0x01, 0xf1, 0x01, 0xf1, 0x01, 0xf1, 0x01, 0xf1, 0x01, 0xf1,
    0x01, 0xf1, 0x01, 0xf1, 0x01, 0xf1, 0x01, 0xf1, 0x01, 0xf1, 0x01, 0xf1, 0x01, 0xf1, 0x01, 0xf1,
    0x01, 0xf1, 0x01, 0xf1, 0x01, 0xf1, 0x01, 0xf1, 0x02, 0xf1, 0x02, 0xf1, 0x02, 0xf1, 0x01, 0xf1,
    0x01, 0xf1, 0x01, 0xf1, 0x01, 0xf1, 0x01, 0xf1, 0x01, 0xf1, 0x01, 0xf1, 0x01, 0xf1, 0x01, 0xf1,
    0x01, 0xf1, 0x12, 0xf1, 0x02, 0xf1, 0x01, 0xf1, 0x01, 0xf1, 0x01, 0xf1, 0x01, 0xf1, 0x01, 0xf1,
    0x01, 0xf1, 0x01, 0xf1, 0x01, 0xf1, 0x01, 0xf1, 0x01, 0xf1, 0x01, 0xf1, 0x01, 0xf1, 0x01, 0xf1,
    0x01, 0xf1, 0x01, 0xf0, 0x01, 0xf1, 0x01, 0xf0, 0x01, 0xf0, 0x01, 0xf0, 0x01, 0xf0, 0x01, 0xf1,
    0x02, 0xf1, 0x02, 0xf1, 0x02, 0xf1, 0x02, 0xf1, 0x02, 0xf1, 0x02, 0xf1, 0x02, 0xf1, 0x02, 0xf1,
    0x02, 0xf1, 0x02, 0xf1, 0x02, 0xf1, 0x02, 0xf1, 0x02, 0xf1, 0x02, 0xf1, 0x02, 0xf1, 0x02, 0xf1,
    0x24, 0xf2, 0x79, 0xf3, 0x24, 0xf2, 0x02, 0xf1, 0x02, 0xf1, 0x02, 0xf1, 0x02, 0xf1, 0x02, 0xf1,
    0x02, 0xf1, 0x02, 0xf1, 0x02, 0xf1, 0x02, 0xf1, 0x02, 0xf1, 0x02, 0xf1, 0x01, 0xf1, 0x01, 0xf1,
    0x02, 0xf1, 0x02, 0xf1, 0x02, 0xf1, 0x02, 0xf1, 0x02, 0xf1, 0x02, 0xf1, 0x02, 0xf1, 0x02, 0xf1,
    0x01, 0xf1, 0x01, 0xf1, 0x01, 0xf1, 0x02, 0xf1, 0x02, 0xf1, 0x02, 0xf1, 0x01, 0xf1, 0x01, 0xf1,
    0x01, 0xf1, 0x01, 0xf1, 0x01, 0xf1, 0x01, 0xf1, 0x01, 0xf1, 0x01, 0xf1, 0x01, 0xf1, 0x01, 0xf1,
    0x01, 0xf1, 0x01, 0xf1, 0x01, 0xf1, 0x01, 0xf0, 0x01, 0xf0, 0x01, 0xf1, 0x01, 0xf1, 0x01, 0xf1,
    0x01, 0xf1, 0x01, 0xf1, 0x01, 0xf1, 0x01, 0xf1, 0x01, 0xf1, 0x01, 0xf1, 0x01, 0xf1, 0x01, 0xf1,
    0x01, 0xf1, 0x01, 0xf1, 0x01, 0xf1, 0x01, 0xf1, 0x01, 0xf1, 0x01, 0xf1, 0x01, 0xf1, 0x01, 0xf1,
    0x02, 0xf1, 0x02, 0xf1, 0x01, 0xf1, 0x01, 0xf1, 0x01, 0xf1, 0x01, 0xf1, 0x01, 0xf1, 0x01, 0xf1,
    0x01, 0xf1, 0x01, 0xf1, 0x01, 0xf1, 0x01, 0xf1, 0x01, 0xf1, 0x01, 0xf1, 0x01, 0xf1, 0x01, 0xf1,
    0x01, 0xf1, 0x01, 0xf1, 0x01, 0xf1, 0x01, 0xf1, 0x01, 0xf1, 0x01, 0xf1, 0x01, 0xf1, 0x01, 0xf1,
    0x01, 0xf1, 0x01, 0xf1, 0x01, 0xf1, 0x01, 0xf1, 0x01, 0xf1, 0x01, 0xf1, 0x01, 0xf1, 0x01, 0xf1,
    0x01, 0xf1, 0x01, 0xf1, 0x01, 0xf1, 0x01, 0xf1, 0x01, 0xf1, 0x01, 0xf1, 0x01, 0xf1, 0x01, 0xf1,
    0x01, 0xf1, 0x01, 0xf1, 0x01, 0xf1, 0x01, 0xf1, 0x01, 0xf1, 0x01, 0xf1, 0x01, 0xf1, 0x01, 0xf1,
    0x01, 0xf1, 0x01, 0xf1, 0x01, 0xf1, 0x01, 0xf1, 0x01, 0xf1, 0x01, 0xf1, 0x01, 0xf1, 0x01, 0xf1,
    0x01, 0xf1, 0x01, 0xf1, 0x01, 0xf1, 0x01, 0xf1, 0x01, 0xf1, 0x01, 0xf1, 0x01, 0xf1, 0x01, 0xf1,
    0x01, 0xf1, 0x01, 0xf1, 0x01, 0xf1, 0x01, 0xf1, 0x01, 0xf1, 0x01, 0xf1, 0x01, 0xf1, 0x01, 0xf1,
    0x01, 0xf1, 0x01, 0xf1, 0x01, 0xf1, 0x01, 0xf1, 0x01, 0xf1, 0x01, 0xf1, 0x01, 0xf1, 0x01, 0xf1,
    0x01, 0xf1, 0x01, 0xf1, 0x01, 0xf1, 0x01, 0xf1, 0x01, 0xf1, 0x01, 0xf1, 0x01, 0xf1, 0x01, 0xf1,
    0x01, 0xf1, 0x01, 0xf1, 0x01, 0xf1, 0x01, 0xf1, 0x01, 0xf1, 0x01, 0xf1, 0x01, 0xf1, 0x01, 0xf1,
    0x01, 0xf1, 0x01, 0xf1, 0x01, 0xf1, 0x01, 0xf1, 0x01, 0xf1, 0x01, 0xf1, 0x01, 0xf1, 0x01, 0xf1,
    0x02, 0xf1, 0x02, 0xf1, 0x01, 0xf1, 0x01, 0xf1, 0x01, 0xf1, 0x01, 0xf1, 0x01, 0xf1, 0x01, 0xf1,
    0x01, 0xf1, 0x01, 0xf1, 0x01, 0xf1, 0x01, 0xf1, 0x01, 0xf1, 0x01, 0xf1, 0x01, 0xf1, 0x02, 0xf1,
    0x02, 0xf1, 0x02, 0xf1, 0x01, 0xf1, 0x01, 0xf1, 0x02, 0xf1, 0x02, 0xf1, 0x02, 0xf1, 0x02, 0xf1,
    0x02, 0xf1, 0x01, 0xf1, 0x01, 0xf1, 0x01, 0xf1, 0x01, 0xf1, 0x01, 0xf1, 0x01, 0xf1, 0x01, 0xf1,
    0x01, 0xf1, 0x01, 0xf1, 0x01, 0xf1, 0x01, 0xf1, 0x01, 0xf1, 0x01, 0xf1, 0x01, 0xf1, 0x01, 0xf1,
    0x01, 0xf1, 0x01, 0xf1, 0x01, 0xf1, 0x01, 0xf1, 0x01, 0xf1, 0x01, 0xf1, 0x01, 0xf1, 0x01, 0xf1,
    0x01, 0xf0, 0x01, 0xf0, 0x01, 0xf0, 0x01, 0xf0, 0x01, 0xf0, 0x01, 0xf0, 0x01, 0xf0, 0x01, 0xf0,
    0x02, 0xf1, 0x02, 0xf1, 0x02, 0xf1, 0x02, 0xf1, 0x02, 0xf1, 0x02, 0xf1, 0x02, 0xf1, 0x02, 0xf1,
    0x02, 0xf1, 0x13, 0xf1, 0x13, 0xf1, 0x02, 0xf1, 0x02, 0xf1, 0x02, 0xf1, 0x02, 0xf1, 0x02, 0xf1,
    0x24, 0xf2, 0x47, 0xf3, 0x14, 0xf2, 0x02, 0xf1, 0x02, 0xf1, 0x02, 0xf1, 0x02, 0xf1, 0x02, 0xf1,
    0x02, 0xf1, 0x02, 0xf1, 0x02, 0xf1, 0x02, 0xf1, 0x02, 0xf1, 0x02, 0xf1, 0x01, 0xf1, 0x01, 0xf1,
    0x01, 0xf1, 0x01, 0xf1, 0x02, 0xf1, 0x02, 0xf1, 0x02, 0xf1, 0x01, 0xf1, 0x01, 0xf1, 0x01, 0xf1,
    0x01, 0xf1, 0x01, 0xf1, 0x01, 0xf1, 0x02, 0xf1, 0x02, 0xf1, 0x01, 0xf1, 0x01, 0xf1, 0x01, 0xf1,
    0x01, 0xf1, 0x01, 0xf1, 0x01, 0xf1, 0x01, 0xf1, 0x01, 0xf1, 0x01, 0xf1, 0x01, 0xf1, 0x01, 0xf1,
    0x01, 0xf1, 0x01, 0xf1, 0x01, 0xf1, 0x01, 0xf1, 0x01, 0xf1, 0x01, 0xf1, 0x01, 0xf1, 0x01, 0xf1,
    0x01, 0xf1, 0x01, 0xf1, 0x01, 0xf1, 0x01, 0xf1, 0x01, 0xf1, 0x01, 0xf1, 0x01, 0xf1, 0x01, 0xf1,
    0x01, 0xf1, 0x01, 0xf1, 0x01, 0xf1, 0x01, 0xf1, 0x01, 0xf1, 0x01, 0xf1, 0x01, 0xf1, 0x01, 0xf1,
    0x01, 0xf1, 0x02, 0xf1, 0x01, 0xf1, 0x01, 0xf1, 0x01, 0xf1, 0x01, 0xf1, 0x01, 0xf1, 0x01, 0xf1,
    0x01, 0xf1, 0x01, 0xf1, 0x01, 0xf1, 0x01, 0xf1, 0x01, 0xf1, 0x01, 0xf1, 0x01, 0xf1, 0x01, 0xf1,
    0x01, 0xf1, 0x01, 0xf1, 0x01, 0xf1, 0x01, 0xf1, 0x01, 0xf1, 0x01, 0xf1, 0x01, 0xf1, 0x01, 0xf1,
    0x01, 0xf1, 0x01, 0xf1, 0x01, 0xf1, 0x01, 0xf1, 0x01, 0xf1, 0x01, 0xf1, 0x01, 0xf1, 0x01, 0xf1,
    0x01, 0xf1, 0x01, 0xf1, 0x01, 0xf1, 0x01, 0xf1, 0x01, 0xf1, 0x01, 0xf1, 0x01, 0xf1, 0x01, 0xf1,
    0x01, 0xf1, 0x01, 0xf1, 0x01, 0xf1, 0x01, 0xf1, 0x01, 0xf1, 0x01, 0xf1, 0x01, 0xf1, 0x01, 0xf1,
    0x01, 0xf1, 0x01, 0xf1, 0x01, 0xf1, 0x01, 0xf1, 0x01, 0xf1, 0x01, 0xf1, 0x01, 0xf1, 0x01, 0xf1,
    0x01, 0xf1, 0x01, 0xf1, 0x01, 0xf1, 0x01, 0xf1, 0x01, 0xf1, 0x01, 0xf1, 0x01, 0xf1, 0x01, 0xf1,
    0x01, 0xf1, 0x01, 0xf1, 0x01, 0xf1, 0x01, 0xf1, 0x01, 0xf1, 0x01, 0xf1, 0x01, 0xf1, 0x01, 0xf1,
    0x01, 0xf1, 0x01, 0xf1, 0x01, 0xf1, 0x01, 0xf1, 0x01, 0xf1, 0x01, 0xf1, 0x01, 0xf1, 0x01, 0xf1,
    0x01, 0xf1, 0x01, 0xf1, 0x01, 0xf1, 0x01, 0xf1, 0x01, 0xf1, 0x01, 0xf1, 0x01, 0xf1, 0x01, 0xf1,
    0x01, 0xf1, 0x01, 0xf1, 0x01, 0xf1, 0x01, 0xf1, 0x01, 0xf1, 0x01, 0xf1, 0x01, 0xf1, 0x01, 0xf1,
    0x01, 0xf1, 0x01, 0xf1, 0x01, 0xf1, 0x02, 0xf1, 0x02, 0xf1, 0x02, 0xf1, 0x01, 0xf1, 0x01, 0xf1,
    0x02, 0xf1, 0x02, 0xf1, 0x01, 0xf1, 0x01, 0xf1, 0x01, 0xf1, 0x01, 0xf1, 0x01, 0xf1, 0x01, 0xf1,
    0x01, 0xf1, 0x01, 0xf1, 0x01, 0xf1, 0x01, 0xf1, 0x01, 0xf1, 0x01, 0xf1, 0x01, 0xf1, 0x02, 0xf1,
    0x02, 0xf1, 0x02, 0xf1, 0x02, 0xf1, 0x01, 0xf1, 0x01, 0xf1, 0x01, 0xf1, 0x02, 0xf1, 0x02, 0xf1,
    0x02, 0xf1, 0x02, 0xf1, 0x01, 0xf1, 0x01, 0xf1, 0x01, 0xf1, 0x01, 0xf1, 0x01, 0xf1, 0x01, 0xf1,
    0x01, 0xf1, 0x01, 0xf1, 0x01, 0xf1, 0x01, 0xf1, 0x01, 0xf1, 0x01, 0xf1, 0x01, 0xf1, 0x01, 0xf1,
    0x01, 0xf1, 0x01, 0xf1, 0x01, 0xf1, 0x01, 0xf1, 0x01, 0xf1, 0x01, 0xf1, 0x01, 0xf1, 0x01, 0xf1,
    0x01, 0xf0, 0x01, 0xf0, 0x01, 0xf0, 0x01, 0xf0, 0x01, 0xf0, 0x01, 0xf0, 0x01, 0xf1, 0x01, 0xf1,
    0x02, 0xf1, 0x02, 0xf1, 0x02, 0xf1, 0x02, 0xf1, 0x02, 0xf1, 0x02, 0xf1, 0x02, 0xf1, 0x02, 0xf1,
    0x02, 0xf1, 0x13, 0xf1, 0x13, 0xf1, 0x02, 0xf1, 0x02, 0xf1, 0x02, 0xf1, 0x02, 0xf1, 0x02, 0xf1,
    0x02, 0xf1, 0x02, 0xf1, 0x02, 0xf1, 0x02, 0xf1, 0x02, 0xf1, 0x02, 0xf1, 0x02, 0xf1, 0x02, 0xf1,
    0x02, 0xf1, 0x02, 0xf1, 0x02, 0xf1, 0x02, 0xf1, 0x02, 0xf1, 0x02, 0xf1, 0x02, 0xf1, 0x01, 0xf1,
    0x01, 0xf1, 0x01, 0xf1, 0x01, 0xf1, 0x02, 0xf1, 0x01, 0xf1, 0x01, 0xf1, 0x01, 0xf1, 0x01, 0xf1,
    0x01, 0xf1, 0x02, 0xf1, 0x02, 0xf1, 0x02, 0xf1, 0x01, 0xf1, 0x01, 0xf1, 0x01, 0xf1, 0x01, 0xf1,
    0x01, 0xf1, 0x01, 0xf1, 0x01, 0xf1, 0x01, 0xf1, 0x01, 0xf1, 0x01, 0xf1, 0x01, 0xf1, 0x01, 0xf1,
    0x01, 0xf1, 0x01, 0xf1, 0x01, 0xf1, 0x01, 0xf1, 0x01, 0xf1, 0x01, 0xf1, 0x01, 0xf1, 0x01, 0xf1,
    0x01, 0xf1, 0x01, 0xf1, 0x01, 0xf1, 0x01, 0xf1, 0x01, 0xf1, 0x01, 0xf1, 0x01, 0xf1, 0x01, 0xf1,
    0x01, 0xf1, 0x01, 0xf1, 0x01, 0xf1, 0x01, 0xf1, 0x01, 0xf1, 0x01, 0xf1, 0x01, 0xf1, 0x01, 0xf1,
    0x01, 0xf1, 0x01, 0xf1, 0x01, 0xf1, 0x01, 0xf1, 0x01, 0xf1, 0x01, 0xf1, 0x01, 0xf1, 0x01, 0xf1,
    0x01, 0xf1, 0x01, 0xf1, 0x01, 0xf1, 0x01, 0xf1, 0x01, 0xf1, 0x01, 0xf1, 0x01, 0xf1, 0x01, 0xf1,
    0x01, 0xf1, 0x01, 0xf1, 0x01, 0xf1, 0x01, 0xf0, 0x01, 0xf1, 0x01, 0xf1, 0x01, 0xf1, 0x01, 0xf1,
    0x01, 0xf1, 0x01, 0xf1, 0x01, 0xf1, 0x01, 0xf1, 0x01, 0xf1, 0x01, 0xf1, 0x01, 0xf1, 0x01, 0xf1,
    0x01, 0xf1, 0x01, 0xf1, 0x01, 0xf1, 0x01, 0xf1, 0x01, 0xf1, 0x01, 0xf1, 0x01, 0xf1, 0x01, 0xf1,
    0x01, 0xf1, 0x01, 0xf1, 0x01, 0xf1, 0x01, 0xf1, 0x01, 0xf1, 0x01, 0xf1, 0x01, 0xf1, 0x01, 0xf1,
    0x01, 0xf1, 0x01, 0xf1, 0x01, 0xf1, 0x01, 0xf1, 0x01, 0xf1, 0x01, 0xf1, 0x01, 0xf1, 0x01, 0xf1,
    0x01, 0xf1, 0x01, 0xf1, 0x01, 0xf1, 0x01, 0xf1, 0x01, 0xf1, 0x01, 0xf1, 0x01, 0xf1, 0x01, 0xf1,
    0x01, 0xf1, 0x01, 0xf1, 0x01, 0xf1, 0x01, 0xf1, 0x01, 0xf1, 0x01, 0xf1, 0x01, 0xf1, 0x01, 0xf1,
    0x01, 0xf1, 0x01, 0xf1, 0x01, 0xf1, 0x01, 0xf1, 0x01, 0xf1, 0x01, 0xf1, 0x01, 0xf1, 0x01, 0xf1,
    0x01, 0xf1, 0x01, 0xf1, 0x01, 0xf1, 0x01, 0xf1, 0x01, 0xf1, 0x01, 0xf1, 0x01, 0xf1, 0x01, 0xf1,
    0x01, 0xf1, 0x01, 0xf1, 0x01, 0xf1, 0x01, 0xf1, 0x01, 0xf1, 0x01, 0xf1, 0x01, 0xf1, 0x01, 0xf1,
    0x01, 0xf1, 0x01, 0xf1, 0x01, 0xf1, 0x01, 0xf1, 0x02, 0xf1, 0x02, 0xf1, 0x01, 0xf1, 0x01, 0xf1,
    0x02, 0xf1, 0x02, 0xf1, 0x01, 0xf1, 0x01, 0xf1, 0x01, 0xf1, 0x01, 0xf1, 0x01, 0xf1, 0x01, 0xf1,
    0x01, 0xf1, 0x01, 0xf1, 0x01, 0xf1, 0x01, 0xf1, 0x01, 0xf1, 0x01, 0xf1, 0x01, 0xf1, 0x02, 0xf1,
    0x02, 0xf1, 0x02, 0xf1, 0x02, 0xf1, 0x01, 0xf1, 0x01, 0xf1, 0x01, 0xf1, 0x01, 0xf1, 0x01, 0xf1,
    0x01, 0xf1, 0x01, 0xf1, 0x01, 0xf1, 0x01, 0xf1, 0x01, 0xf1, 0x01, 0xf1, 0x01, 0xf1, 0x01, 0xf1,
    0x01, 0xf1, 0x01, 0xf1, 0x01, 0xf1, 0x01, 0xf1, 0x01, 0xf1, 0x01, 0xf1, 0x01, 0xf1, 0x01, 0xf1,
    0x01, 0xf1, 0x01, 0xf1, 0x01, 0xf0, 0x01, 0xf1, 0x01, 0xf1, 0x01, 0xf1, 0x01, 0xf1, 0x01, 0xf1,
    0x01, 0xf0, 0x01, 0xf0, 0x01, 0xf0, 0x01, 0xf0, 0x01, 0xf0, 0x01, 0xf1, 0x01, 0xf1, 0x01, 0xf1,
    0x02, 0xf1, 0x02, 0xf1, 0x02, 0xf1, 0x02, 0xf1, 0x02, 0xf1, 0x02, 0xf1, 0x02, 0xf1, 0x02, 0xf1,
    0x02, 0xf1, 0x02, 0xf1, 0x02, 0xf1, 0x02, 0xf1, 0x02, 0xf1, 0x02, 0xf1, 0x02, 0xf1, 0x02, 0xf1,
    0x02, 0xf1, 0x02, 0xf1, 0x02, 0xf1, 0x02, 0xf1, 0x02, 0xf1, 0x02, 0xf1, 0x13, 0xf1, 0x02, 0xf1,
    0x02, 0xf1, 0x02, 0xf1, 0x02, 0xf1, 0x02, 0xf1, 0x02, 0xf1, 0x02, 0xf1, 0x02, 0xf1, 0x02, 0xf1,
    0x02, 0xf1, 0x01, 0xf1, 0x01, 0xf1, 0x01, 0xf1, 0x01, 0xf1, 0x02, 0xf1, 0x01, 0xf1, 0x01, 0xf1,
    0x01, 0xf1, 0x01, 0xf1, 0x02, 0xf1, 0x02, 0xf1, 0x02, 0xf1, 0x01, 0xf1, 0x01, 0xf1, 0x01, 0xf1,
    0x01, 0xf1, 0x01, 0xf1, 0x01, 0xf1, 0x01, 0xf1, 0x01, 0xf1, 0x01, 0xf1, 0x01, 0xf1, 0x01, 0xf1,
    0x01, 0xf1, 0x01, 0xf1, 0x01, 0xf1, 0x01, 0xf1, 0x01, 0xf1, 0x01, 0xf1, 0x01, 0xf1, 0x01, 0xf1,
    0x01, 0xf1, 0x01, 0xf1, 0x01, 0xf1, 0x01, 0xf1, 0x01, 0xf1, 0x01, 0xf1, 0x01, 0xf1, 0x01, 0xf1,
    0x01, 0xf1, 0x01, 0xf1, 0x01, 0xf1, 0x01, 0xf1, 0x01, 0xf1, 0x01, 0xf1, 0x01, 0xf1, 0x01, 0xf1,
    0x01, 0xf1, 0x01, 0xf1, 0x01, 0xf1, 0x01, 0xf1, 0x01, 0xf1, 0x01, 0xf1, 0x01, 0xf1, 0x01, 0xf1,
    0x01, 0xf1, 0x01, 0xf1, 0x01, 0xf1, 0x01, 0xf1, 0x01, 0xf1, 0x01, 0xf1, 0x01, 0xf1, 0x01, 0xf1,
    0x01, 0xf1, 0x01, 0xf1, 0x01, 0xf1, 0x01, 0xf1, 0x01, 0xf1, 0x01, 0xf1, 0x01, 0xf1, 0x01, 0xf1,
    0x01, 0xf1, 0x01, 0xf1, 0x01, 0xf1, 0x01, 0xf1, 0x01, 0xf1, 0x01, 0xf1, 0x01, 0xf1, 0x01, 0xf1,
    0x01, 0xf1, 0x01, 0xf1, 0x01, 0xf1, 0x01, 0xf1, 0x01, 0xf1, 0x01, 0xf1, 0x01, 0xf1, 0x01, 0xf1,
    0x01, 0xf1, 0x01, 0xf1, 0x01, 0xf1, 0x01, 0xf1, 0x01, 0xf1, 0x01, 0xf1, 0x01, 0xf1, 0x01, 0xf1,
    0x01, 0xf1, 0x01, 0xf1, 0x01, 0xf1, 0x01, 0xf1, 0x01, 0xf1, 0x01, 0xf1, 0x01, 0xf1, 0x01, 0xf1,
    0x01, 0xf1, 0x01, 0xf1, 0x01, 0xf1, 0x01, 0xf1, 0x01, 0xf1, 0x01, 0xf1, 0x01, 0xf1, 0x01, 0xf1,
    0x01, 0xf1, 0x01, 0xf1, 0x01, 0xf1, 0x01, 0xf1, 0x01, 0xf1, 0x01, 0xf1, 0x01, 0xf1, 0x01, 0xf1,
    0x01, 0xf1, 0x01, 0xf1, 0x01, 0xf1, 0x01, 0xf1, 0x01, 0xf1, 0x01, 0xf1, 0x01, 0xf1, 0x01, 0xf1,
    0x01, 0xf1, 0x01, 0xf1, 0x01, 0xf1, 0x01, 0xf1, 0x01, 0xf1, 0x01, 0xf1, 0x01, 0xf1, 0x01, 0xf1,
    0x01, 0xf1, 0x01, 0xf1, 0x01, 0xf1, 0x01, 0xf1, 0x01, 0xf1, 0x01, 0xf1, 0x01, 0xf1, 0x01, 0xf1,
    0x01, 0xf1, 0x01, 0xf1, 0x01, 0xf1, 0x01, 0xf1, 0x01, 0xf1, 0x01, 0xf1, 0x01, 0xf1, 0x01, 0xf1,
    0x01, 0xf1, 0x01, 0xf1, 0x01, 0xf1, 0x01, 0xf1, 0x01, 0xf1, 0x01, 0xf1, 0x01, 0xf1, 0x01, 0xf1,
    0x01, 0xf1, 0x01, 0xf1, 0x01, 0xf1, 0x01, 0xf1, 0x01, 0xf1, 0x01, 0xf1, 0x01, 0xf1, 0x02, 0xf1,
    0x02, 0xf1, 0x01, 0xf1, 0x01, 0xf1, 0x02, 0xf1, 0x01, 0xf1, 0x01, 0xf1, 0x02, 0xf1, 0x01, 0xf1,
    0x01, 0xf1, 0x01, 0xf1, 0x01, 0xf1, 0x01, 0xf1, 0x01, 0xf1, 0x01, 0xf1, 0x01, 0xf1, 0x01, 0xf1,
    0x01, 0xf1, 0x01, 0xf1, 0x01, 0xf1, 0x01, 0xf1, 0x01, 0xf1, 0x01, 0xf1, 0x01, 0xf1, 0x01, 0xf1,
    0x01, 0xf1, 0x01, 0xf1, 0x01, 0xf1, 0x01, 0xf1, 0x01, 0xf1, 0x01, 0xf1, 0x01, 0xf1, 0x01, 0xf1,
    0x01, 0xf1, 0x01, 0xf1, 0x01, 0xf1, 0x01, 0xf0, 0x01, 0xf1, 0x01, 0xf0, 0x01, 0xf1, 0x01, 0xf1,
    0x02, 0xf1, 0x02, 0xf1, 0x02, 0xf1, 0x02, 0xf1, 0x02, 0xf1, 0x02, 0xf1, 0x02, 0xf1, 0x02, 0xf1,
    0x02, 0xf1, 0x02, 0xf1, 0x12, 0xf1, 0x02, 0xf1, 0x02, 0xf1, 0x02, 0xf1, 0x02, 0xf1, 0x13, 0xf1,
    0x35, 0xf2, 0x13, 0xf1, 0x02, 0xf1, 0x02, 0xf1, 0x02, 0xf1, 0x02, 0xf1, 0x02, 0xf1, 0x02, 0xf1,
    0x02, 0xf1, 0x02, 0xf1, 0x02, 0xf1, 0x02, 0xf1, 0x02, 0xf1, 0x02, 0xf1, 0x02, 0xf1, 0x02, 0xf1,
    0x02, 0xf1, 0x02, 0xf1, 0x01, 0xf1, 0x02, 0xf1, 0x02, 0xf1, 0x02, 0xf1, 0x02, 0xf1, 0x01, 0xf1,
    0x02, 0xf1, 0x02, 0xf1, 0x02, 0xf1, 0x02, 0xf1, 0x02, 0xf1, 0x02, 0xf1, 0x02, 0xf1, 0x01, 0xf1,
    0x01, 0xf1, 0x01, 0xf1, 0x01, 0xf1, 0x01, 0xf1, 0x01, 0xf1, 0x01, 0xf1, 0x01, 0xf1, 0x01, 0xf1,
    0x01, 0xf1, 0x01, 0xf1, 0x01, 0xf1, 0x01, 0xf1, 0x01, 0xf1, 0x01, 0xf1, 0x01, 0xf1, 0x01, 0xf1,
    0x01, 0xf1, 0x01, 0xf1, 0x01, 0xf1, 0x01, 0xf1, 0x01, 0xf1, 0x01, 0xf1, 0x01, 0xf1, 0x02, 0xf1,
    0x01, 0xf1, 0x01, 0xf1, 0x01, 0xf1, 0x01, 0xf1, 0x01, 0xf1, 0x01, 0xf1, 0x13, 0xf1, 0x13, 0xf1,
    0x02, 0xf1, 0x01, 0xf1, 0x01, 0xf1, 0x01, 0xf1, 0x01, 0xf1, 0x01, 0xf1, 0x01, 0xf1, 0x01, 0xf1,
    0x01, 0xf1, 0x01, 0xf1, 0x01, 0xf1, 0x01, 0xf1, 0x01, 0xf1, 0x01, 0xf1, 0x01, 0xf1, 0x01, 0xf1,
    0x01, 0xf1, 0x01, 0xf1, 0x01, 0xf1, 0x01, 0xf1, 0x01, 0xf1, 0x01, 0xf1, 0x01, 0xf1, 0x01, 0xf1,
    0x01, 0xf1, 0x01, 0xf1, 0x01, 0xf1, 0x01, 0xf1, 0x01, 0xf1, 0x01, 0xf1, 0x01, 0xf1, 0x01, 0xf1,
    0x01, 0xf1, 0x02, 0xf1, 0x01, 0xf1, 0x01, 0xf1, 0x01, 0xf1, 0x01, 0xf1, 0x01, 0xf1, 0x01, 0xf1,
    0x01, 0xf1, 0x01, 0xf1, 0x01, 0xf1, 0x01, 0xf1, 0x01, 0xf1, 0x01, 0xf1, 0x01, 0xf1, 0x01, 0xf1,
    0x01, 0xf1, 0x01, 0xf1, 0x01, 0xf1, 0x01, 0xf1, 0x01, 0xf1, 0x01, 0xf1, 0x01, 0xf1, 0x01, 0xf1,
    0x01, 0xf1, 0x01, 0xf1, 0x01, 0xf1, 0x01, 0xf1, 0x01, 0xf1, 0x01, 0xf1, 0x01, 0xf1, 0x01, 0xf1,
    0x01, 0xf1, 0x01, 0xf1, 0x01, 0xf1, 0x01, 0xf1, 0x01, 0xf1, 0x01, 0xf1, 0x01, 0xf1, 0x01, 0xf1,
    0x01, 0xf1, 0x01, 0xf1, 0x01, 0xf1, 0x01, 0xf1, 0x01, 0xf1, 0x01, 0xf1, 0x01, 0xf1, 0x01, 0xf1,
    0x01, 0xf1, 0x01, 0xf1, 0x01, 0xf1, 0x01, 0xf1, 0x01, 0xf1, 0x01, 0xf1, 0x01, 0xf1, 0x01, 0xf1,
    0x01, 0xf1, 0x01, 0xf1, 0x01, 0xf1, 0x01, 0xf1, 0x01, 0xf1, 0x01, 0xf1, 0x01, 0xf1, 0x01, 0xf1,
    0x01, 0xf1, 0x01, 0xf1, 0x01, 0xf1, 0x01, 0xf1, 0x02, 0xf1, 0x02, 0xf1, 0x01, 0xf1, 0x01, 0xf1,
    0x01, 0xf1, 0x01, 0xf1, 0x01, 0xf1, 0x01, 0xf1, 0x01, 0xf1, 0x01, 0xf1, 0x01, 0xf1, 0x01, 0xf1,
    0x01, 0xf1, 0x01, 0xf1, 0x01, 0xf1, 0x01, 0xf1, 0x01, 0xf1, 0x01, 0xf1, 0x01, 0xf1, 0x01, 0xf1,
    0x02, 0xf1, 0x24, 0xf2, 0x24, 0xf2, 0x01, 0xf1, 0x01, 0xf1, 0x01, 0xf1, 0x01, 0xf1, 0x02, 0xf1,
    0x01, 0xf1, 0x01, 0xf1, 0x01, 0xf1, 0x01, 0xf1, 0x01, 0xf1, 0x01, 0xf1, 0x01, 0xf1, 0x01, 0xf1,
    0x01, 0xf1, 0x01, 0xf1, 0x01, 0xf1, 0x01, 0xf1, 0x01, 0xf1, 0x01, 0xf1, 0x01, 0xf1, 0x01, 0xf1,
    0x01, 0xf1, 0x01, 0xf1, 0x01, 0xf1, 0x01, 0xf1, 0x01, 0xf1, 0x01, 0xf1, 0x01, 0xf1, 0x01, 0xf1,
    0x01, 0xf1, 0x01, 0xf1, 0x01, 0xf1, 0x01, 0xf0, 0x01, 0xf0, 0x01, 0xf0, 0x01, 0xf0, 0x01, 0xf1,
    0x02, 0xf1, 0x12, 0xf1, 0x13, 0xf1, 0x13, 0xf1, 0x03, 0xf1, 0x02, 0xf1, 0x02, 0xf1, 0x02, 0xf1,
    0x02, 0xf1, 0x02, 0xf1, 0x02, 0xf1, 0x02, 0xf1, 0x02, 0xf1, 0x02, 0xf1, 0x02, 0xf1, 0x02, 0xf1,
    0x14, 0xf2, 0x02, 0xf1, 0x02, 0xf1, 0x02, 0xf1, 0x02, 0xf1, 0x13, 0xf1, 0x02, 0xf1, 0x02, 0xf1,
    0x02, 0xf1, 0x02, 0xf1, 0x02, 0xf1, 0x02, 0xf1, 0x02, 0xf1, 0x02, 0xf1, 0x02, 0xf1, 0x02, 0xf1,
    0x02, 0xf1, 0x02, 0xf1, 0x02, 0xf1, 0x02, 0xf1, 0x02, 0xf1, 0x02, 0xf1, 0x02, 0xf1, 0x02, 0xf1,
    0x02, 0xf1, 0x02, 0xf1, 0x02, 0xf1, 0x02, 0xf1, 0x02, 0xf1, 0x02, 0xf1, 0x02, 0xf1, 0x02, 0xf1,
    0x01, 0xf1, 0x01, 0xf1, 0x01, 0xf1, 0x01, 0xf1, 0x01, 0xf1, 0x01, 0xf1, 0x01, 0xf1, 0x01, 0xf1,
    0x01, 0xf1, 0x01, 0xf1, 0x01, 0xf1, 0x01, 0xf1, 0x01, 0xf1, 0x01, 0xf1, 0x01, 0xf1, 0x01, 0xf1,
    0x01, 0xf1, 0x01, 0xf1, 0x01, 0xf1, 0x01, 0xf1, 0x01, 0xf1, 0x01, 0xf1, 0x01, 0xf1, 0x01, 0xf1,
    0x01, 0xf1, 0x01, 0xf1, 0x01, 0xf1, 0x01, 0xf1, 0x01, 0xf1, 0x01, 0xf1, 0x12, 0xf1, 0x13, 0xf1,
    0x02, 0xf1, 0x01, 0xf1, 0x01, 0xf1, 0x02, 0xf1, 0x01, 0xf1, 0x01, 0xf1, 0x01, 0xf1, 0x01, 0xf1,
    0x01, 0xf1, 0x01, 0xf1, 0x01, 0xf1, 0x01, 0xf1, 0x01, 0xf1, 0x01, 0xf1, 0x01, 0xf1, 0x01, 0xf1,
    0x01, 0xf1, 0x01, 0xf1, 0x02, 0xf1, 0x02, 0xf1, 0x01, 0xf1, 0x01, 0xf1, 0x01, 0xf1, 0x01, 0xf1,
    0x01, 0xf1, 0x01, 0xf1, 0x01, 0xf1, 0x01, 0xf1, 0x01, 0xf1, 0x01, 0xf1, 0x01, 0xf1, 0x01, 0xf1,
    0x01, 0xf1, 0x01, 0xf1, 0x01, 0xf1, 0x01, 0xf1, 0x01, 0xf1, 0x01, 0xf1, 0x01, 0xf1, 0x01, 0xf1,
    0x01, 0xf1, 0x01, 0xf1, 0x01, 0xf1, 0x01, 0xf1, 0x01, 0xf1, 0x01, 0xf1, 0x01, 0xf1, 0x01, 0xf1,
    0x01, 0xf1, 0x01, 0xf1, 0x01, 0xf1, 0x01, 0xf1, 0x01, 0xf1, 0x01, 0xf1, 0x01, 0xf1, 0x01, 0xf1,
    0x01, 0xf1, 0x01, 0xf1, 0x01, 0xf1, 0x01, 0xf1, 0x01, 0xf1, 0x01, 0xf1, 0x02, 0xf1, 0x01, 0xf1,
    0x01, 0xf1, 0x01, 0xf1, 0x01, 0xf1, 0x01, 0xf1, 0x01, 0xf1, 0x01, 0xf1, 0x01, 0xf1, 0x01, 0xf1,
    0x01, 0xf1, 0x01, 0xf1, 0x01, 0xf1, 0x01, 0xf1, 0x01, 0xf1, 0x01, 0xf1, 0x01, 0xf1, 0x01, 0xf1,
    0x01, 0xf1, 0x01, 0xf1, 0x01, 0xf1, 0x01, 0xf1, 0x01, 0xf1, 0x01, 0xf1, 0x01, 0xf1, 0x01, 0xf1,
    0x01, 0xf1, 0x01, 0xf1, 0x01, 0xf1, 0x01, 0xf1, 0x01, 0xf1, 0x01, 0xf1, 0x01, 0xf1, 0x01, 0xf1,
    0x01, 0xf1, 0x01, 0xf1, 0x01, 0xf1, 0x02, 0xf1, 0x12, 0xf1, 0x02, 0xf1, 0x01, 0xf1, 0x01, 0xf1,
    0x01, 0xf1, 0x01, 0xf1, 0x01, 0xf1, 0x01, 0xf1, 0x01, 0xf1, 0x01, 0xf1, 0x01, 0xf1, 0x01, 0xf1,
    0x01, 0xf1, 0x01, 0xf1, 0x01, 0xf1, 0x01, 0xf1, 0x01, 0xf1, 0x01, 0xf1, 0x01, 0xf1, 0x01, 0xf1,
    0x02, 0xf1, 0x24, 0xf2, 0x24, 0xf2, 0x01, 0xf1, 0x01, 0xf1, 0x01, 0xf1, 0x01, 0xf1, 0x01, 0xf1,
    0x01, 0xf1, 0x01, 0xf1, 0x01, 0xf1, 0x01, 0xf1, 0x01, 0xf1, 0x01, 0xf1, 0x01, 0xf1, 0x01, 0xf1,
    0x01, 0xf1, 0x01, 0xf1, 0x01, 0xf1, 0x01, 0xf1, 0x01, 0xf1, 0x01, 0xf1, 0x01, 0xf1, 0x01, 0xf1,
    0x01, 0xf1, 0x01, 0xf1, 0x01, 0xf1, 0x01, 0xf1, 0x01, 0xf1, 0x01, 0xf1, 0x01, 0xf1, 0x01, 0xf1,
    0x01, 0xf1, 0x01, 0xf1, 0x01, 0xf1, 0x01, 0xf1, 0x01, 0xf1, 0x01, 0xf0, 0x01, 0xf0, 0x01, 0xf1,
    0x02, 0xf1, 0x24, 0xf2, 0x24, 0xf2, 0x02, 0xf1, 0x13, 0xf1, 0x13, 0xf1, 0x02, 0xf1, 0x02, 0xf1,
    0x02, 0xf1, 0x02, 0xf1, 0x02, 0xf1, 0x02, 0xf1, 0x02, 0xf1, 0x02, 0xf1, 0x02, 0xf1, 0x02, 0xf1,
    0x02, 0xf1, 0x02, 0xf1, 0x02, 0xf1, 0x02, 0xf1, 0x02, 0xf1, 0x23, 0xf2, 0x02, 0xf1, 0x02, 0xf1,
    0x02, 0xf1, 0x02, 0xf1, 0x02, 0xf1, 0x02, 0xf1, 0x02, 0xf1, 0x02, 0xf1, 0x02, 0xf1, 0x02, 0xf1,
    0x02, 0xf1, 0x02, 0xf1, 0x02, 0xf1, 0x02, 0xf1, 0x02, 0xf1, 0x02, 0xf1, 0x02, 0xf1, 0x02, 0xf1,
    0x02, 0xf1, 0x02, 0xf1, 0x01, 0xf1, 0x02, 0xf1, 0x02, 0xf1, 0x02, 0xf1, 0x02, 0xf1, 0x02, 0xf1,
    0x02, 0xf1, 0x01, 0xf1, 0x01, 0xf1, 0x01, 0xf1, 0x01, 0xf1, 0x01, 0xf1, 0x01, 0xf1, 0x01, 0xf1,
    0x01, 0xf1, 0x01, 0xf1, 0x01, 0xf1, 0x01, 0xf1, 0x01, 0xf1, 0x01, 0xf1, 0x01, 0xf1, 0x01, 0xf1,
    0x01, 0xf1, 0x01, 0xf1, 0x01, 0xf1, 0x01, 0xf1, 0x01, 0xf1, 0x01, 0xf1, 0x01, 0xf1, 0x01, 0xf1,
    0x01, 0xf1, 0x01, 0xf1, 0x01, 0xf1, 0x01, 0xf1, 0x01, 0xf1, 0x01, 0xf1, 0x01, 0xf1, 0x01, 0xf1,
    0x01, 0xf1, 0x01, 0xf1, 0x01, 0xf1, 0x01, 0xf1, 0x02, 0xf1, 0x01, 0xf1, 0x01, 0xf1, 0x01, 0xf1,
    0x01, 0xf1, 0x01, 0xf1, 0x01, 0xf1, 0x01, 0xf1, 0x01, 0xf1, 0x01, 0xf1, 0x01, 0xf1, 0x01, 0xf1,
    0x01, 0xf1, 0x01, 0xf1, 0x02, 0xf1, 0x02, 0xf1, 0x01, 0xf1, 0x01, 0xf1, 0x01, 0xf1, 0x01, 0xf1,
    0x01, 0xf1, 0x01, 0xf1, 0x01, 0xf1, 0x01, 0xf1, 0x01, 0xf1, 0x01, 0xf1, 0x01, 0xf1, 0x01, 0xf1,
    0x01, 0xf1, 0x01, 0xf1, 0x01, 0xf1, 0x01, 0xf1, 0x01, 0xf1, 0x01, 0xf1, 0x01, 0xf1, 0x01, 0xf1,
    0x01, 0xf1, 0x01, 0xf1, 0x01, 0xf1, 0x01, 0xf1, 0x01, 0xf1, 0x01, 0xf1, 0x01, 0xf1, 0x01, 0xf1,
    0x01, 0xf1, 0x01, 0xf1, 0x01, 0xf1, 0x01, 0xf1, 0x01, 0xf1, 0x01, 0xf1, 0x01, 0xf1, 0x01, 0xf1,
    0x01, 0xf1, 0x01, 0xf1, 0x01, 0xf1, 0x01, 0xf1, 0x01, 0xf1, 0x01, 0xf1, 0x02, 0xf1, 0x01, 0xf1,
    0x01, 0xf1, 0x01, 0xf1, 0x01, 0xf1, 0x01, 0xf1, 0x01, 0xf1, 0x01, 0xf1, 0x01, 0xf1, 0x01, 0xf1,
    0x01, 0xf1, 0x01, 0xf1, 0x01, 0xf1, 0x01, 0xf1, 0x01, 0xf1, 0x01, 0xf1, 0x01, 0xf1, 0x01, 0xf1,
    0x01, 0xf1, 0x01, 0xf1, 0x01, 0xf1, 0x01, 0xf1, 0x01, 0xf1, 0x01, 0xf1, 0x01, 0xf1, 0x01, 0xf1,
    0x01, 0xf1, 0x02, 0xf1, 0x12, 0xf1, 0x01, 0xf1, 0x01, 0xf1, 0x01, 0xf1, 0x01, 0xf1, 0x01, 0xf1,
    0x01, 0xf1, 0x01, 0xf1, 0x01, 0xf1, 0x02, 0xf1, 0x13, 0xf1, 0x02, 0xf1, 0x01, 0xf1, 0x01, 0xf1,
    0x01, 0xf1, 0x01, 0xf1, 0x01, 0xf1, 0x01, 0xf1, 0x01, 0xf1, 0x01, 0xf1, 0x01, 0xf1, 0x01, 0xf1,
    0x01, 0xf1, 0x01, 0xf1, 0x01, 0xf1, 0x01, 0xf1, 0x01, 0xf1, 0x01, 0xf1, 0x01, 0xf1, 0x01, 0xf1,
    0x01, 0xf1, 0x01, 0xf1, 0x01, 0xf1, 0x01, 0xf1, 0x01, 0xf1, 0x01, 0xf1, 0x01, 0xf1, 0x01, 0xf1,
    0x01, 0xf1, 0x01, 0xf1, 0x01, 0xf1, 0x01, 0xf1, 0x01, 0xf1, 0x01, 0xf1, 0x01, 0xf1, 0x01, 0xf1,
    0x01, 0xf1, 0x01, 0xf1, 0x01, 0xf1, 0x01, 0xf1, 0x01, 0xf1, 0x01, 0xf1, 0x01, 0xf1, 0x01, 0xf1,
    0x01, 0xf1, 0x01, 0xf1, 0x01, 0xf1, 0x01, 0xf1, 0x01, 0xf1, 0x01, 0xf1, 0x01, 0xf1, 0x01, 0xf1,
    0x01, 0xf1, 0x01, 0xf1, 0x01, 0xf1, 0x01, 0xf1, 0x01, 0xf1, 0x01, 0xf1, 0x01, 0xf0, 0x01, 0xf1,
    0x02, 0xf1, 0x02, 0xf1, 0x02, 0xf1, 0x02, 0xf1, 0x02, 0xf1, 0x12, 0xf1, 0x02, 0xf1, 0x02, 0xf1,
    0x02, 0xf1, 0x02, 0xf1, 0x13, 0xf1, 0x02, 0xf1, 0x02, 0xf1, 0x02, 0xf1, 0x02, 0xf1, 0x02, 0xf1,
    0x02, 0xf1, 0x02, 0xf1, 0x02, 0xf1, 0x02, 0xf1, 0x02, 0xf1, 0x02, 0xf1, 0x02, 0xf1, 0x02, 0xf1,
    0x02, 0xf1, 0x02, 0xf1, 0x02, 0xf1, 0x02, 0xf1, 0x02, 0xf1, 0x02, 0xf1, 0x02, 0xf1, 0x02, 0xf1,
    0x02, 0xf1, 0x02, 0xf1, 0x02, 0xf1, 0x02, 0xf1, 0x02, 0xf1, 0x02, 0xf1, 0x02, 0xf1, 0x02, 0xf1,
    0x02, 0xf1, 0x02, 0xf1, 0x02, 0xf1, 0x02, 0xf1, 0x02, 0xf1, 0x02, 0xf1, 0x02, 0xf1, 0x02, 0xf1,
    0x01, 0xf1, 0x01, 0xf1, 0x01, 0xf1, 0x01, 0xf1, 0x01, 0xf1, 0x01, 0xf1, 0x01, 0xf1, 0x01, 0xf1,
    0x01, 0xf1, 0x01, 0xf1, 0x01, 0xf1, 0x01, 0xf1, 0x01, 0xf1, 0x01, 0xf1, 0x01, 0xf1, 0x01, 0xf1,
    0x01, 0xf1, 0x01, 0xf1, 0x01, 0xf1, 0x01, 0xf1, 0x01, 0xf1, 0x01, 0xf1, 0x01, 0xf1, 0x01, 0xf1,
    0x01, 0xf1, 0x01, 0xf1, 0x01, 0xf1, 0x01, 0xf1, 0x01, 0xf1, 0x01, 0xf1, 0x01, 0xf1, 0x01, 0xf1,
    0x01, 0xf1, 0x01, 0xf1, 0x01, 0xf1, 0x01, 0xf1, 0x01, 0xf1, 0x01, 0xf1, 0x01, 0xf1, 0x01, 0xf1,
    0x01, 0xf1, 0x01, 0xf1, 0x01, 0xf1, 0x01, 0xf1, 0x01, 0xf1, 0x01, 0xf1, 0x01, 0xf1, 0x01, 0xf1,
    0x01, 0xf1, 0x01, 0xf1, 0x01, 0xf1, 0x01, 0xf1, 0x01, 0xf1, 0x01, 0xf1, 0x01, 0xf1, 0x01, 0xf1,
    0x01, 0xf1, 0x01, 0xf1, 0x01, 0xf1, 0x01, 0xf1, 0x01, 0xf1, 0x01, 0xf1, 0x01, 0xf1, 0x01, 0xf1,
    0x01, 0xf1, 0x01, 0xf1, 0x01, 0xf1, 0x01, 0xf1, 0x01, 0xf1, 0x01, 0xf1, 0x01, 0xf1, 0x01, 0xf1,
    0x01, 0xf1, 0x01, 0xf1, 0x01, 0xf1, 0x01, 0xf1, 0x01, 0xf1, 0x01, 0xf1, 0x01, 0xf1, 0x01, 0xf1,
    0x01, 0xf1, 0x01, 0xf1, 0x01, 0xf1, 0x01, 0xf1, 0x01, 0xf1, 0x01, 0xf1, 0x01, 0xf1, 0x01, 0xf1,
    0x01, 0xf1, 0x01, 0xf1, 0x01, 0xf1, 0x01, 0xf1, 0x01, 0xf1, 0x01, 0xf1, 0x01, 0xf1, 0x01, 0xf1,
    0x01, 0xf1, 0x01, 0xf1, 0x01, 0xf1, 0x01, 0xf1, 0x01, 0xf1, 0x01, 0xf1, 0x01, 0xf1, 0x01, 0xf1,
    0x01, 0xf1, 0x01, 0xf1, 0x01, 0xf1, 0x01, 0xf1, 0x01, 0xf1, 0x01, 0xf1, 0x01, 0xf1, 0x01, 0xf1,
    0x01, 0xf1, 0x01, 0xf1, 0x01, 0xf1, 0x01, 0xf1, 0x01, 0xf1, 0x01, 0xf1, 0x01, 0xf1, 0x01, 0xf1,
    0x01, 0xf1, 0x12, 0xf1, 0x12, 0xf1, 0x01, 0xf1, 0x01, 0xf1, 0x01, 0xf1, 0x01, 0xf1, 0x01, 0xf1,
    0x01, 0xf1, 0x01, 0xf1, 0x01, 0xf1, 0x01, 0xf1, 0x02, 0xf1, 0x02, 0xf1, 0x01, 0xf1, 0x01, 0xf1,
    0x01, 0xf1, 0x01, 0xf1, 0x01, 0xf1, 0x01, 0xf1, 0x01, 0xf1, 0x01, 0xf1, 0x01, 0xf1, 0x01, 0xf1,
    0x01, 0xf1, 0x01, 0xf1, 0x01, 0xf1, 0x01, 0xf1, 0x01, 0xf1, 0x01, 0xf1, 0x01, 0xf1, 0x01, 0xf1,
    0x01, 0xf1, 0x01, 0xf1, 0x01, 0xf1, 0x02, 0xf1, 0x02, 0xf1, 0x01, 0xf1, 0x01, 0xf1, 0x01, 0xf1,
    0x01, 0xf1, 0x01, 0xf1, 0x01, 0xf1, 0x01, 0xf1, 0x01, 0xf1, 0x01, 0xf1, 0x01, 0xf1, 0x01, 0xf1,
    0x01, 0xf1, 0x01, 0xf1, 0x01, 0xf1, 0x01, 0xf1, 0x01, 0xf1, 0x01, 0xf1, 0x01, 0xf1, 0x01, 0xf1,
    0x01, 0xf1, 0x01, 0xf1, 0x01, 0xf1, 0x01, 0xf1, 0x01, 0xf1, 0x01, 0xf1, 0x01, 0xf1, 0x01, 0xf1,
    0x01, 0xf1, 0x01, 0xf1, 0x01, 0xf1, 0x01, 0xf1, 0x01, 0xf1, 0x01, 0xf0, 0x01, 0xf1, 0x01, 0xf1,
    0x02, 0xf1, 0x02, 0xf1, 0x02, 0xf1, 0x02, 0xf1, 0x02, 0xf1, 0x02, 0xf1, 0x02, 0xf1, 0x02, 0xf1,
    0x02, 0xf1, 0x02, 0xf1, 0x02, 0xf1, 0x02, 0xf1, 0x02, 0xf1, 0x02, 0xf1, 0x02, 0xf1, 0x02, 0xf1,
    0x02, 0xf1, 0x02, 0xf1, 0x02, 0xf1, 0x02, 0xf1, 0x02, 0xf1, 0x02, 0xf1, 0x02, 0xf1, 0x02, 0xf1,
    0x02, 0xf1, 0x02, 0xf1, 0x02, 0xf1, 0x02, 0xf1, 0x02, 0xf1, 0x02, 0xf1, 0x02, 0xf1, 0x02, 0xf1,
    0x02, 0xf1, 0x02, 0xf1, 0x02, 0xf1, 0x02, 0xf1, 0x02, 0xf1, 0x02, 0xf1, 0x02, 0xf1, 0x02, 0xf1,
    0x02, 0xf1, 0x02, 0xf1, 0x02, 0xf1, 0x02, 0xf1, 0x02, 0xf1, 0x02, 0xf1, 0x02, 0xf1, 0x01, 0xf1,
    0x01, 0xf1, 0x01, 0xf1, 0x01, 0xf1, 0x01, 0xf1, 0x01, 0xf1, 0x01, 0xf1, 0x01, 0xf1, 0x01, 0xf1,
    0x01, 0xf1, 0x01, 0xf1, 0x01, 0xf1, 0x01, 0xf1, 0x01, 0xf1, 0x01, 0xf1, 0x01, 0xf1, 0x01, 0xf1,
    0x01, 0xf1, 0x01, 0xf1, 0x01, 0xf1, 0x01, 0xf1, 0x01, 0xf1, 0x01, 0xf1, 0x01, 0xf1, 0x01, 0xf1,
    0x01, 0xf1, 0x01, 0xf1, 0x01, 0xf1, 0x01, 0xf1, 0x01, 0xf1, 0x01, 0xf1, 0x01, 0xf1, 0x01, 0xf1,
    0x01, 0xf1, 0x01, 0xf1, 0x01, 0xf1, 0x01, 0xf1, 0x01, 0xf1, 0x02, 0xf1, 0x01, 0xf1, 0x01, 0xf1,
    0x01, 0xf1, 0x01, 0xf1, 0x01, 0xf1, 0x01, 0xf1, 0x01, 0xf1, 0x01, 0xf1, 0x01, 0xf1, 0x01, 0xf1,
    0x01, 0xf1, 0x01, 0xf1, 0x01, 0xf1, 0x01, 0xf1, 0x01, 0xf1, 0x01, 0xf1, 0x02, 0xf1, 0x01, 0xf1,
    0x01, 0xf1, 0x01, 0xf1, 0x01, 0xf1, 0x01, 0xf1, 0x01, 0xf1, 0x01, 0xf1, 0x01, 0xf1, 0x01, 0xf1,
    0x01, 0xf1, 0x01, 0xf1, 0x01, 0xf1, 0x01, 0xf1, 0x01, 0xf1, 0x01, 0xf1, 0x01, 0xf1, 0x01, 0xf1,
    0x01, 0xf1, 0x01, 0xf1, 0x01, 0xf1, 0x01, 0xf1, 0x01, 0xf1, 0x01, 0xf1, 0x01, 0xf1, 0x01, 0xf1,
    0x01, 0xf1, 0x01, 0xf1, 0x01, 0xf1, 0x01, 0xf1, 0x01, 0xf1, 0x01, 0xf1, 0x01, 0xf1, 0x01, 0xf1,
    0x01, 0xf1, 0x01, 0xf1, 0x01, 0xf1, 0x01, 0xf1, 0x01, 0xf1, 0x01, 0xf1, 0x01, 0xf1, 0x01, 0xf1,
    0x01, 0xf1, 0x01, 0xf1, 0x01, 0xf1, 0x01, 0xf1, 0x01, 0xf1, 0x01, 0xf1, 0x01, 0xf1, 0x01, 0xf1,
    0x01, 0xf1, 0x01, 0xf1, 0x01, 0xf1, 0x01, 0xf1, 0x01, 0xf1, 0x01, 0xf1, 0x01, 0xf1, 0x01, 0xf1,
    0x01, 0xf1, 0x01, 0xf1, 0x01, 0xf1, 0x01, 0xf1, 0x01, 0xf1, 0x01, 0xf1, 0x01, 0xf1, 0x01, 0xf1,
    0x02, 0xf1, 0x02, 0xf1, 0x01, 0xf1, 0x01, 0xf1, 0x01, 0xf1, 0x01, 0xf1, 0x01, 0xf1, 0x01, 0xf1,
    0x01, 0xf1, 0x01, 0xf1, 0x01, 0xf1, 0x01, 0xf1, 0x01, 0xf1, 0x01, 0xf1, 0x01, 0xf1, 0x01, 0xf1,
    0x01, 0xf1, 0x01, 0xf1, 0x01, 0xf1, 0x01, 0xf1, 0x01, 0xf1, 0x01, 0xf1, 0x01, 0xf1, 0x01, 0xf1,
    0x01, 0xf1, 0x01, 0xf1, 0x01, 0xf1, 0x01, 0xf1, 0x01, 0xf1, 0x01, 0xf1, 0x01, 0xf1, 0x02, 0xf1,
    0x02, 0xf1, 0x01, 0xf1, 0x01, 0xf1, 0x01, 0xf1, 0x02, 0xf1, 0x12, 0xf1, 0x02, 0xf1, 0x01, 0xf1,
    0x01, 0xf0, 0x01, 0xf0, 0x01, 0xf1, 0x01, 0xf1, 0x01, 0xf1, 0x01, 0xf1, 0x01, 0xf1, 0x01, 0xf1,
    0x01, 0xf1, 0x01, 0xf1, 0x01, 0xf1, 0x01, 0xf1, 0x01, 0xf1, 0x01, 0xf1, 0x01, 0xf1, 0x01, 0xf1,
    0x01, 0xf1, 0x01, 0xf1, 0x01, 0xf1, 0x01, 0xf1, 0x01, 0xf1, 0x01, 0xf1, 0x01, 0xf1, 0x01, 0xf1,
    0x01, 0xf1, 0x01, 0xf1, 0x01, 0xf1, 0x01, 0xf1, 0x01, 0xf1, 0x01, 0xf1, 0x01, 0xf1, 0x01, 0xf1,
    0x02, 0xf1, 0x02, 0xf1, 0x02, 0xf1, 0x02, 0xf1, 0x02, 0xf1, 0x02, 0xf1, 0x13, 0xf1, 0x02, 0xf1,
    0x02, 0xf1, 0x02, 0xf1, 0x02, 0xf1, 0x02, 0xf1, 0x02, 0xf1, 0x02, 0xf1, 0x02, 0xf1, 0x02, 0xf1,
    0x02, 0xf1, 0x02, 0xf1, 0x02, 0xf1, 0x02, 0xf1, 0x02, 0xf1, 0x02, 0xf1, 0x02, 0xf1, 0x02, 0xf1,
    0x02, 0xf1, 0x02, 0xf1, 0x02, 0xf1, 0x02, 0xf1, 0x02, 0xf1, 0x02, 0xf1, 0x02, 0xf1, 0x02, 0xf1,
    0x02, 0xf1, 0x02, 0xf1, 0x02, 0xf1, 0x02, 0xf1, 0x02, 0xf1, 0x02, 0xf1, 0x02, 0xf1, 0x02, 0xf1,
    0x02, 0xf1, 0x02, 0xf1, 0x01, 0xf1, 0x02, 0xf1, 0x02, 0xf1, 0x02, 0xf1, 0x02, 0xf1, 0x02, 0xf1,
    0x01, 0xf1, 0x01, 0xf1, 0x01, 0xf1, 0x02, 0xf1, 0x01, 0xf1, 0x01, 0xf1, 0x01, 0xf1, 0x01, 0xf1,
    0x01, 0xf1, 0x01, 0xf1, 0x01, 0xf1, 0x01, 0xf1, 0x01, 0xf1, 0x01, 0xf1, 0x01, 0xf1, 0x01, 0xf1,
    0x01, 0xf1, 0x01, 0xf1, 0x01, 0xf1, 0x01, 0xf1, 0x01, 0xf1, 0x01, 0xf1, 0x01, 0xf1, 0x01, 0xf1,
    0x01, 0xf1, 0x01, 0xf1, 0x01, 0xf1, 0x01, 0xf1, 0x01, 0xf1, 0x01, 0xf1, 0x01, 0xf1, 0x01, 0xf1,
    0x01, 0xf1, 0x01, 0xf1, 0x01, 0xf1, 0x01, 0xf1, 0x01, 0xf1, 0x01, 0xf1, 0x01, 0xf1, 0x01, 0xf1,
    0x01, 0xf1, 0x01, 0xf1, 0x01, 0xf1, 0x01, 0xf1, 0x01, 0xf1, 0x01, 0xf1, 0x01, 0xf1, 0x01, 0xf1,
    0x01, 0xf1, 0x01, 0xf1, 0x01, 0xf1, 0x01, 0xf1, 0x01, 0xf1, 0x01, 0xf1, 0x01, 0xf1, 0x01, 0xf1,
    0x01, 0xf1, 0x01, 0xf1, 0x01, 0xf1, 0x01, 0xf1, 0x01, 0xf1, 0x01, 0xf1, 0x01, 0xf1, 0x01, 0xf1,
    0x01, 0xf1, 0x01, 0xf1, 0x01, 0xf1, 0x01, 0xf1, 0x01, 0xf1, 0x01, 0xf1, 0x02, 0xf1, 0x02, 0xf1,
    0x01, 0xf1, 0x01, 0xf1, 0x01, 0xf1, 0x01, 0xf1, 0x01, 0xf1, 0x01, 0xf1, 0x01, 0xf1, 0x01, 0xf1,
    0x01, 0xf1, 0x01, 0xf1, 0x01, 0xf1, 0x01, 0xf1, 0x01, 0xf1, 0x01, 0xf1, 0x01, 0xf1, 0x01, 0xf1,
    0x01, 0xf1, 0x01, 0xf1, 0x01, 0xf1, 0x01, 0xf1, 0x01, 0xf1, 0x01, 0xf1, 0x01, 0xf1, 0x01, 0xf1,
    0x01, 0xf1, 0x01, 0xf1, 0x01, 0xf1, 0x01, 0xf1, 0x01, 0xf1, 0x01, 0xf1, 0x01, 0xf1, 0x01, 0xf1,
    0x01, 0xf1, 0x01, 0xf1, 0x01, 0xf1, 0x01, 0xf1, 0x01, 0xf1, 0x01, 0xf1, 0x01, 0xf1, 0x01, 0xf1,
    0x01, 0xf1, 0x01, 0xf1, 0x01, 0xf1, 0x01, 0xf1, 0x01, 0xf1, 0x01, 0xf1, 0x01, 0xf1, 0x01, 0xf1,
    0x01, 0xf1, 0x01, 0xf1, 0x01, 0xf1, 0x01, 0xf1, 0x01, 0xf1, 0x01, 0xf1, 0x01, 0xf1, 0x01, 0xf1,
    0x01, 0xf1, 0x01, 0xf1, 0x01, 0xf1, 0x01, 0xf1, 0x01, 0xf1, 0x01, 0xf1, 0x01, 0xf1, 0x01, 0xf1,
    0x01, 0xf1, 0x01, 0xf1, 0x01, 0xf1, 0x01, 0xf1, 0x01, 0xf1, 0x01, 0xf1, 0x01, 0xf1, 0x01, 0xf1,
    0x01, 0xf1, 0x01, 0xf1, 0x01, 0xf1, 0x01, 0xf1, 0x01, 0xf1, 0x01, 0xf1, 0x02, 0xf1, 0x02, 0xf1,
    0x02, 0xf1, 0x01, 0xf1, 0x01, 0xf1, 0x01, 0xf1, 0x01, 0xf1, 0x01, 0xf1, 0x02, 0xf1, 0x01, 0xf1,
    0x01, 0xf1, 0x01, 0xf1, 0x01, 0xf1, 0x01, 0xf1, 0x01, 0xf1, 0x01, 0xf1, 0x01, 0xf1, 0x01, 0xf1,
    0x01, 0xf1, 0x01, 0xf1, 0x01, 0xf1, 0x01, 0xf1, 0x01, 0xf1, 0x01, 0xf1, 0x01, 0xf1, 0x01, 0xf1,
    0x01, 0xf1, 0x01, 0xf1, 0x01, 0xf1, 0x01, 0xf1, 0x01, 0xf1, 0x01, 0xf1, 0x01, 0xf1, 0x01, 0xf1,
    0x01, 0xf1, 0x01, 0xf1, 0x01, 0xf1, 0x01, 0xf1, 0x01, 0xf1, 0x01, 0xf1, 0x01, 0xf1, 0x01, 0xf1,
    0x02, 0xf1, 0x02, 0xf1, 0x02, 0xf1, 0x02, 0xf1, 0x02, 0xf1, 0x02, 0xf1, 0x13, 0xf1, 0x02, 0xf1,
    0x02, 0xf1, 0x02, 0xf1, 0x02, 0xf1, 0x02, 0xf1, 0x02, 0xf1, 0x02, 0xf1, 0x02, 0xf1, 0x02, 0xf1,
    0x02, 0xf1, 0x02, 0xf1, 0x02, 0xf1, 0x02, 0xf1, 0x02, 0xf1, 0x02, 0xf1, 0x02, 0xf1, 0x02, 0xf1,
    0x02, 0xf1, 0x02, 0xf1, 0x02, 0xf1, 0x02, 0xf1, 0x02, 0xf1, 0x02, 0xf1, 0x02, 0xf1, 0x02, 0xf1,
    0x02, 0xf1, 0x02, 0xf1, 0x02, 0xf1, 0x02, 0xf1, 0x02, 0xf1, 0x02, 0xf1, 0x02, 0xf1, 0x02, 0xf1,
    0x02, 0xf1, 0x02, 0xf1, 0x01, 0xf1, 0x02, 0xf1, 0x02, 0xf1, 0x02, 0xf1, 0x02, 0xf1, 0x01, 0xf1,
    0x01, 0xf1, 0x01, 0xf1, 0x02, 0xf1, 0x02, 0xf1, 0x01, 0xf1, 0x01, 0xf1, 0x01, 0xf1, 0x01, 0xf1,
    0x01, 0xf1, 0x01, 0xf1, 0x01, 0xf1, 0x01, 0xf1, 0x01, 0xf1, 0x01, 0xf1, 0x02, 0xf1, 0x13, 0xf1,
    0x02, 0xf1, 0x01, 0xf1, 0x01, 0xf1, 0x01, 0xf1, 0x01, 0xf1, 0x01, 0xf1, 0x01, 0xf1, 0x01, 0xf1,
    0x01, 0xf1, 0x01, 0xf1, 0x01, 0xf1, 0x01, 0xf1, 0x01, 0xf1, 0x01, 0xf1, 0x01, 0xf1, 0x01, 0xf1,
    0x01, 0xf1, 0x01, 0xf1, 0x01, 0xf1, 0x01, 0xf1, 0x01, 0xf1, 0x01, 0xf1, 0x01, 0xf1, 0x01, 0xf1,
    0x01, 0xf1, 0x01, 0xf1, 0x01, 0xf1, 0x01, 0xf1, 0x01, 0xf1, 0x01, 0xf1, 0x01, 0xf1, 0x01, 0xf1,
    0x01, 0xf1, 0x01, 0xf1, 0x01, 0xf1, 0x01, 0xf1, 0x01, 0xf1, 0x01, 0xf1, 0x01, 0xf1, 0x01, 0xf1,
    0x01, 0xf1, 0x01, 0xf1, 0x01, 0xf1, 0x01, 0xf1, 0x01, 0xf1, 0x01, 0xf1, 0x01, 0xf1, 0x01, 0xf1,
    0x01, 0xf1, 0x01, 0xf1, 0x01, 0xf1, 0x01, 0xf1, 0x01, 0xf1, 0x01, 0xf1, 0x01, 0xf1, 0x01, 0xf1,
    0x01, 0xf1, 0x01, 0xf1, 0x01, 0xf1, 0x01, 0xf1, 0x01, 0xf1, 0x01, 0xf1, 0x01, 0xf1, 0x01, 0xf1,
    0x01, 0xf1, 0x01, 0xf1, 0x01, 0xf1, 0x01, 0xf1, 0x01, 0xf1, 0x01, 0xf1, 0x01, 0xf1, 0x01, 0xf1,
    0x01, 0xf1, 0x01, 0xf1, 0x01, 0xf1, 0x01, 0xf1, 0x01, 0xf1, 0x01, 0xf1, 0x01, 0xf1, 0x01, 0xf1,
    0x01, 0xf1, 0x01, 0xf1, 0x01, 0xf1, 0x01, 0xf1, 0x01, 0xf1, 0x01, 0xf1, 0x01, 0xf1, 0x01, 0xf1,
    0x01, 0xf1, 0x01, 0xf1, 0x01, 0xf1, 0x01, 0xf1, 0x01, 0xf1, 0x01, 0xf1, 0x01, 0xf1, 0x01, 0xf1,
    0x01, 0xf1, 0x01, 0xf1, 0x01, 0xf1, 0x01, 0xf1, 0x01, 0xf1, 0x01, 0xf1, 0x01, 0xf1, 0x01, 0xf1,
    0x02, 0xf1, 0x01, 0xf1, 0x01, 0xf1, 0x01, 0xf1, 0x01, 0xf1, 0x01, 0xf1, 0x01, 0xf1, 0x01, 0xf1,
    0x01, 0xf1, 0x01, 0xf1, 0x01, 0xf1, 0x01, 0xf1, 0x01, 0xf1, 0x01, 0xf1, 0x01, 0xf1, 0x01, 0xf1,
    0x01, 0xf1, 0x01, 0xf1, 0x01, 0xf1, 0x01, 0xf1, 0x01, 0xf1, 0x01, 0xf1, 0x01, 0xf1, 0x01, 0xf1,
    0x01, 0xf1, 0x01, 0xf1, 0x02, 0xf1, 0x01, 0xf1, 0x01, 0xf1, 0x01, 0xf1, 0x02, 0xf1, 0x01, 0xf1,
    0x02, 0xf1, 0x01, 0xf1, 0x01, 0xf1, 0x01, 0xf1, 0x01, 0xf1, 0x01, 0xf1, 0x01, 0xf1, 0x01, 0xf1,
    0x01, 0xf1, 0x01, 0xf1, 0x01, 0xf1, 0x01, 0xf1, 0x01, 0xf1, 0x01, 0xf1, 0x01, 0xf1, 0x01, 0xf1,
    0x01, 0xf1, 0x01, 0xf1, 0x01, 0xf1, 0x01, 0xf1, 0x01, 0xf1, 0x01, 0xf1, 0x01, 0xf1, 0x01, 0xf1,
    0x01, 0xf1, 0x01, 0xf1, 0x01, 0xf1, 0x01, 0xf1, 0x01, 0xf1, 0x01, 0xf1, 0x01, 0xf1, 0x01, 0xf1,
    0x01, 0xf1, 0x01, 0xf1, 0x01, 0xf1, 0x01, 0xf1, 0x01, 0xf1, 0x01, 0xf1, 0x01, 0xf1, 0x01, 0xf1,
    0x02, 0xf1, 0x02, 0xf1, 0x02, 0xf1, 0x02, 0xf1, 0x02, 0xf1, 0x02, 0xf1, 0x02, 0xf1, 0x02, 0xf1,
    0x02, 0xf1, 0x02, 0xf1, 0x02, 0xf1, 0x02, 0xf1, 0x02, 0xf1, 0x02, 0xf1, 0x02, 0xf1, 0x02, 0xf1,
    0x02, 0xf1, 0x02, 0xf1, 0x02, 0xf1, 0x02, 0xf1, 0x02, 0xf1, 0x02, 0xf1, 0x02, 0xf1, 0x02, 0xf1,
    0x02, 0xf1, 0x02, 0xf1, 0x02, 0xf1, 0x02, 0xf1, 0x02, 0xf1, 0x02, 0xf1, 0x02, 0xf1, 0x02, 0xf1,
    0x02, 0xf1, 0x02, 0xf1, 0x02, 0xf1, 0x02, 0xf1, 0x02, 0xf1, 0x02, 0xf1, 0x02, 0xf1, 0x02, 0xf1,
    0x01, 0xf1, 0x02, 0xf1, 0x02, 0xf1, 0x02, 0xf1, 0x02, 0xf1, 0x02, 0xf1, 0x02, 0xf1, 0x02, 0xf1,
    0x02, 0xf1, 0x01, 0xf1, 0x01, 0xf1, 0x01, 0xf1, 0x01, 0xf1, 0x01, 0xf1, 0x01, 0xf1, 0x01, 0xf1,
    0x01, 0xf1, 0x02, 0xf1, 0x01, 0xf1, 0x01, 0xf1, 0x01, 0xf1, 0x01, 0xf1, 0x24, 0xf2, 0x58, 0xf3,
    0x13, 0xf1, 0x02, 0xf1, 0x01, 0xf1, 0x01, 0xf1, 0x01, 0xf1, 0x01, 0xf1, 0x01, 0xf1, 0x01, 0xf1,
    0x01, 0xf1, 0x01, 0xf1, 0x01, 0xf1, 0x01, 0xf1, 0x01, 0xf1, 0x01, 0xf1, 0x01, 0xf1, 0x01, 0xf1,
    0x01, 0xf1, 0x01, 0xf1, 0x01, 0xf1, 0x01, 0xf1, 0x01, 0xf1, 0x01, 0xf1, 0x01, 0xf1, 0x01, 0xf1,
    0x01, 0xf1, 0x01, 0xf1, 0x01, 0xf1, 0x01, 0xf1, 0x01, 0xf1, 0x01, 0xf1, 0x01, 0xf1, 0x01, 0xf1,
    0x01, 0xf1, 0x01, 0xf1, 0x01, 0xf1, 0x01, 0xf1, 0x01, 0xf1, 0x01, 0xf1, 0x01, 0xf1, 0x01, 0xf1,
    0x02, 0xf1, 0x02, 0xf1, 0x02, 0xf1, 0x02, 0xf1, 0x01, 0xf1, 0x01, 0xf1, 0x01, 0xf1, 0x01, 0xf1,
    0x02, 0xf1, 0x01, 0xf1, 0x01, 0xf1, 0x01, 0xf1, 0x01, 0xf1, 0x01, 0xf1, 0x01, 0xf1, 0x02, 0xf1,
    0x01, 0xf1, 0x01, 0xf1, 0x01, 0xf1, 0x01, 0xf1, 0x01, 0xf1, 0x01, 0xf1, 0x01, 0xf1, 0x01, 0xf1,
    0x01, 0xf1, 0x01, 0xf1, 0x01, 0xf1, 0x01, 0xf1, 0x01, 0xf1, 0x01, 0xf1, 0x01, 0xf1, 0x01, 0xf1,
    0x01, 0xf1, 0x01, 0xf1, 0x01, 0xf1, 0x01, 0xf1, 0x02, 0xf1, 0x02, 0xf1, 0x02, 0xf1, 0x02, 0xf1,
    0x01, 0xf1, 0x01, 0xf1, 0x01, 0xf1, 0x01, 0xf1, 0x01, 0xf1, 0x01, 0xf1, 0x01, 0xf1, 0x01, 0xf1,
    0x01, 0xf1, 0x01, 0xf1, 0x02, 0xf1, 0x02, 0xf1, 0x01, 0xf1, 0x01, 0xf1, 0x01, 0xf1, 0x01, 0xf1,
    0x01, 0xf1, 0x01, 0xf1, 0x01, 0xf1, 0x01, 0xf1, 0x01, 0xf1, 0x01, 0xf1, 0x01, 0xf1, 0x01, 0xf1,
    0x02, 0xf1, 0x01, 0xf1, 0x01, 0xf1, 0x01, 0xf1, 0x01, 0xf1, 0x01, 0xf1, 0x01, 0xf1, 0x01, 0xf1,
    0x01, 0xf1, 0x01, 0xf1, 0x01, 0xf1, 0x01, 0xf1, 0x01, 0xf1, 0x01, 0xf1, 0x01, 0xf1, 0x01, 0xf1,
    0x01, 0xf1, 0x01, 0xf1, 0x01, 0xf1, 0x01, 0xf1, 0x01, 0xf1, 0x01, 0xf1, 0x01, 0xf1, 0x01, 0xf1,
    0x01, 0xf1, 0x01, 0xf1, 0x02, 0xf1, 0x02, 0xf1, 0x01, 0xf1, 0x01, 0xf1, 0x01, 0xf1, 0x02, 0xf1,
    0x01, 0xf1, 0x01, 0xf1, 0x01, 0xf1, 0x01, 0xf1, 0x01, 0xf1, 0x01, 0xf1, 0x01, 0xf1, 0x01, 0xf1,
    0x01, 0xf1, 0x01, 0xf1, 0x01, 0xf1, 0x01, 0xf1, 0x01, 0xf1, 0x01, 0xf1, 0x01, 0xf1, 0x01, 0xf1,
    0x02, 0xf1, 0x02, 0xf1, 0x01, 0xf1, 0x01, 0xf1, 0x01, 0xf1, 0x01, 0xf1, 0x01, 0xf1, 0x01, 0xf1,
    0x01, 0xf1, 0x01, 0xf1, 0x01, 0xf1, 0x01, 0xf1, 0x01, 0xf1, 0x01, 0xf1, 0x01, 0xf1, 0x01, 0xf1,
    0x01, 0xf1, 0x01, 0xf1, 0x01, 0xf1, 0x01, 0xf1, 0x01, 0xf1, 0x01, 0xf1, 0x01, 0xf1, 0x01, 0xf1,
    0x02, 0xf1, 0x02, 0xf1, 0x02, 0xf1, 0x02, 0xf1, 0x02, 0xf1, 0x03, 0xf1, 0x02, 0xf1, 0x02, 0xf1,
    0x02, 0xf1, 0x02, 0xf1, 0x02, 0xf1, 0x02, 0xf1, 0x02, 0xf1, 0x02, 0xf1, 0x02, 0xf1, 0x02, 0xf1,
    0x02, 0xf1, 0x02, 0xf1, 0x02, 0xf1, 0x02, 0xf1, 0x02, 0xf1, 0x02, 0xf1, 0x02, 0xf1, 0x02, 0xf1,
    0x02, 0xf1, 0x02, 0xf1, 0x02, 0xf1, 0x02, 0xf1, 0x02, 0xf1, 0x02, 0xf1, 0x02, 0xf1, 0x02, 0xf1,
    0x02, 0xf1, 0x02, 0xf1, 0x02, 0xf1, 0x02, 0xf1, 0x02, 0xf1, 0x02, 0xf1, 0x02, 0xf1, 0x02, 0xf1,
    0x02, 0xf1, 0x02, 0xf1, 0x02, 0xf1, 0x02, 0xf1, 0x02, 0xf1, 0x02, 0xf1, 0x02, 0xf1, 0x02, 0xf1,
    0x01, 0xf1, 0x01, 0xf1, 0x01, 0xf1, 0x01, 0xf1, 0x01, 0xf1, 0x01, 0xf1, 0x01, 0xf1, 0x01, 0xf1,
    0x02, 0xf1, 0x01, 0xf1, 0x02, 0xf1, 0x01, 0xf1, 0x01, 0xf1, 0x01, 0xf1, 0x12, 0xf1, 0x24, 0xf2,
    0x02, 0xf1, 0x01, 0xf1, 0x01, 0xf1, 0x01, 0xf1, 0x01, 0xf1, 0x01, 0xf1, 0x01, 0xf1, 0x01, 0xf1,
    0x01, 0xf1, 0x01, 0xf1, 0x01, 0xf1, 0x01, 0xf1, 0x01, 0xf1, 0x01, 0xf1, 0x01, 0xf1, 0x01, 0xf1,
    0x01, 0xf1, 0x01, 0xf1, 0x01, 0xf1, 0x01, 0xf1, 0x01, 0xf1, 0x01, 0xf1, 0x01, 0xf1, 0x01, 0xf1,
    0x01, 0xf1, 0x01, 0xf1, 0x01, 0xf1, 0x01, 0xf1, 0x01, 0xf1, 0x01, 0xf1, 0x01, 0xf1, 0x01, 0xf1,
    0x01, 0xf1, 0x01, 0xf1, 0x02, 0xf1, 0x02, 0xf1, 0x01, 0xf1, 0x01, 0xf1, 0x01, 0xf1, 0x02, 0xf1,
    0x02, 0xf1, 0x02, 0xf1, 0x02, 0xf1, 0x01, 0xf1, 0x01, 0xf1, 0x01, 0xf1, 0x01, 0xf1, 0x02, 0xf1,
    0x02, 0xf1, 0x01, 0xf1, 0x01, 0xf1, 0x01, 0xf1, 0x01, 0xf1, 0x01, 0xf1, 0x01, 0xf1, 0x01, 0xf1,
    0x01, 0xf1, 0x02, 0xf1, 0x01, 0xf1, 0x01, 0xf1, 0x01, 0xf1, 0x02, 0xf1, 0x01, 0xf1, 0x01, 0xf1,
    0x01, 0xf1, 0x01, 0xf1, 0x01, 0xf1, 0x01, 0xf1, 0x01, 0xf1, 0x01, 0xf1, 0x01, 0xf1, 0x01, 0xf1,
    0x01, 0xf1, 0x01, 0xf1, 0x02, 0xf1, 0x02, 0xf1, 0x02, 0xf1, 0x12, 0xf1, 0x02, 0xf1, 0x02, 0xf1,
    0x01, 0xf1, 0x01, 0xf1, 0x01, 0xf1, 0x01, 0xf1, 0x01, 0xf1, 0x01, 0xf1, 0x01, 0xf1, 0x01, 0xf1,
    0x01, 0xf1, 0x12, 0xf1, 0x35, 0xf2, 0x02, 0xf1, 0x01, 0xf1, 0x01, 0xf1, 0x01, 0xf1, 0x01, 0xf1,
    0x01, 0xf1, 0x01, 0xf1, 0x01, 0xf1, 0x01, 0xf1, 0x01, 0xf1, 0x01, 0xf1, 0x01, 0xf1, 0x01, 0xf1,
    0x01, 0xf1, 0x01, 0xf1, 0x01, 0xf1, 0x01, 0xf1, 0x01, 0xf1, 0x01, 0xf1, 0x01, 0xf1, 0x02, 0xf1,
    0x01, 0xf1, 0x01, 0xf1, 0x01, 0xf1, 0x01, 0xf1, 0x01, 0xf1, 0x01, 0xf1, 0x01, 0xf1, 0x01, 0xf1,
    0x01, 0xf1, 0x01, 0xf1, 0x01, 0xf1, 0x01, 0xf1, 0x01, 0xf1, 0x01, 0xf1, 0x01, 0xf1, 0x01, 0xf1,
    0x01, 0xf1, 0x01, 0xf1, 0x01, 0xf1, 0x01, 0xf1, 0x01, 0xf1, 0x01, 0xf1, 0x01, 0xf1, 0x02, 0xf1,
    0x01, 0xf1, 0x01, 0xf1, 0x01, 0xf1, 0x01, 0xf1, 0x01, 0xf1, 0x01, 0xf1, 0x01, 0xf1, 0x01, 0xf1,
    0x01, 0xf1, 0x01, 0xf1, 0x01, 0xf1, 0x01, 0xf1, 0x01, 0xf1, 0x01, 0xf1, 0x01, 0xf1, 0x01, 0xf1,
    0x12, 0xf1, 0x12, 0xf1, 0x01, 0xf1, 0x01, 0xf1, 0x01, 0xf1, 0x01, 0xf1, 0x02, 0xf1, 0x01, 0xf1,
    0x01, 0xf1, 0x01, 0xf1, 0x01, 0xf1, 0x01, 0xf1, 0x01, 0xf1, 0x01, 0xf1, 0x01, 0xf1, 0x01, 0xf1,
    0x01, 0xf1, 0x01, 0xf1, 0x01, 0xf1, 0x01, 0xf1, 0x01, 0xf1, 0x01, 0xf1, 0x01, 0xf1, 0x01, 0xf1,
    0x02, 0xf1, 0x02, 0xf1, 0x02, 0xf1, 0x02, 0xf1, 0x02, 0xf1, 0x02, 0xf1, 0x02, 0xf1, 0x02, 0xf1,
    0x02, 0xf1, 0x02, 0xf1, 0x02, 0xf1, 0x02, 0xf1, 0x02, 0xf1, 0x02, 0xf1, 0x02, 0xf1, 0x02, 0xf1,
    0x02, 0xf1, 0x02, 0xf1, 0x02, 0xf1, 0x02, 0xf1, 0x02, 0xf1, 0x02, 0xf1, 0x02, 0xf1, 0x02, 0xf1,
    0x02, 0xf1, 0x02, 0xf1, 0x02, 0xf1, 0x02, 0xf1, 0x02, 0xf1, 0x02, 0xf1, 0x02, 0xf1, 0x02, 0xf1,
    0x02, 0xf1, 0x02, 0xf1, 0x02, 0xf1, 0x02, 0xf1, 0x02, 0xf1, 0x02, 0xf1, 0x02, 0xf1, 0x02, 0xf1,
    0x02, 0xf1, 0x02, 0xf1, 0x02, 0xf1, 0x02, 0xf1, 0x02, 0xf1, 0x02, 0xf1, 0x02, 0xf1, 0x02, 0xf1,
    0x01, 0xf1, 0x01, 0xf1, 0x01, 0xf1, 0x01, 0xf1, 0x02, 0xf1, 0x02, 0xf1, 0x02, 0xf1, 0x02, 0xf1,
    0x02, 0xf1, 0x02, 0xf1, 0x01, 0xf1, 0x01, 0xf1, 0x01, 0xf1, 0x01, 0xf1, 0x01, 0xf1, 0x01, 0xf1,
    0x01, 0xf1, 0x01, 0xf1, 0x01, 0xf1, 0x01, 0xf1, 0x01, 0xf1, 0x01, 0xf1, 0x01, 0xf1, 0x01, 0xf1,
    0x01, 0xf1, 0x01, 0xf1, 0x01, 0xf1, 0x01, 0xf1, 0x01, 0xf1, 0x01, 0xf1, 0x01, 0xf1, 0x01, 0xf1,
    0x01, 0xf1, 0x01, 0xf1, 0x01, 0xf1, 0x13, 0xf1, 0x12, 0xf1, 0x01, 0xf1, 0x01, 0xf1, 0x01, 0xf1,
    0x01, 0xf1, 0x01, 0xf1, 0x01, 0xf1, 0x01, 0xf1, 0x01, 0xf1, 0x01, 0xf1, 0x01, 0xf1, 0x01, 0xf1,
    0x01, 0xf1, 0x01, 0xf1, 0x01, 0xf1, 0x02, 0xf1, 0x01, 0xf1, 0x01, 0xf1, 0x01, 0xf1, 0x02, 0xf1,
    0x02, 0xf1, 0x02, 0xf1, 0x02, 0xf1, 0x01, 0xf1, 0x01, 0xf1, 0x01, 0xf1, 0x02, 0xf1, 0x02, 0xf1,
    0x01, 0xf1, 0x01, 0xf1, 0x01, 0xf1, 0x01, 0xf1, 0x01, 0xf1, 0x01, 0xf1, 0x01, 0xf1, 0x01, 0xf1,
    0x01, 0xf1, 0x01, 0xf1, 0x02, 0xf1, 0x01, 0xf1, 0x01, 0xf1, 0x01, 0xf1, 0x01, 0xf1, 0x01, 0xf1,
    0x01, 0xf1, 0x01, 0xf1, 0x01, 0xf1, 0x01, 0xf1, 0x01, 0xf1, 0x01, 0xf1, 0x01, 0xf1, 0x01, 0xf1,
    0x01, 0xf1, 0x01, 0xf1, 0x02, 0xf1, 0x02, 0xf1, 0x13, 0xf1, 0x24, 0xf2, 0x25, 0xf2, 0x13, 0xf1,
    0x02, 0xf1, 0x01, 0xf1, 0x01, 0xf1, 0x01, 0xf1, 0x01, 0xf1, 0x01, 0xf1, 0x01, 0xf1, 0x01, 0xf1,
    0x01, 0xf1, 0x02, 0xf1, 0x02, 0xf1, 0x02, 0xf1, 0x01, 0xf1, 0x01, 0xf1, 0x01, 0xf1, 0x02, 0xf1,
    0x02, 0xf1, 0x01, 0xf1, 0x01, 0xf1, 0x01, 0xf1, 0x02, 0xf1, 0x01, 0xf1, 0x01, 0xf1, 0x01, 0xf1,
    0x02, 0xf1, 0x01, 0xf1, 0x01, 0xf1, 0x01, 0xf1, 0x01, 0xf1, 0x01, 0xf1, 0x01, 0xf1, 0x02, 0xf1,
    0x01, 0xf1, 0x01, 0xf1, 0x01, 0xf1, 0x01, 0xf1, 0x01, 0xf1, 0x01, 0xf1, 0x01, 0xf1, 0x01, 0xf1,
    0x01, 0xf1, 0x01, 0xf1, 0x01, 0xf1, 0x01, 0xf1, 0x01, 0xf1, 0x01, 0xf1, 0x01, 0xf1, 0x01, 0xf1,
    0x01, 0xf1, 0x01, 0xf1, 0x01, 0xf1, 0x01, 0xf1, 0x01, 0xf1, 0x01, 0xf1, 0x02, 0xf1, 0x02, 0xf1,
    0x01, 0xf1, 0x01, 0xf1, 0x01, 0xf1, 0x01, 0xf1, 0x01, 0xf1, 0x01, 0xf1, 0x01, 0xf1, 0x01, 0xf1,
    0x01, 0xf1, 0x01, 0xf1, 0x01, 0xf1, 0x01, 0xf1, 0x01, 0xf1, 0x01, 0xf1, 0x01, 0xf1, 0x01, 0xf1,
    0x01, 0xf1, 0x01, 0xf1, 0x01, 0xf1, 0x01, 0xf1, 0x01, 0xf1, 0x02, 0xf1, 0x02, 0xf1, 0x02, 0xf1,
    0x01, 0xf1, 0x01, 0xf1, 0x01, 0xf1, 0x01, 0xf1, 0x01, 0xf1, 0x01, 0xf1, 0x01, 0xf1, 0x01, 0xf1,
    0x01, 0xf1, 0x01, 0xf1, 0x01, 0xf1, 0x01, 0xf1, 0x01, 0xf1, 0x01, 0xf1, 0x01, 0xf1, 0x01, 0xf1,
    0x02, 0xf1, 0x02, 0xf1, 0x02, 0xf1, 0x13, 0xf1, 0x03, 0xf1, 0x02, 0xf1, 0x02, 0xf1, 0x02, 0xf1,
    0x02, 0xf1, 0x02, 0xf1, 0x02, 0xf1, 0x02, 0xf1, 0x02, 0xf1, 0x02, 0xf1, 0x02, 0xf1, 0x02, 0xf1,
    0x02, 0xf1, 0x02, 0xf1, 0x02, 0xf1, 0x02, 0xf1, 0x02, 0xf1, 0x02, 0xf1, 0x02, 0xf1, 0x12, 0xf1,
    0x02, 0xf1, 0x02, 0xf1, 0x02, 0xf1, 0x02, 0xf1, 0x02, 0xf1, 0x02, 0xf1, 0x02, 0xf1, 0x02, 0xf1,
    0x02, 0xf1, 0x02, 0xf1, 0x02, 0xf1, 0x02, 0xf1, 0x02, 0xf1, 0x02, 0xf1, 0x02, 0xf1, 0x02, 0xf1,
    0x02, 0xf1, 0x02, 0xf1, 0x02, 0xf1, 0x02, 0xf1, 0x02, 0xf1, 0x02, 0xf1, 0x02, 0xf1, 0x02, 0xf1,
    0x01, 0xf1, 0x01, 0xf1, 0x01, 0xf1, 0x01, 0xf1, 0x01, 0xf1, 0x02, 0xf1, 0x01, 0xf1, 0x02, 0xf1,
    0x02, 0xf1, 0x02, 0xf1, 0x01, 0xf1, 0x01, 0xf1, 0x01, 0xf1, 0x01, 0xf1, 0x01, 0xf1, 0x01, 0xf1,
    0x01, 0xf1, 0x01, 0xf1, 0x01, 0xf1, 0x01, 0xf1, 0x01, 0xf1, 0x01, 0xf1, 0x01, 0xf1, 0x01, 0xf1,
    0x01, 0xf1, 0x01, 0xf1, 0x01, 0xf1, 0x01, 0xf1, 0x01, 0xf1, 0x01, 0xf1, 0x01, 0xf1, 0x01, 0xf1,
    0x01, 0xf1, 0x01, 0xf1, 0x01, 0xf1, 0x12, 0xf1, 0x02, 0xf1, 0x01, 0xf1, 0x01, 0xf1, 0x01, 0xf1,
    0x01, 0xf1, 0x01, 0xf1, 0x01, 0xf1, 0x01, 0xf1, 0x01, 0xf1, 0x01, 0xf1, 0x01, 0xf1, 0x01, 0xf1,
    0x01, 0xf1, 0x01, 0xf1, 0x02, 0xf1, 0x02, 0xf1, 0x02, 0xf1, 0x01, 0xf1, 0x02, 0xf1, 0x02, 0xf1,
    0x02, 0xf1, 0x02, 0xf1, 0x02, 0xf1, 0x01, 0xf1, 0x02, 0xf1, 0x02, 0xf1, 0x01, 0xf1, 0x02, 0xf1,
    0x02, 0xf1, 0x01, 0xf1, 0x01, 0xf1, 0x01, 0xf1, 0x01, 0xf1, 0x01, 0xf1, 0x02, 0xf1, 0x02, 0xf1,
    0x01, 0xf1, 0x02, 0xf1, 0x02, 0xf1, 0x01, 0xf1, 0x01, 0xf1, 0x01, 0xf1, 0x01, 0xf1, 0x01, 0xf1,
    0x01, 0xf1, 0x01, 0xf1, 0x01, 0xf1, 0x01, 0xf1, 0x01, 0xf1, 0x01, 0xf1, 0x01, 0xf1, 0x01, 0xf1,
    0x01, 0xf1, 0x01, 0xf1, 0x02, 0xf1, 0x12, 0xf1, 0x25, 0xf2, 0x68, 0xf3, 0x79, 0xf3, 0x46, 0xf2,
    0x13, 0xf1, 0x02, 0xf1, 0x01, 0xf1, 0x01, 0xf1, 0x01, 0xf1, 0x01, 0xf1, 0x02, 0xf1, 0x01, 0xf1,
    0x01, 0xf1, 0x02, 0xf1, 0x01, 0xf1, 0x01, 0xf1, 0x01, 0xf1, 0x01, 0xf1, 0x02, 0xf1, 0x01, 0xf1,
    0x01, 0xf1, 0x01, 0xf1, 0x01, 0xf1, 0x01, 0xf1, 0x02, 0xf1, 0x01, 0xf1, 0x01, 0xf1, 0x01, 0xf1,
    0x01, 0xf1, 0x01, 0xf1, 0x01, 0xf1, 0x01, 0xf1, 0x01, 0xf1, 0x01, 0xf1, 0x01, 0xf1, 0x01, 0xf1,
    0x01, 0xf1, 0x01, 0xf1, 0x01, 0xf1, 0x01, 0xf1, 0x01, 0xf1, 0x01, 0xf1, 0x01, 0xf1, 0x01, 0xf1,
    0x01, 0xf1, 0x01, 0xf1, 0x01, 0xf1, 0x01, 0xf1, 0x02, 0xf1, 0x01, 0xf1, 0x01, 0xf1, 0x01, 0xf1,
    0x01, 0xf1, 0x01, 0xf1, 0x02, 0xf1, 0x02, 0xf1, 0x01, 0xf1, 0x01, 0xf1, 0x01, 0xf1, 0x02, 0xf1,
    0x02, 0xf1, 0x01, 0xf1, 0x01, 0xf1, 0x01, 0xf1, 0x01, 0xf1, 0x01, 0xf1, 0x01, 0xf1, 0x01, 0xf1,
    0x01, 0xf1, 0x01, 0xf1, 0x01, 0xf1, 0x01, 0xf1, 0x01, 0xf1, 0x01, 0xf1, 0x01, 0xf1, 0x02, 0xf1,
    0x02, 0xf1, 0x01, 0xf1, 0x01, 0xf1, 0x01, 0xf1, 0x02, 0xf1, 0x02, 0xf1, 0x02, 0xf1, 0x02, 0xf1,
    0x02, 0xf1, 0x02, 0xf1, 0x02, 0xf1, 0x01, 0xf1, 0x01, 0xf1, 0x01, 0xf1, 0x01, 0xf1, 0x01, 0xf1,
    0x01, 0xf1, 0x01, 0xf1, 0x01, 0xf1, 0x01, 0xf1, 0x01, 0xf1, 0x01, 0xf1, 0x01, 0xf1, 0x01, 0xf1,
    0x13, 0xf1, 0x02, 0xf1, 0x02, 0xf1, 0x13, 0xf1, 0x03, 0xf1, 0x13, 0xf1, 0x13, 0xf1, 0x02, 0xf1,
    0x02, 0xf1, 0x02, 0xf1, 0x02, 0xf1, 0x02, 0xf1, 0x02, 0xf1, 0x02, 0xf1, 0x02, 0xf1, 0x02, 0xf1,
    0x02, 0xf1, 0x02, 0xf1, 0x02, 0xf1, 0x02, 0xf1, 0x02, 0xf1, 0x02, 0xf1, 0x02, 0xf1, 0x12, 0xf1,
    0x12, 0xf1, 0x02, 0xf1, 0x02, 0xf1, 0x02, 0xf1, 0x02, 0xf1, 0x02, 0xf1, 0x02, 0xf1, 0x02, 0xf1,
    0x02, 0xf1, 0x02, 0xf1, 0x02, 0xf1, 0x02, 0xf1, 0x02, 0xf1, 0x02, 0xf1, 0x02, 0xf1, 0x02, 0xf1,
    0x02, 0xf1, 0x02, 0xf1, 0x02, 0xf1, 0x02, 0xf1, 0x02, 0xf1, 0x02, 0xf1, 0x02, 0xf1, 0x02, 0xf1,
    0x02, 0xf1, 0x02, 0xf1, 0x02, 0xf1, 0x02, 0xf1, 0x02, 0xf1, 0x01, 0xf1, 0x01, 0xf1, 0x01, 0xf1,
    0x02, 0xf1, 0x01, 0xf1, 0x01, 0xf1, 0x01, 0xf1, 0x01, 0xf1, 0x01, 0xf1, 0x01, 0xf1, 0x01, 0xf1,
    0x01, 0xf1, 0x01, 0xf1, 0x01, 0xf1, 0x01, 0xf1, 0x01, 0xf1, 0x01, 0xf1, 0x01, 0xf1, 0x01, 0xf1,
    0x01, 0xf1, 0x01, 0xf1, 0x01, 0xf1, 0x01, 0xf1, 0x01, 0xf1, 0x01, 0xf1, 0x01, 0xf1, 0x01, 0xf1,
    0x01, 0xf1, 0x01, 0xf1, 0x01, 0xf1, 0x01, 0xf1, 0x01, 0xf1, 0x01, 0xf1, 0x01, 0xf1, 0x01, 0xf1,
    0x01, 0xf1, 0x01, 0xf1, 0x01, 0xf1, 0x01, 0xf1, 0x01, 0xf1, 0x01, 0xf1, 0x01, 0xf1, 0x01, 0xf1,
    0x01, 0xf1, 0x02, 0xf1, 0x02, 0xf1, 0x02, 0xf1, 0x02, 0xf1, 0x02, 0xf1, 0x02, 0xf1, 0x02, 0xf1,
    0x02, 0xf1, 0x02, 0xf1, 0x02, 0xf1, 0x02, 0xf1, 0x02, 0xf1, 0x02, 0xf1, 0x02, 0xf1, 0x02, 0xf1,
    0x02, 0xf1, 0x01, 0xf1, 0x01, 0xf1, 0x01, 0xf1, 0x01, 0xf1, 0x01, 0xf1, 0x02, 0xf1, 0x02, 0xf1,
    0x02, 0xf1, 0x02, 0xf1, 0x02, 0xf1, 0x01, 0xf1, 0x01, 0xf1, 0x02, 0xf1, 0x01, 0xf1, 0x01, 0xf1,
    0x01, 0xf1, 0x01, 0xf1, 0x01, 0xf1, 0x01, 0xf1, 0x01, 0xf1, 0x01, 0xf1, 0x01, 0xf1, 0x01, 0xf1,
    0x01, 0xf1, 0x01, 0xf1, 0x02, 0xf1, 0x12, 0xf1, 0x35, 0xf2, 0x8a, 0xf4, 0xab, 0xf7, 0x57, 0xf3,
    0x13, 0xf1, 0x02, 0xf1, 0x02, 0xf1, 0x02, 0xf1, 0x01, 0xf1, 0x01, 0xf1, 0x01, 0xf1, 0x01, 0xf1,
    0x01, 0xf1, 0x01, 0xf1, 0x01, 0xf1, 0x01, 0xf1, 0x02, 0xf1, 0x02, 0xf1, 0x02, 0xf1, 0x01, 0xf1,
    0x01, 0xf1, 0x01, 0xf1, 0x02, 0xf1, 0x02, 0xf1, 0x01, 0xf1, 0x01, 0xf1, 0x02, 0xf1, 0x02, 0xf1,
    0x01, 0xf1, 0x01, 0xf1, 0x01, 0xf1, 0x01, 0xf1, 0x01, 0xf1, 0x01, 0xf1, 0x01, 0xf1, 0x01, 0xf1,
    0x01, 0xf1, 0x01, 0xf1, 0x01, 0xf1, 0x01, 0xf1, 0x01, 0xf1, 0x01, 0xf1, 0x01, 0xf1, 0x01, 0xf1,
    0x01, 0xf1, 0x01, 0xf1, 0x01, 0xf1, 0x01, 0xf1, 0x02, 0xf1, 0x01, 0xf1, 0x01, 0xf1, 0x01, 0xf1,
    0x01, 0xf1, 0x01, 0xf1, 0x01, 0xf1, 0x01, 0xf1, 0x01, 0xf1, 0x01, 0xf1, 0x01, 0xf1, 0x01, 0xf1,
    0x02, 0xf1, 0x01, 0xf1, 0x01, 0xf1, 0x01, 0xf1, 0x01, 0xf1, 0x01, 0xf1, 0x01, 0xf1, 0x01, 0xf1,
    0x01, 0xf1, 0x01, 0xf1, 0x01, 0xf1, 0x01, 0xf1, 0x01, 0xf1, 0x01, 0xf1, 0x02, 0xf1, 0x02, 0xf1,
    0x02, 0xf1, 0x02, 0xf1, 0x02, 0xf1, 0x12, 0xf1, 0x02, 0xf1, 0x01, 0xf1, 0x02, 0xf1, 0x01, 0xf1,
    0x02, 0xf1, 0x02, 0xf1, 0x02, 0xf1, 0x01, 0xf1, 0x01, 0xf1, 0x01, 0xf1, 0x01, 0xf1, 0x01, 0xf1,
    0x01, 0xf1, 0x01, 0xf1, 0x01, 0xf1, 0x01, 0xf1, 0x01, 0xf1, 0x01, 0xf1, 0x01, 0xf1, 0x01, 0xf1,
    0x03, 0xf1, 0x13, 0xf1, 0x02, 0xf1, 0x13, 0xf1, 0x02, 0xf1, 0x13, 0xf1, 0x13, 0xf1, 0x02, 0xf1,
    0x02, 0xf1, 0x02, 0xf1, 0x02, 0xf1, 0x02, 0xf1, 0x02, 0xf1, 0x02, 0xf1, 0x02, 0xf1, 0x02, 0xf1,
    0x02, 0xf1, 0x02, 0xf1, 0x02, 0xf1, 0x02, 0xf1, 0x02, 0xf1, 0x02, 0xf1, 0x02, 0xf1, 0x02, 0xf1,
    0x02, 0xf1, 0x02, 0xf1, 0x02, 0xf1, 0x02, 0xf1, 0x02, 0xf1, 0x02, 0xf1, 0x02, 0xf1, 0x02, 0xf1,
    0x02, 0xf1, 0x02, 0xf1, 0x02, 0xf1, 0x02, 0xf1, 0x02, 0xf1, 0x02, 0xf1, 0x02, 0xf1, 0x02, 0xf1,
    0x02, 0xf1, 0x02, 0xf1, 0x02, 0xf1, 0x02, 0xf1, 0x02, 0xf1, 0x02, 0xf1, 0x02, 0xf1, 0x02, 0xf1,
    0x02, 0xf1, 0x02, 0xf1, 0x02, 0xf1, 0x02, 0xf1, 0x01, 0xf1, 0x02, 0xf1, 0x02, 0xf1, 0x02, 0xf1,
    0x01, 0xf1, 0x01, 0xf1, 0x01, 0xf1, 0x01, 0xf1, 0x01, 0xf1, 0x01, 0xf1, 0x01, 0xf1, 0x01, 0xf1,
    0x01, 0xf1, 0x01, 0xf1, 0x01, 0xf1, 0x01, 0xf1, 0x01, 0xf1, 0x01, 0xf1, 0x01, 0xf1, 0x01, 0xf1,
    0x01, 0xf1, 0x01, 0xf1, 0x01, 0xf1, 0x01, 0xf1, 0x01, 0xf1, 0x01, 0xf1, 0x01, 0xf1, 0x01, 0xf1,
    0x01, 0xf1, 0x01, 0xf1, 0x01, 0xf1, 0x01, 0xf1, 0x01, 0xf1, 0x01, 0xf1, 0x01, 0xf1, 0x01, 0xf1,
    0x01, 0xf1, 0x01, 0xf1, 0x01, 0xf1, 0x01, 0xf1, 0x01, 0xf1, 0x02, 0xf1, 0x02, 0xf1, 0x02, 0xf1,
    0x01, 0xf1, 0x02, 0xf1, 0x02, 0xf1, 0x02, 0xf1, 0x02, 0xf1, 0x02, 0xf1, 0x02, 0xf1, 0x02, 0xf1,
    0x02, 0xf1, 0x02, 0xf1, 0x02, 0xf1, 0x02, 0xf1, 0x02, 0xf1, 0x02, 0xf1, 0x02, 0xf1, 0x02, 0xf1,
    0x02, 0xf1, 0x02, 0xf1, 0x02, 0xf1, 0x02, 0xf1, 0x02, 0xf1, 0x02, 0xf1, 0x02, 0xf1, 0x02, 0xf1,
    0x02, 0xf1, 0x02, 0xf1, 0x01, 0xf1, 0x01, 0xf1, 0x01, 0xf1, 0x02, 0xf1, 0x02, 0xf1, 0x02, 0xf1,
    0x01, 0xf1, 0x01, 0xf1, 0x01, 0xf1, 0x01, 0xf1, 0x01, 0xf1, 0x01, 0xf1, 0x01, 0xf1, 0x01, 0xf1,
    0x01, 0xf1, 0x02, 0xf1, 0x02, 0xf1, 0x02, 0xf1, 0x14, 0xf2, 0x57, 0xf3, 0x68, 0xf3, 0x35, 0xf2,
    0x12, 0xf1, 0x02, 0xf1, 0x02, 0xf1, 0x02, 0xf1, 0x01, 0xf1, 0x01, 0xf1, 0x01, 0xf1, 0x01, 0xf1,
    0x01, 0xf1, 0x02, 0xf1, 0x02, 0xf1, 0x02, 0xf1, 0x01, 0xf1, 0x02, 0xf1, 0x02, 0xf1, 0x02, 0xf1,
    0x02, 0xf1, 0x02, 0xf1, 0x02, 0xf1, 0x02, 0xf1, 0x02, 0xf1, 0x02, 0xf1, 0x02, 0xf1, 0x02, 0xf1,
    0x01, 0xf1, 0x01, 0xf1, 0x01, 0xf1, 0x02, 0xf1, 0x02, 0xf1, 0x01, 0xf1, 0x01, 0xf1, 0x01, 0xf1,
    0x01, 0xf1, 0x01, 0xf1, 0x01, 0xf1, 0x01, 0xf1, 0x01, 0xf1, 0x01, 0xf1, 0x01, 0xf1, 0x01, 0xf1,
    0x01, 0xf1, 0x01, 0xf1, 0x01, 0xf1, 0x01, 0xf1, 0x01, 0xf1, 0x01, 0xf1, 0x01, 0xf1, 0x01, 0xf1,
    0x01, 0xf1, 0x01, 0xf1, 0x01, 0xf1, 0x01, 0xf1, 0x01, 0xf1, 0x01, 0xf1, 0x01, 0xf1, 0x02, 0xf1,
    0x01, 0xf1, 0x01, 0xf1, 0x01, 0xf1, 0x01, 0xf1, 0x02, 0xf1, 0x01, 0xf1, 0x01, 0xf1, 0x02, 0xf1,
    0x01, 0xf1, 0x01, 0xf1, 0x01, 0xf1, 0x01, 0xf1, 0x01, 0xf1, 0x01, 0xf1, 0x02, 0xf1, 0x02, 0xf1,
    0x02, 0xf1, 0x12, 0xf1, 0x02, 0xf1, 0x02, 0xf1, 0x01, 0xf1, 0x01, 0xf1, 0x01, 0xf1, 0x01, 0xf1,
    0x02, 0xf1, 0x01, 0xf1, 0x01, 0xf1, 0x01, 0xf1, 0x01, 0xf1, 0x01, 0xf1, 0x01, 0xf1, 0x01, 0xf1,
    0x01, 0xf1, 0x01, 0xf1, 0x01, 0xf1, 0x01, 0xf1, 0x01, 0xf1, 0x01, 0xf1, 0x01, 0xf1, 0x01, 0xf1,
    0x03, 0xf1, 0x03, 0xf1, 0x03, 0xf1, 0x02, 0xf1, 0x02, 0xf1, 0x02, 0xf1, 0x02, 0xf1, 0x02, 0xf1,
    0x02, 0xf1, 0x02, 0xf1, 0x02, 0xf1, 0x02, 0xf1, 0x02, 0xf1, 0x02, 0xf1, 0x02, 0xf1, 0x02, 0xf1,
    0x02, 0xf1, 0x02, 0xf1, 0x02, 0xf1, 0x02, 0xf1, 0x02, 0xf1, 0x02, 0xf1, 0x02, 0xf1, 0x02, 0xf1,
    0x02, 0xf1, 0x02, 0xf1, 0x02, 0xf1, 0x02, 0xf1, 0x02, 0xf1, 0x02, 0xf1, 0x02, 0xf1, 0x02, 0xf1,
    0x02, 0xf1, 0x02, 0xf1, 0x02, 0xf1, 0x02, 0xf1, 0x02, 0xf1, 0x02, 0xf1, 0x02, 0xf1, 0x02, 0xf1,
    0x02, 0xf1, 0x01, 0xf1, 0x02, 0xf1, 0x02, 0xf1, 0x02, 0xf1, 0x02, 0xf1, 0x02, 0xf1, 0x02, 0xf1,
    0x02, 0xf1, 0x02, 0xf1, 0x02, 0xf1, 0x02, 0xf1, 0x02, 0xf1, 0x02, 0xf1, 0x02, 0xf1, 0x02, 0xf1,
    0x01, 0xf1, 0x01, 0xf1, 0x02, 0xf1, 0x01, 0xf1, 0x01, 0xf1, 0x01, 0xf1, 0x01, 0xf1, 0x01, 0xf1,
    0x01, 0xf1, 0x01, 0xf1, 0x01, 0xf1, 0x01, 0xf1, 0x01, 0xf1, 0x01, 0xf1, 0x01, 0xf1, 0x01, 0xf1,
    0x01, 0xf1, 0x01, 0xf1, 0x01, 0xf1, 0x01, 0xf1, 0x01, 0xf1, 0x01, 0xf1, 0x01, 0xf1, 0x01, 0xf1,
    0x01, 0xf1, 0x01, 0xf1, 0x01, 0xf1, 0x01, 0xf1, 0x01, 0xf1, 0x01, 0xf1, 0x01, 0xf1, 0x01, 0xf1,
    0x01, 0xf1, 0x01, 0xf1, 0x01, 0xf1, 0x01, 0xf1, 0x01, 0xf1, 0x01, 0xf1, 0x02, 0xf1, 0x02, 0xf1,
    0x02, 0xf1, 0x02, 0xf1, 0x02, 0xf1, 0x02, 0xf1, 0x02, 0xf1, 0x02, 0xf1, 0x02, 0xf1, 0x02, 0xf1,
    0x02, 0xf1, 0x02, 0xf1, 0x02, 0xf1, 0x02, 0xf1, 0x02, 0xf1, 0x02, 0xf1, 0x02, 0xf1, 0x02, 0xf1,
    0x01, 0xf1, 0x02, 0xf1, 0x02, 0xf1, 0x02, 0xf1, 0x02, 0xf1, 0x02, 0xf1, 0x02, 0xf1, 0x01, 0xf1,
    0x01, 0xf1, 0x01, 0xf1, 0x01, 0xf1, 0x01, 0xf1, 0x02, 0xf1, 0x01, 0xf1, 0x02, 0xf1, 0x02, 0xf1,
    0x02, 0xf1, 0x01, 0xf1, 0x01, 0xf1, 0x01, 0xf1, 0x01, 0xf1, 0x01, 0xf1, 0x01, 0xf1, 0x01, 0xf1,
    0x01, 0xf1, 0x01, 0xf1, 0x01, 0xf1, 0x02, 0xf1, 0x02, 0xf1, 0x13, 0xf1, 0x13, 0xf1, 0x13, 0xf1,
    0x02, 0xf1, 0x02, 0xf1, 0x02, 0xf1, 0x02, 0xf1, 0x02, 0xf1, 0x02, 0xf1, 0x01, 0xf1, 0x01, 0xf1,
    0x02, 0xf1, 0x02, 0xf1, 0x02, 0xf1, 0x02, 0xf1, 0x02, 0xf1, 0x02, 0xf1, 0x02, 0xf1, 0x02, 0xf1,
    0x02, 0xf1, 0x02, 0xf1, 0x02, 0xf1, 0x02, 0xf1, 0x02, 0xf1, 0x02, 0xf1, 0x02, 0xf1, 0x01, 0xf1,
    0x01, 0xf1, 0x02, 0xf1, 0x02, 0xf1, 0x01, 0xf1, 0x01, 0xf1, 0x01, 0xf1, 0x01, 0xf1, 0x01, 0xf1,
    0x01, 0xf1, 0x01, 0xf1, 0x01, 0xf1, 0x01, 0xf1, 0x01, 0xf1, 0x01, 0xf1, 0x01, 0xf1, 0x01, 0xf1,
    0x01, 0xf1, 0x01, 0xf1, 0x01, 0xf1, 0x01, 0xf1, 0x01, 0xf1, 0x01, 0xf1, 0x01, 0xf1, 0x01, 0xf1,
    0x01, 0xf1, 0x01, 0xf1, 0x01, 0xf1, 0x01, 0xf1, 0x01, 0xf1, 0x01, 0xf1, 0x01, 0xf1, 0x01, 0xf1,
    0x02, 0xf1, 0x02, 0xf1, 0x01, 0xf1, 0x01, 0xf1, 0x02, 0xf1, 0x01, 0xf1, 0x01, 0xf1, 0x02, 0xf1,
    0x01, 0xf1, 0x01, 0xf1, 0x01, 0xf1, 0x02, 0xf1, 0x02, 0xf1, 0x02, 0xf1, 0x02, 0xf1, 0x12, 0xf1,
    0x13, 0xf1, 0x12, 0xf1, 0x02, 0xf1, 0x01, 0xf1, 0x01, 0xf1, 0x01, 0xf1, 0x01, 0xf1, 0x01, 0xf1,
    0x01, 0xf1, 0x01, 0xf1, 0x01, 0xf1, 0x01, 0xf1, 0x01, 0xf1, 0x01, 0xf1, 0x01, 0xf1, 0x01, 0xf1,
    0x01, 0xf1, 0x01, 0xf1, 0x01, 0xf1, 0x01, 0xf1, 0x01, 0xf1, 0x01, 0xf1, 0x01, 0xf1, 0x01, 0xf1,
    0x13, 0xf1, 0x13, 0xf1, 0x13, 0xf1, 0x02, 0xf1, 0x02, 0xf1, 0x02, 0xf1, 0x02, 0xf1, 0x02, 0xf1,
    0x02, 0xf1, 0x02, 0xf1, 0x02, 0xf1, 0x02, 0xf1, 0x02, 0xf1, 0x02, 0xf1, 0x02, 0xf1, 0x02, 0xf1,
    0x02, 0xf1, 0x02, 0xf1, 0x02, 0xf1, 0x02, 0xf1, 0x02, 0xf1, 0x02, 0xf1, 0x02, 0xf1, 0x02, 0xf1,
    0x02, 0xf1, 0x02, 0xf1, 0x02, 0xf1, 0x02, 0xf1, 0x02, 0xf1, 0x02, 0xf1, 0x02, 0xf1, 0x02, 0xf1,
    0x02, 0xf1, 0x02, 0xf1, 0x02, 0xf1, 0x02, 0xf1, 0x02, 0xf1, 0x02, 0xf1, 0x02, 0xf1, 0x02, 0xf1,
    0x02, 0xf1, 0x02, 0xf1, 0x01, 0xf1, 0x01, 0xf1, 0x02, 0xf1, 0x02, 0xf1, 0x02, 0xf1, 0x02, 0xf1,
    0x01, 0xf1, 0x02, 0xf1, 0x02, 0xf1, 0x02, 0xf1, 0x02, 0xf1, 0x02, 0xf1, 0x02, 0xf1, 0x02, 0xf1,
    0x01, 0xf1, 0x02, 0xf1, 0x12, 0xf1, 0x01, 0xf1, 0x01, 0xf1, 0x01, 0xf1, 0x01, 0xf1, 0x01, 0xf1,
    0x01, 0xf1, 0x01, 0xf1, 0x01, 0xf1, 0x01, 0xf1, 0x01, 0xf1, 0x01, 0xf1, 0x01, 0xf1, 0x01, 0xf1,
    0x01, 0xf1, 0x01, 0xf1, 0x01, 0xf1, 0x01, 0xf1, 0x01, 0xf1, 0x01, 0xf1, 0x01, 0xf1, 0x01, 0xf1,
    0x01, 0xf1, 0x01, 0xf1, 0x01, 0xf1, 0x01, 0xf1, 0x01, 0xf1, 0x01, 0xf1, 0x01, 0xf1, 0x01, 0xf1,
    0x01, 0xf1, 0x01, 0xf1, 0x01, 0xf1, 0x01, 0xf1, 0x01, 0xf1, 0x02, 0xf1, 0x02, 0xf1, 0x01, 0xf1,
    0x02, 0xf1, 0x02, 0xf1, 0x02, 0xf1, 0x02, 0xf1, 0x02, 0xf1, 0x02, 0xf1, 0x02, 0xf1, 0x02, 0xf1,
    0x02, 0xf1, 0x01, 0xf1, 0x02, 0xf1, 0x02, 0xf1, 0x02, 0xf1, 0x02, 0xf1, 0x02, 0xf1, 0x02, 0xf1,
    0x01, 0xf1, 0x02, 0xf1, 0x02, 0xf1, 0x02, 0xf1, 0x02, 0xf1, 0x02, 0xf1, 0x02, 0xf1, 0x02, 0xf1,
    0x01, 0xf1, 0x02, 0xf1, 0x02, 0xf1, 0x02, 0xf1, 0x02, 0xf1, 0x01, 0xf1, 0x02, 0xf1, 0x01, 0xf1,
    0x01, 0xf1, 0x02, 0xf1, 0x02, 0xf1, 0x01, 0xf1, 0x01, 0xf1, 0x01, 0xf1, 0x01, 0xf1, 0x01, 0xf1,
    0x01, 0xf1, 0x01, 0xf1, 0x01, 0xf1, 0x02, 0xf1, 0x02, 0xf1, 0x02, 0xf1, 0x02, 0xf1, 0x02, 0xf1,
    0x02, 0xf1, 0x02, 0xf1, 0x02, 0xf1, 0x02, 0xf1, 0x02, 0xf1, 0x02, 0xf1, 0x02, 0xf1, 0x02, 0xf1,
    0x02, 0xf1, 0x02, 0xf1, 0x02, 0xf1, 0x02, 0xf1, 0x02, 0xf1, 0x02, 0xf1, 0x02, 0xf1, 0x02, 0xf1,
    0x02, 0xf1, 0x02, 0xf1, 0x02, 0xf1, 0x02, 0xf1, 0x02, 0xf1, 0x02, 0xf1, 0x01, 0xf1, 0x01, 0xf1,
    0x01, 0xf1, 0x02, 0xf1, 0x02, 0xf1, 0x01, 0xf1, 0x01, 0xf1, 0x01, 0xf1, 0x01, 0xf1, 0x01, 0xf1,
    0x02, 0xf1, 0x01, 0xf1, 0x01, 0xf1, 0x01, 0xf1, 0x01, 0xf1, 0x01, 0xf1, 0x01, 0xf1, 0x01, 0xf1,
    0x01, 0xf1, 0x01, 0xf1, 0x01, 0xf1, 0x01, 0xf1, 0x01, 0xf1, 0x01, 0xf1, 0x01, 0xf1, 0x01, 0xf1,
    0x01, 0xf1, 0x01, 0xf1, 0x01, 0xf1, 0x01, 0xf1, 0x01, 0xf1, 0x02, 0xf1, 0x01, 0xf1, 0x01, 0xf1,
    0x01, 0xf1, 0x02, 0xf1, 0x01, 0xf1, 0x01, 0xf1, 0x02, 0xf1, 0x01, 0xf1, 0x02, 0xf1, 0x01, 0xf1,
    0x02, 0xf1, 0x01, 0xf1, 0x01, 0xf1, 0x01, 0xf1, 0x01, 0xf1, 0x02, 0xf1, 0x12, 0xf1, 0x12, 0xf1,
    0x02, 0xf1, 0x02, 0xf1, 0x01, 0xf1, 0x01, 0xf1, 0x01, 0xf1, 0x02, 0xf1, 0x01, 0xf1, 0x01, 0xf1,
    0x01, 0xf1, 0x01, 0xf1, 0x01, 0xf1, 0x01, 0xf1, 0x01, 0xf1, 0x01, 0xf1, 0x01, 0xf1, 0x02, 0xf1,
    0x01, 0xf1, 0x01, 0xf1, 0x01, 0xf1, 0x01, 0xf1, 0x01, 0xf1, 0x01, 0xf1, 0x01, 0xf1, 0x01, 0xf1,
    0x13, 0xf1, 0x03, 0xf1, 0x13, 0xf1, 0x02, 0xf1, 0x02, 0xf1, 0x02, 0xf1, 0x02, 0xf1, 0x02, 0xf1,
    0x02, 0xf1, 0x02, 0xf1, 0x02, 0xf1, 0x02, 0xf1, 0x02, 0xf1, 0x02, 0xf1, 0x02, 0xf1, 0x02, 0xf1,
    0x02, 0xf1, 0x02, 0xf1, 0x02, 0xf1, 0x02, 0xf1, 0x02, 0xf1, 0x02, 0xf1, 0x02, 0xf1, 0x02, 0xf1,
    0x02, 0xf1, 0x02, 0xf1, 0x02, 0xf1, 0x02, 0xf1, 0x02, 0xf1, 0x02, 0xf1, 0x02, 0xf1, 0x02, 0xf1,
    0x02, 0xf1, 0x02, 0xf1, 0x02, 0xf1, 0x02, 0xf1, 0x02, 0xf1, 0x02, 0xf1, 0x02, 0xf1, 0x02, 0xf1,
    0x02, 0xf1, 0x01, 0xf1, 0x01, 0xf1, 0x01, 0xf1, 0x01, 0xf1, 0x02, 0xf1, 0x02, 0xf1, 0x02, 0xf1,
    0x02, 0xf1, 0x02, 0xf1, 0x02, 0xf1, 0x02, 0xf1, 0x02, 0xf1, 0x02, 0xf1, 0x02, 0xf1, 0x02, 0xf1,
    0x02, 0xf1, 0x02, 0xf1, 0x02, 0xf1, 0x01, 0xf1, 0x01, 0xf1, 0x01, 0xf1, 0x01, 0xf1, 0x01, 0xf1,
    0x01, 0xf1, 0x01, 0xf1, 0x01, 0xf1, 0x01, 0xf1, 0x01, 0xf1, 0x01, 0xf1, 0x01, 0xf1, 0x01, 0xf1,
    0x01, 0xf1, 0x01, 0xf1, 0x01, 0xf1, 0x01, 0xf1, 0x01, 0xf1, 0x01, 0xf1, 0x01, 0xf1, 0x01, 0xf1,
    0x01, 0xf1, 0x01, 0xf1, 0x02, 0xf1, 0x01, 0xf1, 0x01, 0xf1, 0x01, 0xf1, 0x01, 0xf1, 0x01, 0xf1,
    0x01, 0xf1, 0x01, 0xf1, 0x01, 0xf1, 0x01, 0xf1, 0x01, 0xf1, 0x01, 0xf1, 0x02, 0xf1, 0x02, 0xf1,
    0x02, 0xf1, 0x02, 0xf1, 0x02, 0xf1, 0x02, 0xf1, 0x02, 0xf1, 0x02, 0xf1, 0x02, 0xf1, 0x02, 0xf1,
    0x02, 0xf1, 0x02, 0xf1, 0x02, 0xf1, 0x02, 0xf1, 0x02, 0xf1, 0x02, 0xf1, 0x02, 0xf1, 0x02, 0xf1,
    0x02, 0xf1, 0x02, 0xf1, 0x02, 0xf1, 0x02, 0xf1, 0x02, 0xf1, 0x02, 0xf1, 0x02, 0xf1, 0x01, 0xf1,
    0x02, 0xf1, 0x02, 0xf1, 0x02, 0xf1, 0x02, 0xf1, 0x01, 0xf1, 0x01, 0xf1, 0x02, 0xf1, 0x01, 0xf1,
    0x01, 0xf1, 0x02, 0xf1, 0x02, 0xf1, 0x01, 0xf1, 0x01, 0xf1, 0x01, 0xf1, 0x01, 0xf1, 0x01, 0xf1,
    0x01, 0xf1, 0x01, 0xf1, 0x01, 0xf1, 0x02, 0xf1, 0x01, 0xf1, 0x02, 0xf1, 0x02, 0xf1, 0x02, 0xf1,
    0x02, 0xf1, 0x02, 0xf1, 0x02, 0xf1, 0x02, 0xf1, 0x02, 0xf1, 0x02, 0xf1, 0x02, 0xf1, 0x02, 0xf1,
    0x02, 0xf1, 0x02, 0xf1, 0x02, 0xf1, 0x02, 0xf1, 0x02, 0xf1, 0x02, 0xf1, 0x02, 0xf1, 0x02, 0xf1,
    0x02, 0xf1, 0x02, 0xf1, 0x02, 0xf1, 0x02, 0xf1, 0x02, 0xf1, 0x02, 0xf1, 0x02, 0xf1, 0x01, 0xf1,
    0x01, 0xf1, 0x02, 0xf1, 0x01, 0xf1, 0x02, 0xf1, 0x01, 0xf1, 0x01, 0xf1, 0x02, 0xf1, 0x01, 0xf1,
    0x01, 0xf1, 0x01, 0xf1, 0x01, 0xf1, 0x01, 0xf1, 0x01, 0xf1, 0x01, 0xf1, 0x01, 0xf1, 0x01, 0xf1,
    0x01, 0xf1, 0x01, 0xf1, 0x01, 0xf1, 0x01, 0xf1, 0x01, 0xf1, 0x01, 0xf1, 0x01, 0xf1, 0x01, 0xf1,
    0x01, 0xf1, 0x01, 0xf1, 0x01, 0xf1, 0x01, 0xf1, 0x01, 0xf1, 0x02, 0xf1, 0x01, 0xf1, 0x01, 0xf1,
    0x02, 0xf1, 0x01, 0xf1, 0x01, 0xf1, 0x02, 0xf1, 0x02, 0xf1, 0x02, 0xf1, 0x02, 0xf1, 0x02, 0xf1,
    0x02, 0xf1, 0x01, 0xf1, 0x01, 0xf1, 0x01, 0xf1, 0x01, 0xf1, 0x02, 0xf1, 0x13, 0xf1, 0x02, 0xf1,
    0x02, 0xf1, 0x01, 0xf1, 0x01, 0xf1, 0x01, 0xf1, 0x01, 0xf1, 0x01, 0xf1, 0x01, 0xf1, 0x01, 0xf1,
    0x01, 0xf1, 0x01, 0xf1, 0x01, 0xf1, 0x01, 0xf1, 0x01, 0xf1, 0x01, 0xf1, 0x01, 0xf1, 0x02, 0xf1,
    0x01, 0xf1, 0x01, 0xf1, 0x01, 0xf1, 0x01, 0xf1, 0x01, 0xf1, 0x01, 0xf1, 0x01, 0xf1, 0x01, 0xf1,
    0x13, 0xf1, 0x13, 0xf1, 0x13, 0xf1, 0x35, 0xf2, 0x35, 0xf2, 0x02, 0xf1, 0x03, 0xf1, 0x03, 0xf1,
    0x03, 0xf1, 0x03, 0xf1, 0x02, 0xf1, 0x02, 0xf1, 0x02, 0xf1, 0x02, 0xf1, 0x02, 0xf1, 0x02, 0xf1,
    0x02, 0xf1, 0x02, 0xf1, 0x02, 0xf1, 0x02, 0xf1, 0x02, 0xf1, 0x02, 0xf1, 0x02, 0xf1, 0x02, 0xf1,
    0x02, 0xf1, 0x02, 0xf1, 0x02, 0xf1, 0x02, 0xf1, 0x02, 0xf1, 0x02, 0xf1, 0x02, 0xf1, 0x02, 0xf1,
    0x02, 0xf1, 0x02, 0xf1, 0x02, 0xf1, 0x02, 0xf1, 0x02, 0xf1, 0x02, 0xf1, 0x02, 0xf1, 0x02, 0xf1,
    0x02, 0xf1, 0x02, 0xf1, 0x01, 0xf1, 0x02, 0xf1, 0x02, 0xf1, 0x02, 0xf1, 0x02, 0xf1, 0x02, 0xf1,
    0x02, 0xf1, 0x02, 0xf1, 0x02, 0xf1, 0x02, 0xf1, 0x02, 0xf1, 0x02, 0xf1, 0x02, 0xf1, 0x01, 0xf1,
    0x02, 0xf1, 0x02, 0xf1, 0x02, 0xf1, 0x02, 0xf1, 0x01, 0xf1, 0x01, 0xf1, 0x01, 0xf1, 0x01, 0xf1,
    0x01, 0xf1, 0x01, 0xf1, 0x01, 0xf1, 0x01, 0xf1, 0x01, 0xf1, 0x01, 0xf1, 0x01, 0xf1, 0x01, 0xf1,
    0x01, 0xf1, 0x01, 0xf1, 0x01, 0xf1, 0x01, 0xf1, 0x01, 0xf1, 0x01, 0xf1, 0x01, 0xf1, 0x02, 0xf1,
    0x01, 0xf1, 0x02, 0xf1, 0x02, 0xf1, 0x01, 0xf1, 0x01, 0xf1, 0x01, 0xf1, 0x01, 0xf1, 0x02, 0xf1,
    0x02, 0xf1, 0x02, 0xf1, 0x01, 0xf1, 0x02, 0xf1, 0x02, 0xf1, 0x02, 0xf1, 0x02, 0xf1, 0x02, 0xf1,
    0x02, 0xf1, 0x02, 0xf1, 0x02, 0xf1, 0x02, 0xf1, 0x12, 0xf1, 0x02, 0xf1, 0x02, 0xf1, 0x02, 0xf1,
    0x02, 0xf1, 0x02, 0xf1, 0x02, 0xf1, 0x02, 0xf1, 0x02, 0xf1, 0x02, 0xf1, 0x02, 0xf1, 0x02, 0xf1,
    0x02, 0xf1, 0x02, 0xf1, 0x02, 0xf1, 0x02, 0xf1, 0x02, 0xf1, 0x02, 0xf1, 0x01, 0xf1, 0x01, 0xf1,
    0x01, 0xf1, 0x01, 0xf1, 0x02, 0xf1, 0x02, 0xf1, 0x02, 0xf1, 0x01, 0xf1, 0x02, 0xf1, 0x02, 0xf1,
    0x02, 0xf1, 0x02, 0xf1, 0x02, 0xf1, 0x02, 0xf1, 0x02, 0xf1, 0x01, 0xf1, 0x01, 0xf1, 0x01, 0xf1,
    0x01, 0xf1, 0x01, 0xf1, 0x01, 0xf1, 0x01, 0xf1, 0x01, 0xf1, 0x02, 0xf1, 0x02, 0xf1, 0x02, 0xf1,
    0x02, 0xf1, 0x01, 0xf1, 0x01, 0xf1, 0x02, 0xf1, 0x02, 0xf1, 0x02, 0xf1, 0x02, 0xf1, 0x02, 0xf1,
    0x02, 0xf1, 0x02, 0xf1, 0x02, 0xf1, 0x02, 0xf1, 0x02, 0xf1, 0x02, 0xf1, 0x02, 0xf1, 0x02, 0xf1,
    0x02, 0xf1, 0x02, 0xf1, 0x02, 0xf1, 0x01, 0xf1, 0x02, 0xf1, 0x01, 0xf1, 0x01, 0xf1, 0x01, 0xf1,
    0x01, 0xf1, 0x02, 0xf1, 0x02, 0xf1, 0x02, 0xf1, 0x01, 0xf1, 0x01, 0xf1, 0x01, 0xf1, 0x01, 0xf1,
    0x01, 0xf1, 0x01, 0xf1, 0x01, 0xf1, 0x01, 0xf1, 0x01, 0xf1, 0x01, 0xf1, 0x01, 0xf1, 0x01, 0xf1,
    0x01, 0xf1, 0x01, 0xf1, 0x01, 0xf1, 0x01, 0xf1, 0x01, 0xf1, 0x01, 0xf1, 0x01, 0xf1, 0x01, 0xf1,
    0x01, 0xf1, 0x01, 0xf1, 0x02, 0xf1, 0x02, 0xf1, 0x01, 0xf1, 0x02, 0xf1, 0x01, 0xf1, 0x01, 0xf1,
    0x01, 0xf1, 0x01, 0xf1, 0x01, 0xf1, 0x02, 0xf1, 0x12, 0xf1, 0x02, 0xf1, 0x02, 0xf1, 0x12, 0xf1,
    0x13, 0xf1, 0x12, 0xf1, 0x01, 0xf1, 0x01, 0xf1, 0x02, 0xf1, 0x12, 0xf1, 0x12, 0xf1, 0x01, 0xf1,
    0x01, 0xf1, 0x01, 0xf1, 0x01, 0xf1, 0x01, 0xf1, 0x01, 0xf1, 0x01, 0xf1, 0x01, 0xf1, 0x01, 0xf1,
    0x01, 0xf1, 0x01, 0xf1, 0x01, 0xf1, 0x01, 0xf1, 0x01, 0xf1, 0x01, 0xf1, 0x01, 0xf1, 0x01, 0xf1,
    0x01, 0xf1, 0x02, 0xf1, 0x01, 0xf1, 0x01, 0xf1, 0x01, 0xf1, 0x01, 0xf1, 0x01, 0xf1, 0x01, 0xf1,
    0x13, 0xf1, 0x03, 0xf1, 0x13, 0xf1, 0x68, 0xf3, 0x57, 0xf3, 0x03, 0xf1, 0x02, 0xf1, 0x02, 0xf1,
    0x03, 0xf1, 0x13, 0xf1, 0x02, 0xf1, 0x02, 0xf1, 0x02, 0xf1, 0x02, 0xf1, 0x03, 0xf1, 0x13, 0xf1,
    0x13, 0xf1, 0x02, 0xf1, 0x02, 0xf1, 0x02, 0xf1, 0x02, 0xf1, 0x02, 0xf1, 0x02, 0xf1, 0x02, 0xf1,
    0x02, 0xf1, 0x02, 0xf1, 0x02, 0xf1, 0x02, 0xf1, 0x02, 0xf1, 0x02, 0xf1, 0x02, 0xf1, 0x02, 0xf1,
    0x02, 0xf1, 0x02, 0xf1, 0x02, 0xf1, 0x02, 0xf1, 0x02, 0xf1, 0x02, 0xf1, 0x02, 0xf1, 0x02, 0xf1,
    0x02, 0xf1, 0x02, 0xf1, 0x02, 0xf1, 0x02, 0xf1, 0x02, 0xf1, 0x02, 0xf1, 0x02, 0xf1, 0x02, 0xf1,
    0x02, 0xf1, 0x02, 0xf1, 0x02, 0xf1, 0x02, 0xf1, 0x02, 0xf1, 0x02, 0xf1, 0x02, 0xf1, 0x02, 0xf1,
    0x02, 0xf1, 0x02, 0xf1, 0x02, 0xf1, 0x02, 0xf1, 0x02, 0xf1, 0x01, 0xf1, 0x01, 0xf1, 0x01, 0xf1,
    0x01, 0xf1, 0x01, 0xf1, 0x01, 0xf1, 0x01, 0xf1, 0x01, 0xf1, 0x01, 0xf1, 0x01, 0xf1, 0x01, 0xf1,
    0x01, 0xf1, 0x01, 0xf1, 0x01, 0xf1, 0x01, 0xf1, 0x01, 0xf1, 0x01, 0xf1, 0x01, 0xf1, 0x02, 0xf1,
    0x02, 0xf1, 0x02, 0xf1, 0x02, 0xf1, 0x02, 0xf1, 0x01, 0xf1, 0x01, 0xf1, 0x01, 0xf1, 0x01, 0xf1,
    0x01, 0xf1, 0x02, 0xf1, 0x02, 0xf1, 0x02, 0xf1, 0x02, 0xf1, 0x02, 0xf1, 0x02, 0xf1, 0x02, 0xf1,
    0x02, 0xf1, 0x02, 0xf1, 0x02, 0xf1, 0x02, 0xf1, 0x02, 0xf1, 0x02, 0xf1, 0x02, 0xf1, 0x02, 0xf1,
    0x02, 0xf1, 0x02, 0xf1, 0x02, 0xf1, 0x13, 0xf1, 0x13, 0xf1, 0x02, 0xf1, 0x02, 0xf1, 0x02, 0xf1,
    0x02, 0xf1, 0x02, 0xf1, 0x02, 0xf1, 0x02, 0xf1, 0x02, 0xf1, 0x02, 0xf1, 0x01, 0xf1, 0x01, 0xf1,
    0x01, 0xf1, 0x13, 0xf1, 0x12, 0xf1, 0x01, 0xf1, 0x01, 0xf1, 0x01, 0xf1, 0x01, 0xf1, 0x01, 0xf1,
    0x02, 0xf1, 0x02, 0xf1, 0x02, 0xf1, 0x02, 0xf1, 0x01, 0xf1, 0x01, 0xf1, 0x02, 0xf1, 0x02, 0xf1,
    0x01, 0xf1, 0x01, 0xf1, 0x01, 0xf1, 0x01, 0xf1, 0x02, 0xf1, 0x02, 0xf1, 0x02, 0xf1, 0x01, 0xf1,
    0x01, 0xf1, 0x02, 0xf1, 0x02, 0xf1, 0x02, 0xf1, 0x02, 0xf1, 0x02, 0xf1, 0x02, 0xf1, 0x02, 0xf1,
    0x02, 0xf1, 0x02, 0xf1, 0x02, 0xf1, 0x02, 0xf1, 0x02, 0xf1, 0x02, 0xf1, 0x02, 0xf1, 0x02, 0xf1,
    0x02, 0xf1, 0x02, 0xf1, 0x02, 0xf1, 0x02, 0xf1, 0x01, 0xf1, 0x01, 0xf1, 0x02, 0xf1, 0x02, 0xf1,
    0x01, 0xf1, 0x02, 0xf1, 0x02, 0xf1, 0x02, 0xf1, 0x02, 0xf1, 0x02, 0xf1, 0x02, 0xf1, 0x02, 0xf1,
    0x02, 0xf1, 0x01, 0xf1, 0x01, 0xf1, 0x01, 0xf1, 0x01, 0xf1, 0x02, 0xf1, 0x01, 0xf1, 0x01, 0xf1,
    0x01, 0xf1, 0x01, 0xf1, 0x01, 0xf1, 0x01, 0xf1, 0x01, 0xf1, 0x01, 0xf1, 0x01, 0xf1, 0x01, 0xf1,
    0x01, 0xf1, 0x01, 0xf1, 0x02, 0xf1, 0x02, 0xf1, 0x01, 0xf1, 0x01, 0xf1, 0x02, 0xf1, 0x01, 0xf1,
    0x02, 0xf1, 0x02, 0xf1, 0x02, 0xf1, 0x02, 0xf1, 0x02, 0xf1, 0x01, 0xf1, 0x02, 0xf1, 0x35, 0xf2,
    0x79, 0xf3, 0x24, 0xf2, 0x02, 0xf1, 0x01, 0xf1, 0x02, 0xf1, 0x02, 0xf1, 0x02, 0xf1, 0x01, 0xf1,
    0x01, 0xf1, 0x01, 0xf1, 0x01, 0xf1, 0x01, 0xf1, 0x01, 0xf1, 0x01, 0xf1, 0x01, 0xf1, 0x01, 0xf1,
    0x01, 0xf1, 0x01, 0xf1, 0x01, 0xf1, 0x01, 0xf1, 0x01, 0xf1, 0x01, 0xf1, 0x01, 0xf1, 0x01, 0xf1,
    0x02, 0xf1, 0x02, 0xf1, 0x01, 0xf1, 0x01, 0xf1, 0x02, 0xf1, 0x02, 0xf1, 0x01, 0xf1, 0x01, 0xf1,
    0x13, 0xf1, 0x02, 0xf1, 0x03, 0xf1, 0x24, 0xf2, 0x24, 0xf2, 0x02, 0xf1, 0x02, 0xf1, 0x02, 0xf1,
    0x02, 0xf1, 0x02, 0xf1, 0x02, 0xf1, 0x02, 0xf1, 0x02, 0xf1, 0x02, 0xf1, 0x14, 0xf2, 0x46, 0xf2,
    0x36, 0xf2, 0x13, 0xf1, 0x02, 0xf1, 0x02, 0xf1, 0x02, 0xf1, 0x02, 0xf1, 0x12, 0xf1, 0x02, 0xf1,
    0x02, 0xf1, 0x02, 0xf1, 0x02, 0xf1, 0x02, 0xf1, 0x02, 0xf1, 0x02, 0xf1, 0x02, 0xf1, 0x02, 0xf1,
    0x02, 0xf1, 0x02, 0xf1, 0x02, 0xf1, 0x02, 0xf1, 0x02, 0xf1, 0x02, 0xf1, 0x02, 0xf1, 0x02, 0xf1,
    0x02, 0xf1, 0x02, 0xf1, 0x02, 0xf1, 0x12, 0xf1, 0x12, 0xf1, 0x02, 0xf1, 0x02, 0xf1, 0x02, 0xf1,
    0x02, 0xf1, 0x02, 0xf1, 0x02, 0xf1, 0x02, 0xf1, 0x02, 0xf1, 0x02, 0xf1, 0x02, 0xf1, 0x02, 0xf1,
    0x02, 0xf1, 0x02, 0xf1, 0x02, 0xf1, 0x02, 0xf1, 0x02, 0xf1, 0x01, 0xf1, 0x01, 0xf1, 0x02, 0xf1,
    0x01, 0xf1, 0x01, 0xf1, 0x01, 0xf1, 0x01, 0xf1, 0x01, 0xf1, 0x01, 0xf1, 0x01, 0xf1, 0x01, 0xf1,
    0x02, 0xf1, 0x01, 0xf1, 0x01, 0xf1, 0x01, 0xf1, 0x01, 0xf1, 0x01, 0xf1, 0x01, 0xf1, 0x01, 0xf1,
    0x02, 0xf1, 0x02, 0xf1, 0x02, 0xf1, 0x02, 0xf1, 0x02, 0xf1, 0x02, 0xf1, 0x01, 0xf1, 0x01, 0xf1,
    0x02, 0xf1, 0x02, 0xf1, 0x02, 0xf1, 0x02, 0xf1, 0x02, 0xf1, 0x02, 0xf1, 0x02, 0xf1, 0x02, 0xf1,
    0x02, 0xf1, 0x02, 0xf1, 0x02, 0xf1, 0x02, 0xf1, 0x02, 0xf1, 0x02, 0xf1, 0x02, 0xf1, 0x02, 0xf1,
    0x02, 0xf1, 0x02, 0xf1, 0x02, 0xf1, 0x13, 0xf1, 0x13, 0xf1, 0x02, 0xf1, 0x02, 0xf1, 0x02, 0xf1,
    0x02, 0xf1, 0x02, 0xf1, 0x02, 0xf1, 0x02, 0xf1, 0x02, 0xf1, 0x01, 0xf1, 0x01, 0xf1, 0x01, 0xf1,
    0x02, 0xf1, 0x02, 0xf1, 0x02, 0xf1, 0x01, 0xf1, 0x01, 0xf1, 0x01, 0xf1, 0x01, 0xf1, 0x02, 0xf1,
    0x02, 0xf1, 0x02, 0xf1, 0x02, 0xf1, 0x02, 0xf1, 0x02, 0xf1, 0x02, 0xf1, 0x02, 0xf1, 0x02, 0xf1,
    0x02, 0xf1, 0x01, 0xf1, 0x01, 0xf1, 0x01, 0xf1, 0x01, 0xf1, 0x01, 0xf1, 0x02, 0xf1, 0x02, 0xf1,
    0x02, 0xf1, 0x02, 0xf1, 0x02, 0xf1, 0x02, 0xf1, 0x02, 0xf1, 0x02, 0xf1, 0x02, 0xf1, 0x02, 0xf1,
    0x02, 0xf1, 0x02, 0xf1, 0x12, 0xf1, 0x02, 0xf1, 0x02, 0xf1, 0x02, 0xf1, 0x02, 0xf1, 0x02, 0xf1,
    0x02, 0xf1, 0x02, 0xf1, 0x02, 0xf1, 0x02, 0xf1, 0x01, 0xf1, 0x02, 0xf1, 0x02, 0xf1, 0x01, 0xf1,
    0x01, 0xf1, 0x01, 0xf1, 0x02, 0xf1, 0x02, 0xf1, 0x01, 0xf1, 0x02, 0xf1, 0x02, 0xf1, 0x02, 0xf1,
    0x02, 0xf1, 0x01, 0xf1, 0x01, 0xf1, 0x01, 0xf1, 0x01, 0xf1, 0x01, 0xf1, 0x01, 0xf1, 0x01, 0xf1,
    0x01, 0xf1, 0x01, 0xf1, 0x01, 0xf1, 0x01, 0xf1, 0x01, 0xf1, 0x01, 0xf1, 0x01, 0xf1, 0x01, 0xf1,
    0x01, 0xf1, 0x02, 0xf1, 0x02, 0xf1, 0x02, 0xf1, 0x01, 0xf1, 0x01, 0xf1, 0x01, 0xf1, 0x01, 0xf1,
    0x02, 0xf1, 0x02, 0xf1, 0x02, 0xf1, 0x02, 0xf1, 0x02, 0xf1, 0x01, 0xf1, 0x02, 0xf1, 0x34, 0xf2,
    0x67, 0xf3, 0x23, 0xf2, 0x02, 0xf1, 0x02, 0xf1, 0x02, 0xf1, 0x01, 0xf1, 0x01, 0xf1, 0x02, 0xf1,
    0x01, 0xf1, 0x01, 0xf1, 0x01, 0xf1, 0x01, 0xf1, 0x01, 0xf1, 0x01, 0xf1, 0x01, 0xf1, 0x01, 0xf1,
    0x01, 0xf1, 0x01, 0xf1, 0x01, 0xf1, 0x01, 0xf1, 0x01, 0xf1, 0x01, 0xf1, 0x01, 0xf1, 0x01, 0xf1,
    0x01, 0xf1, 0x02, 0xf1, 0x01, 0xf1, 0x01, 0xf1, 0x02, 0xf1, 0x02, 0xf1, 0x01, 0xf1, 0x01, 0xf1,
    0x02, 0xf1, 0x02, 0xf1, 0x03, 0xf1, 0x02, 0xf1, 0x02, 0xf1, 0x02, 0xf1, 0x02, 0xf1, 0x02, 0xf1,
    0x02, 0xf1, 0x02, 0xf1, 0x02, 0xf1, 0x02, 0xf1, 0x02, 0xf1, 0x02, 0xf1, 0x24, 0xf2, 0x79, 0xf3,
    0x58, 0xf3, 0x13, 0xf1, 0x02, 0xf1, 0x02, 0xf1, 0x02, 0xf1, 0x02, 0xf1, 0x03, 0xf1, 0x02, 0xf1,
    0x02, 0xf1, 0x02, 0xf1, 0x02, 0xf1, 0x02, 0xf1, 0x02, 0xf1, 0x02, 0xf1, 0x02, 0xf1, 0x02, 0xf1,
    0x02, 0xf1, 0x02, 0xf1, 0x02, 0xf1, 0x02, 0xf1, 0x02, 0xf1, 0x02, 0xf1, 0x02, 0xf1, 0x02, 0xf1,
    0x02, 0xf1, 0x02, 0xf1, 0x02, 0xf1, 0x02, 0xf1, 0x02, 0xf1, 0x02, 0xf1, 0x02, 0xf1, 0x02, 0xf1,
    0x02, 0xf1, 0x02, 0xf1, 0x02, 0xf1, 0x02, 0xf1, 0x02, 0xf1, 0x02, 0xf1, 0x02, 0xf1, 0x02, 0xf1,
    0x02, 0xf1, 0x02, 0xf1, 0x02, 0xf1, 0x02, 0xf1, 0x02, 0xf1, 0x02, 0xf1, 0x02, 0xf1, 0x02, 0xf1,
    0x01, 0xf1, 0x01, 0xf1, 0x01, 0xf1, 0x01, 0xf1, 0x01, 0xf1, 0x01, 0xf1, 0x01, 0xf1, 0x01, 0xf1,
    0x02, 0xf1, 0x02, 0xf1, 0x01, 0xf1, 0x01, 0xf1, 0x02, 0xf1, 0x02, 0xf1, 0x01, 0xf1, 0x01, 0xf1,
    0x02, 0xf1, 0x02, 0xf1, 0x02, 0xf1, 0x02, 0xf1, 0x02, 0xf1, 0x02, 0xf1, 0x01, 0xf1, 0x02, 0xf1,
    0x02, 0xf1, 0x02, 0xf1, 0x02, 0xf1, 0x02, 0xf1, 0x02, 0xf1, 0x02, 0xf1, 0x02, 0xf1, 0x02, 0xf1,
    0x02, 0xf1, 0x02, 0xf1, 0x02, 0xf1, 0x02, 0xf1, 0x02, 0xf1, 0x02, 0xf1, 0x02, 0xf1, 0x02, 0xf1,
    0x02, 0xf1, 0x02, 0xf1, 0x02, 0xf1, 0x02, 0xf1, 0x02, 0xf1, 0x13, 0xf1, 0x13, 0xf1, 0x02, 0xf1,
    0x02, 0xf1, 0x02, 0xf1, 0x02, 0xf1, 0x02, 0xf1, 0x02, 0xf1, 0x02, 0xf1, 0x02, 0xf1, 0x01, 0xf1,
    0x01, 0xf1, 0x01, 0xf1, 0x01, 0xf1, 0x02, 0xf1, 0x01, 0xf1, 0x02, 0xf1, 0x02, 0xf1, 0x02, 0xf1,
    0x02, 0xf1, 0x02, 0xf1, 0x02, 0xf1, 0x02, 0xf1, 0x02, 0xf1, 0x02, 0xf1, 0x02, 0xf1, 0x13, 0xf1,
    0x24, 0xf2, 0x02, 0xf1, 0x01, 0xf1, 0x01, 0xf1, 0x01, 0xf1, 0x01, 0xf1, 0x01, 0xf1, 0x01, 0xf1,
    0x02, 0xf1, 0x02, 0xf1, 0x02, 0xf1, 0x02, 0xf1, 0x02, 0xf1, 0x02, 0xf1, 0x02, 0xf1, 0x02, 0xf1,
    0x02, 0xf1, 0x02, 0xf1, 0x02, 0xf1, 0x02, 0xf1, 0x02, 0xf1, 0x02, 0xf1, 0x02, 0xf1, 0x02, 0xf1,
    0x02, 0xf1, 0x12, 0xf1, 0x02, 0xf1, 0x02, 0xf1, 0x02, 0xf1, 0x02, 0xf1, 0x02, 0xf1, 0x01, 0xf1,
    0x02, 0xf1, 0x01, 0xf1, 0x02, 0xf1, 0x02, 0xf1, 0x02, 0xf1, 0x02, 0xf1, 0x02, 0xf1, 0x02, 0xf1,
    0x01, 0xf1, 0x02, 0xf1, 0x02, 0xf1, 0x02, 0xf1, 0x01, 0xf1, 0x01, 0xf1, 0x01, 0xf1, 0x01, 0xf1,
    0x01, 0xf1, 0x01, 0xf1, 0x01, 0xf1, 0x02, 0xf1, 0x01, 0xf1, 0x01, 0xf1, 0x01, 0xf1, 0x01, 0xf1,
    0x01, 0xf1, 0x02, 0xf1, 0x01, 0xf1, 0x01, 0xf1, 0x01, 0xf1, 0x01, 0xf1, 0x01, 0xf1, 0x01, 0xf1,
    0x02, 0xf1, 0x02, 0xf1, 0x02, 0xf1, 0x02, 0xf1, 0x02, 0xf1, 0x12, 0xf1, 0x12, 0xf1, 0x02, 0xf1,
    0x02, 0xf1, 0x02, 0xf1, 0x02, 0xf1, 0x01, 0xf1, 0x01, 0xf1, 0x02, 0xf1, 0x02, 0xf1, 0x01, 0xf1,
    0x01, 0xf1, 0x01, 0xf1, 0x01, 0xf1, 0x01, 0xf1, 0x01, 0xf1, 0x01, 0xf1, 0x01, 0xf1, 0x01, 0xf1,
    0x01, 0xf1, 0x01, 0xf1, 0x01, 0xf1, 0x01, 0xf1, 0x01, 0xf1, 0x01, 0xf1, 0x01, 0xf1, 0x01, 0xf1,
    0x02, 0xf1, 0x01, 0xf1, 0x01, 0xf1, 0x01, 0xf1, 0x01, 0xf1, 0x02, 0xf1, 0x02, 0xf1, 0x02, 0xf1,
    0x02, 0xf1, 0x02, 0xf1, 0x02, 0xf1, 0x02, 0xf1, 0x13, 0xf1, 0x13, 0xf1, 0x03, 0xf1, 0x02, 0xf1,
    0x02, 0xf1, 0x02, 0xf1, 0x02, 0xf1, 0x02, 0xf1, 0x02, 0xf1, 0x02, 0xf1, 0x13, 0xf1, 0x24, 0xf2,
    0x14, 0xf2, 0x13, 0xf1, 0x02, 0xf1, 0x02, 0xf1, 0x02, 0xf1, 0x02, 0xf1, 0x02, 0xf1, 0x02, 0xf1,
    0x02, 0xf1, 0x02, 0xf1, 0x02, 0xf1, 0x02, 0xf1, 0x02, 0xf1, 0x02, 0xf1, 0x02, 0xf1, 0x02, 0xf1,
    0x02, 0xf1, 0x02, 0xf1, 0x02, 0xf1, 0x02, 0xf1, 0x02, 0xf1, 0x02, 0xf1, 0x02, 0xf1, 0x02, 0xf1,
    0x02, 0xf1, 0x02, 0xf1, 0x02, 0xf1, 0x02, 0xf1, 0x02, 0xf1, 0x02, 0xf1, 0x02, 0xf1, 0x02, 0xf1,
    0x02, 0xf1, 0x02, 0xf1, 0x02, 0xf1, 0x02, 0xf1, 0x02, 0xf1, 0x02, 0xf1, 0x12, 0xf1, 0x02, 0xf1,
    0x02, 0xf1, 0x02, 0xf1, 0x02, 0xf1, 0x02, 0xf1, 0x02, 0xf1, 0x02, 0xf1, 0x02, 0xf1, 0x02, 0xf1,
    0x01, 0xf1, 0x01, 0xf1, 0x02, 0xf1, 0x01, 0xf1, 0x01, 0xf1, 0x01, 0xf1, 0x01, 0xf1, 0x01, 0xf1,
    0x01, 0xf1, 0x02, 0xf1, 0x01, 0xf1, 0x02, 0xf1, 0x02, 0xf1, 0x02, 0xf1, 0x02, 0xf1, 0x02, 0xf1,
    0x02, 0xf1, 0x02, 0xf1, 0x02, 0xf1, 0x02, 0xf1, 0x02, 0xf1, 0x02, 0xf1, 0x02, 0xf1, 0x02, 0xf1,
    0x02, 0xf1, 0x02, 0xf1, 0x02, 0xf1, 0x02, 0xf1, 0x02, 0xf1, 0x02, 0xf1, 0x02, 0xf1, 0x02, 0xf1,
    0x02, 0xf1, 0x02, 0xf1, 0x02, 0xf1, 0x02, 0xf1, 0x02, 0xf1, 0x02, 0xf1, 0x02, 0xf1, 0x02, 0xf1,
    0x02, 0xf1, 0x02, 0xf1, 0x02, 0xf1, 0x13, 0xf1, 0x25, 0xf2, 0x25, 0xf2, 0x14, 0xf2, 0x13, 0xf1,
    0x02, 0xf1, 0x02, 0xf1, 0x02, 0xf1, 0x02, 0xf1, 0x02, 0xf1, 0x02, 0xf1, 0x02, 0xf1, 0x02, 0xf1,
    0x02, 0xf1, 0x01, 0xf1, 0x01, 0xf1, 0x02, 0xf1, 0x02, 0xf1, 0x02, 0xf1, 0x02, 0xf1, 0x02, 0xf1,
    0x02, 0xf1, 0x02, 0xf1, 0x02, 0xf1, 0x02, 0xf1, 0x02, 0xf1, 0x02, 0xf1, 0x02, 0xf1, 0x35, 0xf2,
    0x68, 0xf3, 0x03, 0xf1, 0x01, 0xf1, 0x01, 0xf1, 0x02, 0xf1, 0x01, 0xf1, 0x01, 0xf1, 0x02, 0xf1,
    0x02, 0xf1, 0x02, 0xf1, 0x02, 0xf1, 0x02, 0xf1, 0x02, 0xf1, 0x02, 0xf1, 0x02, 0xf1, 0x02, 0xf1,
    0x02, 0xf1, 0x02, 0xf1, 0x02, 0xf1, 0x02, 0xf1, 0x02, 0xf1, 0x02, 0xf1, 0x02, 0xf1, 0x02, 0xf1,
    0x02, 0xf1, 0x02, 0xf1, 0x13, 0xf1, 0x13, 0xf1, 0x02, 0xf1, 0x02, 0xf1, 0x02, 0xf1, 0x02, 0xf1,
    0x01, 0xf1, 0x01, 0xf1, 0x01, 0xf1, 0x02, 0xf1, 0x02, 0xf1, 0x02, 0xf1, 0x13, 0xf1, 0x12, 0xf1,
    0x01, 0xf1, 0x01, 0xf1, 0x02, 0xf1, 0x02, 0xf1, 0x01, 0xf1, 0x01, 0xf1, 0x01, 0xf1, 0x01, 0xf1,
    0x02, 0xf1, 0x02, 0xf1, 0x01, 0xf1, 0x02, 0xf1, 0x02, 0xf1, 0x01, 0xf1, 0x01, 0xf1, 0x01, 0xf1,
    0x02, 0xf1, 0x02, 0xf1, 0x01, 0xf1, 0x01, 0xf1, 0x01, 0xf1, 0x01, 0xf1, 0x01, 0xf1, 0x01, 0xf1,
    0x01, 0xf1, 0x02, 0xf1, 0x02, 0xf1, 0x01, 0xf1, 0x01, 0xf1, 0x02, 0xf1, 0x02, 0xf1, 0x01, 0xf1,
    0x02, 0xf1, 0x02, 0xf1, 0x02, 0xf1, 0x02, 0xf1, 0x01, 0xf1, 0x02, 0xf1, 0x02, 0xf1, 0x02, 0xf1,
    0x01, 0xf1, 0x01, 0xf1, 0x01, 0xf1, 0x01, 0xf1, 0x01, 0xf1, 0x01, 0xf1, 0x01, 0xf1, 0x02, 0xf1,
    0x01, 0xf1, 0x01, 0xf1, 0x01, 0xf1, 0x01, 0xf1, 0x01, 0xf1, 0x01, 0xf1, 0x01, 0xf1, 0x01, 0xf1,
    0x01, 0xf1, 0x01, 0xf1, 0x01, 0xf1, 0x02, 0xf1, 0x01, 0xf1, 0x02, 0xf1, 0x13, 0xf1, 0x13, 0xf1,
    0x12, 0xf1, 0x02, 0xf1, 0x02, 0xf1, 0x02, 0xf1, 0x13, 0xf1, 0x13, 0xf1, 0x02, 0xf1, 0x02, 0xf1,
    0x03, 0xf1, 0x13, 0xf1, 0x13, 0xf1, 0x02, 0xf1, 0x02, 0xf1, 0x02, 0xf1, 0x02, 0xf1, 0x02, 0xf1,
    0x02, 0xf1, 0x02, 0xf1, 0x02, 0xf1, 0x02, 0xf1, 0x02, 0xf1, 0x02, 0xf1, 0x02, 0xf1, 0x02, 0xf1,
    0x02, 0xf1, 0x02, 0xf1, 0x02, 0xf1, 0x02, 0xf1, 0x02, 0xf1, 0x02, 0xf1, 0x02, 0xf1, 0x02, 0xf1,
    0x12, 0xf1, 0x02, 0xf1, 0x02, 0xf1, 0x02, 0xf1, 0x02, 0xf1, 0x02, 0xf1, 0x02, 0xf1, 0x02, 0xf1,
    0x02, 0xf1, 0x02, 0xf1, 0x02, 0xf1, 0x02, 0xf1, 0x02, 0xf1, 0x02, 0xf1, 0x02, 0xf1, 0x02, 0xf1,
    0x02, 0xf1, 0x02, 0xf1, 0x02, 0xf1, 0x02, 0xf1, 0x02, 0xf1, 0x02, 0xf1, 0x02, 0xf1, 0x02, 0xf1,
    0x02, 0xf1, 0x02, 0xf1, 0x12, 0xf1, 0x02, 0xf1, 0x02, 0xf1, 0x02, 0xf1, 0x02, 0xf1, 0x02, 0xf1,
    0x02, 0xf1, 0x02, 0xf1, 0x02, 0xf1, 0x01, 0xf1, 0x01, 0xf1, 0x01, 0xf1, 0x01, 0xf1, 0x01, 0xf1,
    0x02, 0xf1, 0x01, 0xf1, 0x01, 0xf1, 0x01, 0xf1, 0x02, 0xf1, 0x02, 0xf1, 0x02, 0xf1, 0x02, 0xf1,
    0x02, 0xf1, 0x02, 0xf1, 0x02, 0xf1, 0x02, 0xf1, 0x02, 0xf1, 0x02, 0xf1, 0x02, 0xf1, 0x02, 0xf1,
    0x02, 0xf1, 0x02, 0xf1, 0x02, 0xf1, 0x02, 0xf1, 0x02, 0xf1, 0x02, 0xf1, 0x02, 0xf1, 0x02, 0xf1,
    0x02, 0xf1, 0x02, 0xf1, 0x02, 0xf1, 0x02, 0xf1, 0x02, 0xf1, 0x02, 0xf1, 0x02, 0xf1, 0x02, 0xf1,
    0x02, 0xf1, 0x02, 0xf1, 0x13, 0xf1, 0x24, 0xf2, 0x58, 0xf3, 0x68, 0xf3, 0x36, 0xf2, 0x13, 0xf1,
    0x02, 0xf1, 0x02, 0xf1, 0x02, 0xf1, 0x02, 0xf1, 0x02, 0xf1, 0x02, 0xf1, 0x12, 0xf1, 0x02, 0xf1,
    0x02, 0xf1, 0x02, 0xf1, 0x02, 0xf1, 0x02, 0xf1, 0x02, 0xf1, 0x02, 0xf1, 0x02, 0xf1, 0x02, 0xf1,
    0x02, 0xf1, 0x02, 0xf1, 0x02, 0xf1, 0x02, 0xf1, 0x02, 0xf1, 0x02, 0xf1, 0x02, 0xf1, 0x13, 0xf1,
    0x13, 0xf2, 0x02, 0xf1, 0x01, 0xf1, 0x02, 0xf1, 0x02, 0xf1, 0x01, 0xf1, 0x02, 0xf1, 0x02, 0xf1,
    0x02, 0xf1, 0x02, 0xf1, 0x02, 0xf1, 0x02, 0xf1, 0x02, 0xf1, 0x02, 0xf1, 0x02, 0xf1, 0x02, 0xf1,
    0x02, 0xf1, 0x02, 0xf1, 0x02, 0xf1, 0x02, 0xf1, 0x02, 0xf1, 0x02, 0xf1, 0x02, 0xf1, 0x02, 0xf1,
    0x02, 0xf1, 0x02, 0xf1, 0x02, 0xf1, 0x12, 0xf1, 0x02, 0xf1, 0x02, 0xf1, 0x02, 0xf1, 0x02, 0xf1,
    0x02, 0xf1, 0x02, 0xf1, 0x02, 0xf1, 0x02, 0xf1, 0x02, 0xf1, 0x02, 0xf1, 0x02, 0xf1, 0x01, 0xf1,
    0x02, 0xf1, 0x02, 0xf1, 0x02, 0xf1, 0x02, 0xf1, 0x01, 0xf1, 0x02, 0xf1, 0x02, 0xf1, 0x02, 0xf1,
    0x02, 0xf1, 0x02, 0xf1, 0x02, 0xf1, 0x02, 0xf1, 0x02, 0xf1, 0x01, 0xf1, 0x02, 0xf1, 0x02, 0xf1,
    0x02, 0xf1, 0x02, 0xf1, 0x01, 0xf1, 0x01, 0xf1, 0x01, 0xf1, 0x01, 0xf1, 0x01, 0xf1, 0x01, 0xf1,
    0x02, 0xf1, 0x02, 0xf1, 0x02, 0xf1, 0x01, 0xf1, 0x02, 0xf1, 0x01, 0xf1, 0x02, 0xf1, 0x01, 0xf1,
    0x02, 0xf1, 0x01, 0xf1, 0x01, 0xf1, 0x02, 0xf1, 0x02, 0xf1, 0x01, 0xf1, 0x02, 0xf1, 0x02, 0xf1,
    0x02, 0xf1, 0x01, 0xf1, 0x01, 0xf1, 0x01, 0xf1, 0x01, 0xf1, 0x01, 0xf1, 0x01, 0xf1, 0x01, 0xf1,
    0x01, 0xf1, 0x01, 0xf1, 0x01, 0xf1, 0x01, 0xf1, 0x01, 0xf1, 0x01, 0xf1, 0x01, 0xf1, 0x01, 0xf1,
    0x01, 0xf1, 0x02, 0xf1, 0x01, 0xf1, 0x01, 0xf1, 0x01, 0xf1, 0x02, 0xf1, 0x13, 0xf1, 0x13, 0xf1,
    0x02, 0xf1, 0x02, 0xf1, 0x02, 0xf1, 0x02, 0xf1, 0x13, 0xf1, 0x02, 0xf1, 0x02, 0xf1, 0x02, 0xf1,
    0x02, 0xf1, 0x13, 0xf1, 0x13, 0xf1, 0x02, 0xf1, 0x02, 0xf1, 0x02, 0xf1, 0x02, 0xf1, 0x02, 0xf1,
    0x02, 0xf1, 0x02, 0xf1, 0x02, 0xf1, 0x02, 0xf1, 0x02, 0xf1, 0x02, 0xf1, 0x02, 0xf1, 0x02, 0xf1,
    0x02, 0xf1, 0x02, 0xf1, 0x02, 0xf1, 0x02, 0xf1, 0x02, 0xf1, 0x02, 0xf1, 0x02, 0xf1, 0x02, 0xf1,
    0x02, 0xf1, 0x02, 0xf1, 0x02, 0xf1, 0x02, 0xf1, 0x02, 0xf1, 0x02, 0xf1, 0x24, 0xf2, 0x24, 0xf2,
    0x02, 0xf1, 0x02, 0xf1, 0x02, 0xf1, 0x02, 0xf1, 0x02, 0xf1, 0x02, 0xf1, 0x02, 0xf1, 0x02, 0xf1,
    0x02, 0xf1, 0x02, 0xf1, 0x02, 0xf1, 0x02, 0xf1, 0x02, 0xf1, 0x02, 0xf1, 0x02, 0xf1, 0x02, 0xf1,
    0x02, 0xf1, 0x02, 0xf1, 0x02, 0xf1, 0x02, 0xf1, 0x02, 0xf1, 0x02, 0xf1, 0x02, 0xf1, 0x02, 0xf1,
    0x02, 0xf1, 0x02, 0xf1, 0x02, 0xf1, 0x01, 0xf1, 0x02, 0xf1, 0x01, 0xf1, 0x01, 0xf1, 0x01, 0xf1,
    0x02, 0xf1, 0x01, 0xf1, 0x01, 0xf1, 0x01, 0xf1, 0x01, 0xf1, 0x01, 0xf1, 0x02, 0xf1, 0x02, 0xf1,
    0x02, 0xf1, 0x02, 0xf1, 0x02, 0xf1, 0x02, 0xf1, 0x02, 0xf1, 0x02, 0xf1, 0x02, 0xf1, 0x02, 0xf1,
    0x02, 0xf1, 0x02, 0xf1, 0x02, 0xf1, 0x02, 0xf1, 0x02, 0xf1, 0x02, 0xf1, 0x02, 0xf1, 0x02, 0xf1,
    0x02, 0xf1, 0x02, 0xf1, 0x02, 0xf1, 0x02, 0xf1, 0x02, 0xf1, 0x02, 0xf1, 0x02, 0xf1, 0x02, 0xf1,
    0x02, 0xf1, 0x02, 0xf1, 0x03, 0xf1, 0x35, 0xf2, 0x79, 0xf3, 0x89, 0xf5, 0x46, 0xf2, 0x13, 0xf1,
    0x02, 0xf1, 0x02, 0xf1, 0x02, 0xf1, 0x02, 0xf1, 0x02, 0xf1, 0x02, 0xf1, 0x02, 0xf1, 0x02, 0xf1,
    0x02, 0xf1, 0x02, 0xf1, 0x02, 0xf1, 0x02, 0xf1, 0x02, 0xf1, 0x02, 0xf1, 0x02, 0xf1, 0x02, 0xf1,
    0x02, 0xf1, 0x02, 0xf1, 0x02, 0xf1, 0x02, 0xf1, 0x02, 0xf1, 0x02, 0xf1, 0x02, 0xf1, 0x02, 0xf1,
    0x02, 0xf1, 0x02, 0xf1, 0x02, 0xf1, 0x02, 0xf1, 0x02, 0xf1, 0x02, 0xf1, 0x02, 0xf1, 0x02, 0xf1,
    0x02, 0xf1, 0x13, 0xf1, 0x13, 0xf1, 0x02, 0xf1, 0x02, 0xf1, 0x02, 0xf1, 0x02, 0xf1, 0x02, 0xf1,
    0x02, 0xf1, 0x02, 0xf1, 0x02, 0xf1, 0x02, 0xf1, 0x02, 0xf1, 0x02, 0xf1, 0x02, 0xf1, 0x02, 0xf1,
    0x02, 0xf1, 0x02, 0xf1, 0x02, 0xf1, 0x02, 0xf1, 0x02, 0xf1, 0x02, 0xf1, 0x02, 0xf1, 0x02, 0xf1,
    0x02, 0xf1, 0x02, 0xf1, 0x02, 0xf1, 0x02, 0xf1, 0x02, 0xf1, 0x02, 0xf1, 0x02, 0xf1, 0x02, 0xf1,
    0x02, 0xf1, 0x12, 0xf1, 0x02, 0xf1, 0x02, 0xf1, 0x02, 0xf1, 0x02, 0xf1, 0x02, 0xf1, 0x02, 0xf1,
    0x02, 0xf1, 0x02, 0xf1, 0x02, 0xf1, 0x02, 0xf1, 0x02, 0xf1, 0x02, 0xf1, 0x02, 0xf1, 0x02, 0xf1,
    0x02, 0xf1, 0x02, 0xf1, 0x02, 0xf1, 0x01, 0xf1, 0x01, 0xf1, 0x02, 0xf1, 0x02, 0xf1, 0x02, 0xf1,
    0x02, 0xf1, 0x02, 0xf1, 0x01, 0xf1, 0x01, 0xf1, 0x02, 0xf1, 0x01, 0xf1, 0x01, 0xf1, 0x02, 0xf1,
    0x02, 0xf1, 0x02, 0xf1, 0x02, 0xf1, 0x02, 0xf1, 0x01, 0xf1, 0x01, 0xf1, 0x01, 0xf1, 0x01, 0xf1,
    0x01, 0xf1, 0x01, 0xf1, 0x01, 0xf1, 0x01, 0xf1, 0x01, 0xf1, 0x01, 0xf1, 0x01, 0xf1, 0x01, 0xf1,
    0x01, 0xf1, 0x01, 0xf1, 0x01, 0xf1, 0x01, 0xf1, 0x01, 0xf1, 0x01, 0xf1, 0x01, 0xf1, 0x02, 0xf1,
    0x01, 0xf1, 0x02, 0xf1, 0x01, 0xf1, 0x01, 0xf1, 0x01, 0xf1, 0x02, 0xf1, 0x13, 0xf1, 0x02, 0xf1,
    0x02, 0xf1, 0x02, 0xf1, 0x02, 0xf1, 0x02, 0xf1, 0x02, 0xf1, 0x02, 0xf1, 0x02, 0xf1, 0x02, 0xf1,
    0x02, 0xf1, 0x02, 0xf1, 0x02, 0xf1, 0x13, 0xf1, 0x24, 0xf2, 0x13, 0xf1, 0x02, 0xf1, 0x02, 0xf1,
    0x02, 0xf1, 0x03, 0xf1, 0x13, 0xf1, 0x02, 0xf1, 0x02, 0xf1, 0x02, 0xf1, 0x02, 0xf1, 0x02, 0xf1,
    0x02, 0xf1, 0x02, 0xf1, 0x02, 0xf1, 0x02, 0xf1, 0x02, 0xf1, 0x02, 0xf1, 0x02, 0xf1, 0x02, 0xf1,
    0x02, 0xf1, 0x02, 0xf1, 0x02, 0xf1, 0x02, 0xf1, 0x02, 0xf1, 0x03, 0xf1, 0x57, 0xf3, 0x57, 0xf3,
    0x02, 0xf1, 0x02, 0xf1, 0x02, 0xf1, 0x02, 0xf1, 0x02, 0xf1, 0x02, 0xf1, 0x02, 0xf1, 0x02, 0xf1,
    0x02, 0xf1, 0x02, 0xf1, 0x02, 0xf1, 0x02, 0xf1, 0x02, 0xf1, 0x02, 0xf1, 0x02, 0xf1, 0x02, 0xf1,
    0x02, 0xf1, 0x02, 0xf1, 0x02, 0xf1, 0x02, 0xf1, 0x02, 0xf1, 0x02, 0xf1, 0x02, 0xf1, 0x02, 0xf1,
    0x02, 0xf1, 0x02, 0xf1, 0x02, 0xf1, 0x02, 0xf1, 0x02, 0xf1, 0x02, 0xf1, 0x02, 0xf1, 0x02, 0xf1,
    0x01, 0xf1, 0x01, 0xf1, 0x02, 0xf1, 0x01, 0xf1, 0x01, 0xf1, 0x02, 0xf1, 0x02, 0xf1, 0x02, 0xf1,
    0x02, 0xf1, 0x02, 0xf1, 0x02, 0xf1, 0x02, 0xf1, 0x02, 0xf1, 0x02, 0xf1, 0x02, 0xf1, 0x02, 0xf1,
    0x02, 0xf1, 0x02, 0xf1, 0x02, 0xf1, 0x02, 0xf1, 0x02, 0xf1, 0x02, 0xf1, 0x02, 0xf1, 0x02, 0xf1,
    0x02, 0xf1, 0x02, 0xf1, 0x02, 0xf1, 0x02, 0xf1, 0x02, 0xf1, 0x02, 0xf1, 0x02, 0xf1, 0x02, 0xf1,
    0x02, 0xf1, 0x02, 0xf1, 0x03, 0xf1, 0x24, 0xf2, 0x47, 0xf3, 0x57, 0xf3, 0x25, 0xf2, 0x13, 0xf1,
    0x02, 0xf1, 0x02, 0xf1, 0x02, 0xf1, 0x02, 0xf1, 0x02, 0xf1, 0x02, 0xf1, 0x02, 0xf1, 0x02, 0xf1,
    0x02, 0xf1, 0x02, 0xf1, 0x02, 0xf1, 0x02, 0xf1, 0x02, 0xf1, 0x02, 0xf1, 0x02, 0xf1, 0x02, 0xf1,
    0x02, 0xf1, 0x02, 0xf1, 0x02, 0xf1, 0x02, 0xf1, 0x02, 0xf1, 0x02, 0xf1, 0x02, 0xf1, 0x02, 0xf1,
    0x02, 0xf1, 0x02, 0xf1, 0x02, 0xf1, 0x02, 0xf1, 0x02, 0xf1, 0x02, 0xf1, 0x02, 0xf1, 0x02, 0xf1,
    0x02, 0xf1, 0x12, 0xf1, 0x12, 0xf1, 0x02, 0xf1, 0x02, 0xf1, 0x02, 0xf1, 0x02, 0xf1, 0x02, 0xf1,
    0x02, 0xf1, 0x02, 0xf1, 0x02, 0xf1, 0x02, 0xf1, 0x02, 0xf1, 0x02, 0xf1, 0x02, 0xf1, 0x02, 0xf1,
    0x02, 0xf1, 0x02, 0xf1, 0x02, 0xf1, 0x02, 0xf1, 0x02, 0xf1, 0x02, 0xf1, 0x02, 0xf1, 0x02, 0xf1,
    0x02, 0xf1, 0x02, 0xf1, 0x02, 0xf1, 0x02, 0xf1, 0x02, 0xf1, 0x02, 0xf1, 0x02, 0xf1, 0x02, 0xf1,
    0x24, 0xf2, 0x24, 0xf2, 0x02, 0xf1, 0x02, 0xf1, 0x02, 0xf1, 0x02, 0xf1, 0x02, 0xf1, 0x02, 0xf1,
    0x02, 0xf1, 0x02, 0xf1, 0x02, 0xf1, 0x02, 0xf1, 0x02, 0xf1, 0x02, 0xf1, 0x02, 0xf1, 0x02, 0xf1,
    0x02, 0xf1, 0x01, 0xf1, 0x01, 0xf1, 0x02, 0xf1, 0x01, 0xf1, 0x01, 0xf1, 0x02, 0xf1, 0x02, 0xf1,
    0x01, 0xf1, 0x02, 0xf1, 0x01, 0xf1, 0x01, 0xf1, 0x02, 0xf1, 0x02, 0xf1, 0x02, 0xf1, 0x02, 0xf1,
    0x02, 0xf1, 0x02, 0xf1, 0x02, 0xf1, 0x02, 0xf1, 0x01, 0xf1, 0x01, 0xf1, 0x02, 0xf1, 0x02, 0xf1,
    0x01, 0xf1, 0x01, 0xf1, 0x01, 0xf1, 0x01, 0xf1, 0x01, 0xf1, 0x01, 0xf1, 0x01, 0xf1, 0x01, 0xf1,
    0x01, 0xf1, 0x01, 0xf1, 0x01, 0xf1, 0x01, 0xf1, 0x01, 0xf1, 0x01, 0xf1, 0x01, 0xf1, 0x02, 0xf1,
    0x01, 0xf1, 0x02, 0xf1, 0x01, 0xf1, 0x01, 0xf1, 0x01, 0xf1, 0x02, 0xf1, 0x13, 0xf1, 0x13, 0xf1,
    0x13, 0xf1, 0x02, 0xf1, 0x02, 0xf1, 0x02, 0xf1, 0x02, 0xf1, 0x02, 0xf1, 0x02, 0xf1, 0x02, 0xf1,
    0x02, 0xf1, 0x02, 0xf1, 0x02, 0xf1, 0x13, 0xf1, 0x13, 0xf1, 0x03, 0xf1, 0x02, 0xf1, 0x13, 0xf1,
    0x25, 0xf2, 0x13, 0xf1, 0x13, 0xf1, 0x02, 0xf1, 0x02, 0xf1, 0x02, 0xf1, 0x02, 0xf1, 0x02, 0xf1,
    0x02, 0xf1, 0x02, 0xf1, 0x02, 0xf1, 0x02, 0xf1, 0x02, 0xf1, 0x02, 0xf1, 0x02, 0xf1, 0x02, 0xf1,
    0x02, 0xf1, 0x02, 0xf1, 0x02, 0xf1, 0x02, 0xf1, 0x02, 0xf1, 0x02, 0xf1, 0x24, 0xf2, 0x24, 0xf2,
    0x02, 0xf1, 0x02, 0xf1, 0x02, 0xf1, 0x02, 0xf1, 0x02, 0xf1, 0x02, 0xf1, 0x02, 0xf1, 0x02, 0xf1,
    0x02, 0xf1, 0x02, 0xf1, 0x02, 0xf1, 0x02, 0xf1, 0x02, 0xf1, 0x02, 0xf1, 0x02, 0xf1, 0x02, 0xf1,
    0x02, 0xf1, 0x02, 0xf1, 0x02, 0xf1, 0x02, 0xf1, 0x02, 0xf1, 0x02, 0xf1, 0x02, 0xf1, 0x02, 0xf1,
    0x02, 0xf1, 0x01, 0xf1, 0x02, 0xf1, 0x02, 0xf1, 0x02, 0xf1, 0x02, 0xf1, 0x02, 0xf1, 0x01, 0xf1,
    0x02, 0xf1, 0x02, 0xf1, 0x02, 0xf1, 0x02, 0xf1, 0x02, 0xf1, 0x02, 0xf1, 0x02, 0xf1, 0x02, 0xf1,
    0x02, 0xf1, 0x02, 0xf1, 0x02, 0xf1, 0x02, 0xf1, 0x02, 0xf1, 0x02, 0xf1, 0x02, 0xf1, 0x02, 0xf1,
    0x02, 0xf1, 0x02, 0xf1, 0x02, 0xf1, 0x02, 0xf1, 0x02, 0xf1, 0x02, 0xf1, 0x02, 0xf1, 0x02, 0xf1,
    0x02, 0xf1, 0x02, 0xf1, 0x02, 0xf1, 0x02, 0xf1, 0x02, 0xf1, 0x02, 0xf1, 0x02, 0xf1, 0x02, 0xf1,
    0x02, 0xf1, 0x02, 0xf1, 0x02, 0xf1, 0x13, 0xf1, 0x13, 0xf1, 0x13, 0xf1, 0x13, 0xf1, 0x02, 0xf1,
    0x02, 0xf1, 0x02, 0xf1, 0x02, 0xf1, 0x02, 0xf1, 0x02, 0xf1, 0x02, 0xf1, 0x02, 0xf1, 0x02, 0xf1,
    0x02, 0xf1, 0x02, 0xf1, 0x02, 0xf1, 0x02, 0xf1, 0x02, 0xf1, 0x02, 0xf1, 0x02, 0xf1, 0x02, 0xf1,
    0x02, 0xf1, 0x02, 0xf1, 0x02, 0xf1, 0x02, 0xf1, 0x02, 0xf1, 0x02, 0xf1, 0x02, 0xf1, 0x02, 0xf1,
    0x02, 0xf1, 0x12, 0xf1, 0x02, 0xf1, 0x02, 0xf1, 0x02, 0xf1, 0x02, 0xf1, 0x02, 0xf1, 0x02, 0xf1,
    0x02, 0xf1, 0x02, 0xf1, 0x02, 0xf1, 0x02, 0xf1, 0x02, 0xf1, 0x02, 0xf1, 0x02, 0xf1, 0x02, 0xf1,
    0x02, 0xf1, 0x02, 0xf1, 0x02, 0xf1, 0x02, 0xf1, 0x02, 0xf1, 0x02, 0xf1, 0x02, 0xf1, 0x02, 0xf1,
    0x02, 0xf1, 0x02, 0xf1, 0x02, 0xf1, 0x02, 0xf1, 0x02, 0xf1, 0x02, 0xf1, 0x02, 0xf1, 0x02, 0xf1,
    0x02, 0xf1, 0x02, 0xf1, 0x02, 0xf1, 0x02, 0xf1, 0x02, 0xf1, 0x02, 0xf1, 0x02, 0xf1, 0x02, 0xf1,
    0x12, 0xf1, 0x02, 0xf1, 0x02, 0xf1, 0x02, 0xf1, 0x02, 0xf1, 0x02, 0xf1, 0x02, 0xf1, 0x02, 0xf1,
    0x02, 0xf1, 0x02, 0xf1, 0x02, 0xf1, 0x02, 0xf1, 0x02, 0xf1, 0x02, 0xf1, 0x02, 0xf1, 0x02, 0xf1,
    0x02, 0xf1, 0x02, 0xf1, 0x01, 0xf1, 0x01, 0xf1, 0x02, 0xf1, 0x02, 0xf1, 0x02, 0xf1, 0x02, 0xf1,
    0x02, 0xf1, 0x02, 0xf1, 0x02, 0xf1, 0x02, 0xf1, 0x02, 0xf1, 0x02, 0xf1, 0x02, 0xf1, 0x02, 0xf1,
    0x02, 0xf1, 0x02, 0xf1, 0x02, 0xf1, 0x02, 0xf1, 0x02, 0xf1, 0x01, 0xf1, 0x02, 0xf1, 0x02, 0xf1,
    0x01, 0xf1, 0x01, 0xf1, 0x01, 0xf1, 0x01, 0xf1, 0x01, 0xf1, 0x01, 0xf1, 0x01, 0xf1, 0x01, 0xf1,
    0x01, 0xf1, 0x01, 0xf1, 0x01, 0xf1, 0x01, 0xf1, 0x01, 0xf1, 0x01, 0xf1, 0x01, 0xf1, 0x01, 0xf1,
    0x01, 0xf1, 0x01, 0xf1, 0x01, 0xf1, 0x01, 0xf1, 0x01, 0xf1, 0x01, 0xf1, 0x02, 0xf1, 0x12, 0xf1,
    0x02, 0xf1, 0x02, 0xf1, 0x02, 0xf1, 0x02, 0xf1, 0x02, 0xf1, 0x13, 0xf1, 0x13, 0xf1, 0x02, 0xf1,
    0x02, 0xf1, 0x02, 0xf1, 0x13, 0xf1, 0x02, 0xf1, 0x02, 0xf1, 0x02, 0xf1, 0x02, 0xf1, 0x13, 0xf1,
    0x36, 0xf2, 0x13, 0xf1, 0x02, 0xf1, 0x02, 0xf1, 0x02, 0xf1, 0x02, 0xf1, 0x02, 0xf1, 0x02, 0xf1,
    0x02, 0xf1, 0x02, 0xf1, 0x02, 0xf1, 0x12, 0xf1, 0x02, 0xf1, 0x02, 0xf1, 0x02, 0xf1, 0x02, 0xf1,
    0x12, 0xf1, 0x02, 0xf1, 0x02, 0xf1, 0x02, 0xf1, 0x02, 0xf1, 0x02, 0xf1, 0x02, 0xf1, 0x02, 0xf1,
    0x02, 0xf1, 0x02, 0xf1, 0x02, 0xf1, 0x02, 0xf1, 0x02, 0xf1, 0x02, 0xf1, 0x02, 0xf1, 0x02, 0xf1,
    0x02, 0xf1, 0x02, 0xf1, 0x02, 0xf1, 0x02, 0xf1, 0x02, 0xf1, 0x02, 0xf1, 0x02, 0xf1, 0x02, 0xf1,
    0x02, 0xf1, 0x02, 0xf1, 0x02, 0xf1, 0x02, 0xf1, 0x02, 0xf1, 0x02, 0xf1, 0x02, 0xf1, 0x02, 0xf1,
    0x02, 0xf1, 0x02, 0xf1, 0x02, 0xf1, 0x02, 0xf1, 0x01, 0xf1, 0x02, 0xf1, 0x02, 0xf1, 0x02, 0xf1,
    0x02, 0xf1, 0x02, 0xf1, 0x02, 0xf1, 0x02, 0xf1, 0x02, 0xf1, 0x02, 0xf1, 0x02, 0xf1, 0x02, 0xf1,
    0x02, 0xf1, 0x02, 0xf1, 0x02, 0xf1, 0x02, 0xf1, 0x02, 0xf1, 0x02, 0xf1, 0x02, 0xf1, 0x02, 0xf1,
    0x02, 0xf1, 0x02, 0xf1, 0x02, 0xf1, 0x02, 0xf1, 0x02, 0xf1, 0x02, 0xf1, 0x02, 0xf1, 0x02, 0xf1,
    0x02, 0xf1, 0x02, 0xf1, 0x02, 0xf1, 0x02, 0xf1, 0x03, 0xf1, 0x02, 0xf1, 0x02, 0xf1, 0x02, 0xf1,
    0x02, 0xf1, 0x02, 0xf1, 0x02, 0xf1, 0x02, 0xf1, 0x02, 0xf1, 0x02, 0xf1, 0x02, 0xf1, 0x02, 0xf1,
    0x02, 0xf1, 0x02, 0xf1, 0x02, 0xf1, 0x02, 0xf1, 0x02, 0xf1, 0x02, 0xf1, 0x02, 0xf1, 0x02, 0xf1,
    0x02, 0xf1, 0x02, 0xf1, 0x02, 0xf1, 0x02, 0xf1, 0x02, 0xf1, 0x02, 0xf1, 0x02, 0xf1, 0x02, 0xf1,
    0x02, 0xf1, 0x02, 0xf1, 0x02, 0xf1, 0x02, 0xf1, 0x02, 0xf1, 0x02, 0xf1, 0x02, 0xf1, 0x02, 0xf1,
    0x02, 0xf1, 0x02, 0xf1, 0x02, 0xf1, 0x02, 0xf1, 0x02, 0xf1, 0x02, 0xf1, 0x02, 0xf1, 0x02, 0xf1,
    0x02, 0xf1, 0x02, 0xf1, 0x02, 0xf1, 0x02, 0xf1, 0x02, 0xf1, 0x02, 0xf1, 0x02, 0xf1, 0x02, 0xf1,
    0x02, 0xf1, 0x02, 0xf1, 0x02, 0xf1, 0x02, 0xf1, 0x02, 0xf1, 0x02, 0xf1, 0x02, 0xf1, 0x02, 0xf1,
    0x02, 0xf1, 0x02, 0xf1, 0x02, 0xf1, 0x02, 0xf1, 0x02, 0xf1, 0x02, 0xf1, 0x02, 0xf1, 0x02, 0xf1,
    0x02, 0xf1, 0x02, 0xf1, 0x02, 0xf1, 0x02, 0xf1, 0x02, 0xf1, 0x02, 0xf1, 0x02, 0xf1, 0x02, 0xf1,
    0x02, 0xf1, 0x02, 0xf1, 0x02, 0xf1, 0x02, 0xf1, 0x02, 0xf1, 0x02, 0xf1, 0x02, 0xf1, 0x02, 0xf1,
    0x02, 0xf1, 0x02, 0xf1, 0x02, 0xf1, 0x02, 0xf1, 0x02, 0xf1, 0x02, 0xf1, 0x02, 0xf1, 0x02, 0xf1,
    0x02, 0xf1, 0x02, 0xf1, 0x02, 0xf1, 0x02, 0xf1, 0x02, 0xf1, 0x02, 0xf1, 0x02, 0xf1, 0x02, 0xf1,
    0x02, 0xf1, 0x02, 0xf1, 0x02, 0xf1, 0x02, 0xf1, 0x02, 0xf1, 0x02, 0xf1, 0x02, 0xf1, 0x02, 0xf1,
    0x02, 0xf1, 0x02, 0xf1, 0x02, 0xf1, 0x02, 0xf1, 0x02, 0xf1, 0x01, 0xf1, 0x01, 0xf1, 0x02, 0xf1,
    0x01, 0xf1, 0x01, 0xf1, 0x01, 0xf1, 0x01, 0xf1, 0x01, 0xf1, 0x01, 0xf1, 0x01, 0xf1, 0x01, 0xf1,
    0x01, 0xf1, 0x01, 0xf1, 0x01, 0xf1, 0x01, 0xf1, 0x01, 0xf1, 0x01, 0xf1, 0x01, 0xf1, 0x01, 0xf1,
    0x01, 0xf1, 0x01, 0xf1, 0x01, 0xf1, 0x01, 0xf1, 0x01, 0xf1, 0x01, 0xf1, 0x02, 0xf1, 0x02, 0xf1,
    0x02, 0xf1, 0x02, 0xf1, 0x02, 0xf1, 0x02, 0xf1, 0x02, 0xf1, 0x13, 0xf1, 0x12, 0xf1, 0x02, 0xf1,
    0x13, 0xf1, 0x02, 0xf1, 0x02, 0xf1, 0x13, 0xf1, 0x03, 0xf1, 0x02, 0xf1, 0x02, 0xf1, 0x02, 0xf1,
    0x02, 0xf1, 0x02, 0xf1, 0x02, 0xf1, 0x02, 0xf1, 0x02, 0xf1, 0x02, 0xf1, 0x02, 0xf1, 0x02, 0xf1,
    0x02, 0xf1, 0x02, 0xf1, 0x02, 0xf1, 0x13, 0xf1, 0x02, 0xf1, 0x02, 0xf1, 0x12, 0xf1, 0x13, 0xf1,
    0x02, 0xf1, 0x02, 0xf1, 0x02, 0xf1, 0x02, 0xf1, 0x02, 0xf1, 0x02, 0xf1, 0x02, 0xf1, 0x02, 0xf1,
    0x02, 0xf1, 0x02, 0xf1, 0x02, 0xf1, 0x02, 0xf1, 0x02, 0xf1, 0x02, 0xf1, 0x02, 0xf1, 0x02, 0xf1,
    0x02, 0xf1, 0x02, 0xf1, 0x02, 0xf1, 0x02, 0xf1, 0x02, 0xf1, 0x02, 0xf1, 0x02, 0xf1, 0x02, 0xf1,
    0x02, 0xf1, 0x02, 0xf1, 0x02, 0xf1, 0x02, 0xf1, 0x02, 0xf1, 0x02, 0xf1, 0x02, 0xf1, 0x02, 0xf1,
    0x02, 0xf1, 0x02, 0xf1, 0x02, 0xf1, 0x02, 0xf1, 0x01, 0xf1, 0x02, 0xf1, 0x02, 0xf1, 0x02, 0xf1,
    0x02, 0xf1, 0x02, 0xf1, 0x02, 0xf1, 0x02, 0xf1, 0x02, 0xf1, 0x02, 0xf1, 0x02, 0xf1, 0x02, 0xf1,
    0x02, 0xf1, 0x02, 0xf1, 0x02, 0xf1, 0x02, 0xf1, 0x02, 0xf1, 0x02, 0xf1, 0x02, 0xf1, 0x02, 0xf1,
    0x02, 0xf1, 0x02, 0xf1, 0x02, 0xf1, 0x02, 0xf1, 0x02, 0xf1, 0x02, 0xf1, 0x02, 0xf1, 0x02, 0xf1,
    0x02, 0xf1, 0x02, 0xf1, 0x02, 0xf1, 0x02, 0xf1, 0x02, 0xf1, 0x02, 0xf1, 0x02, 0xf1, 0x02, 0xf1,
    0x02, 0xf1, 0x02, 0xf1, 0x02, 0xf1, 0x02, 0xf1, 0x02, 0xf1, 0x02, 0xf1, 0x02, 0xf1, 0x02, 0xf1,
    0x02, 0xf1, 0x02, 0xf1, 0x02, 0xf1, 0x02, 0xf1, 0x02, 0xf1, 0x02, 0xf1, 0x02, 0xf1, 0x02, 0xf1,
    0x02, 0xf1, 0x02, 0xf1, 0x02, 0xf1, 0x02, 0xf1, 0x02, 0xf1, 0x02, 0xf1, 0x02, 0xf1, 0x02, 0xf1,
    0x02, 0xf1, 0x02, 0xf1, 0x02, 0xf1, 0x02, 0xf1, 0x02, 0xf1, 0x02, 0xf1, 0x02, 0xf1, 0x02, 0xf1,
    0x02, 0xf1, 0x02, 0xf1, 0x02, 0xf1, 0x02, 0xf1, 0x02, 0xf1, 0x02, 0xf1, 0x02, 0xf1, 0x02, 0xf1,
    0x02, 0xf1, 0x02, 0xf1, 0x02, 0xf1, 0x02, 0xf1, 0x02, 0xf1, 0x02, 0xf1, 0x02, 0xf1, 0x02, 0xf1,
    0x13, 0xf1, 0x13, 0xf1, 0x02, 0xf1, 0x02, 0xf1, 0x02, 0xf1, 0x02, 0xf1, 0x02, 0xf1, 0x02, 0xf1,
    0x02, 0xf1, 0x02, 0xf1, 0x02, 0xf1, 0x02, 0xf1, 0x02, 0xf1, 0x02, 0xf1, 0x02, 0xf1, 0x02, 0xf1,
    0x02, 0xf1, 0x13, 0xf1, 0x13, 0xf1, 0x02, 0xf1, 0x02, 0xf1, 0x02, 0xf1, 0x02, 0xf1, 0x02, 0xf1,
    0x02, 0xf1, 0x02, 0xf1, 0x02, 0xf1, 0x02, 0xf1, 0x02, 0xf1, 0x02, 0xf1, 0x02, 0xf1, 0x02, 0xf1,
    0x02, 0xf1, 0x02, 0xf1, 0x02, 0xf1, 0x02, 0xf1, 0x02, 0xf1, 0x02, 0xf1, 0x02, 0xf1, 0x02, 0xf1,
    0x02, 0xf1, 0x02, 0xf1, 0x02, 0xf1, 0x02, 0xf1, 0x02, 0xf1, 0x02, 0xf1, 0x02, 0xf1, 0x02, 0xf1,
    0x02, 0xf1, 0x02, 0xf1, 0x02, 0xf1, 0x02, 0xf1, 0x02, 0xf1, 0x02, 0xf1, 0x02, 0xf1, 0x02, 0xf1,
    0x02, 0xf1, 0x02, 0xf1, 0x02, 0xf1, 0x02, 0xf1, 0x02, 0xf1, 0x02, 0xf1, 0x02, 0xf1, 0x01, 0xf1,
    0x01, 0xf1, 0x01, 0xf1, 0x01, 0xf1, 0x01, 0xf1, 0x01, 0xf1, 0x01, 0xf1, 0x01, 0xf1, 0x01, 0xf1,
    0x01, 0xf1, 0x01, 0xf1, 0x01, 0xf1, 0x01, 0xf1, 0x01, 0xf1, 0x01, 0xf1, 0x01, 0xf1, 0x01, 0xf1,
    0x01, 0xf1, 0x01, 0xf1, 0x01, 0xf1, 0x01, 0xf1, 0x01, 0xf1, 0x01, 0xf1, 0x01, 0xf1, 0x02, 0xf1,
    0x02, 0xf1, 0x02, 0xf1, 0x02, 0xf1, 0x02, 0xf1, 0x02, 0xf1, 0x02, 0xf1, 0x02, 0xf1, 0x03, 0xf1,
    0x13, 0xf1, 0x02, 0xf1, 0x02, 0xf1, 0x02, 0xf1, 0x02, 0xf1, 0x02, 0xf1, 0x02, 0xf1, 0x02, 0xf1,
    0x02, 0xf1, 0x03, 0xf1, 0x02, 0xf1, 0x02, 0xf1, 0x02, 0xf1, 0x02, 0xf1, 0x02, 0xf1, 0x02, 0xf1,
    0x02, 0xf1, 0x02, 0xf1, 0x02, 0xf1, 0x02, 0xf1, 0x02, 0xf1, 0x02, 0xf1, 0x13, 0xf1, 0x13, 0xf1,
    0x02, 0xf1, 0x02, 0xf1, 0x02, 0xf1, 0x02, 0xf1, 0x02, 0xf1, 0x02, 0xf1, 0x02, 0xf1, 0x02, 0xf1,
    0x02, 0xf1, 0x02, 0xf1, 0x02, 0xf1, 0x02, 0xf1, 0x02, 0xf1, 0x02, 0xf1, 0x02, 0xf1, 0x02, 0xf1,
    0x02, 0xf1, 0x02, 0xf1, 0x02, 0xf1, 0x02, 0xf1, 0x02, 0xf1, 0x02, 0xf1, 0x02, 0xf1, 0x02, 0xf1,
    0x02, 0xf1, 0x02, 0xf1, 0x02, 0xf1, 0x02, 0xf1, 0x02, 0xf1, 0x02, 0xf1, 0x02, 0xf1, 0x02, 0xf1,
    0x02, 0xf1, 0x02, 0xf1, 0x02, 0xf1, 0x02, 0xf1, 0x02, 0xf1, 0x02, 0xf1, 0x02, 0xf1, 0x02, 0xf1,
    0x02, 0xf1, 0x02, 0xf1, 0x02, 0xf1, 0x02, 0xf1, 0x02, 0xf1, 0x02, 0xf1, 0x02, 0xf1, 0x02, 0xf1,
    0x02, 0xf1, 0x02, 0xf1, 0x02, 0xf1, 0x02, 0xf1, 0x02, 0xf1, 0x02, 0xf1, 0x02, 0xf1, 0x02, 0xf1,
    0x02, 0xf1, 0x02, 0xf1, 0x02, 0xf1, 0x02, 0xf1, 0x02, 0xf1, 0x02, 0xf1, 0x02, 0xf1, 0x02, 0xf1,
    0x02, 0xf1, 0x02, 0xf1, 0x02, 0xf1, 0x02, 0xf1, 0x02, 0xf1, 0x02, 0xf1, 0x02, 0xf1, 0x02, 0xf1,
    0x02, 0xf1, 0x02, 0xf1, 0x02, 0xf1, 0x02, 0xf1, 0x02, 0xf1, 0x02, 0xf1, 0x02, 0xf1, 0x02, 0xf1,
    0x02, 0xf1, 0x02, 0xf1, 0x02, 0xf1, 0x02, 0xf1, 0x02, 0xf1, 0x02, 0xf1, 0x02, 0xf1, 0x02, 0xf1,
    0x02, 0xf1, 0x02, 0xf1, 0x02, 0xf1, 0x02, 0xf1, 0x02, 0xf1, 0x02, 0xf1, 0x02, 0xf1, 0x02, 0xf1,
    0x02, 0xf1, 0x02, 0xf1, 0x02, 0xf1, 0x02, 0xf1, 0x02, 0xf1, 0x02, 0xf1, 0x02, 0xf1, 0x02, 0xf1,
    0x02, 0xf1, 0x02, 0xf1, 0x02, 0xf1, 0x02, 0xf1, 0x02, 0xf1, 0x02, 0xf1, 0x02, 0xf1, 0x02, 0xf1,
    0x02, 0xf1, 0x02, 0xf1, 0x02, 0xf1, 0x02, 0xf1, 0x02, 0xf1, 0x02, 0xf1, 0x12, 0xf1, 0x02, 0xf1,
    0x24, 0xf2, 0x46, 0xf2, 0x02, 0xf1, 0x02, 0xf1, 0x02, 0xf1, 0x02, 0xf1, 0x02, 0xf1, 0x02, 0xf1,
    0x02, 0xf1, 0x02, 0xf1, 0x02, 0xf1, 0x02, 0xf1, 0x02, 0xf1, 0x02, 0xf1, 0x02, 0xf1, 0x13, 0xf1,
    0x13, 0xf1, 0x13, 0xf1, 0x13, 0xf1, 0x02, 0xf1, 0x02, 0xf1, 0x02, 0xf1, 0x02, 0xf1, 0x02, 0xf1,
    0x02, 0xf1, 0x02, 0xf1, 0x02, 0xf1, 0x02, 0xf1, 0x02, 0xf1, 0x02, 0xf1, 0x02, 0xf1, 0x02, 0xf1,
    0x02, 0xf1, 0x02, 0xf1, 0x02, 0xf1, 0x02, 0xf1, 0x02, 0xf1, 0x02, 0xf1, 0x12, 0xf1, 0x02, 0xf1,
    0x02, 0xf1, 0x02, 0xf1, 0x02, 0xf1, 0x02, 0xf1, 0x02, 0xf1, 0x02, 0xf1, 0x02, 0xf1, 0x02, 0xf1,
    0x02, 0xf1, 0x02, 0xf1, 0x02, 0xf1, 0x02, 0xf1, 0x02, 0xf1, 0x02, 0xf1, 0x02, 0xf1, 0x02, 0xf1,
    0x02, 0xf1, 0x02, 0xf1, 0x02, 0xf1, 0x02, 0xf1, 0x02, 0xf1, 0x02, 0xf1, 0x02, 0xf1, 0x01, 0xf1,
    0x01, 0xf1, 0x01, 0xf1, 0x01, 0xf1, 0x02, 0xf1, 0x01, 0xf1, 0x01, 0xf1, 0x01, 0xf1, 0x01, 0xf1,
    0x01, 0xf1, 0x01, 0xf1, 0x01, 0xf1, 0x01, 0xf1, 0x01, 0xf1, 0x01, 0xf1, 0x01, 0xf1, 0x01, 0xf1,
    0x01, 0xf1, 0x01, 0xf1, 0x01, 0xf1, 0x01, 0xf1, 0x01, 0xf1, 0x01, 0xf1, 0x01, 0xf1, 0x01, 0xf1,
    0x02, 0xf1, 0x02, 0xf1, 0x02, 0xf1, 0x02, 0xf1, 0x13, 0xf1, 0x13, 0xf1, 0x02, 0xf1, 0x02, 0xf1,
    0x02, 0xf1, 0x02, 0xf1, 0x02, 0xf1, 0x02, 0xf1, 0x02, 0xf1, 0x02, 0xf1, 0x02, 0xf1, 0x02, 0xf1,
    0x02, 0xf1, 0x02, 0xf1, 0x02, 0xf1, 0x02, 0xf1, 0x02, 0xf1, 0x02, 0xf1, 0x02, 0xf1, 0x02, 0xf1,
    0x02, 0xf1, 0x02, 0xf1, 0x02, 0xf1, 0x02, 0xf1, 0x02, 0xf1, 0x02, 0xf1, 0x02, 0xf1, 0x02, 0xf1,
    0x02, 0xf1, 0x02, 0xf1, 0x02, 0xf1, 0x02, 0xf1, 0x02, 0xf1, 0x02, 0xf1, 0x13, 0xf1, 0x13, 0xf1,
    0x02, 0xf1, 0x02, 0xf1, 0x02, 0xf1, 0x02, 0xf1, 0x02, 0xf1, 0x02, 0xf1, 0x02, 0xf1, 0x02, 0xf1,
    0x02, 0xf1, 0x02, 0xf1, 0x02, 0xf1, 0x02, 0xf1, 0x02, 0xf1, 0x02, 0xf1, 0x02, 0xf1, 0x02, 0xf1,
    0x02, 0xf1, 0x02, 0xf1, 0x02, 0xf1, 0x02, 0xf1, 0x02, 0xf1, 0x02, 0xf1, 0x02, 0xf1, 0x02, 0xf1,
    0x02, 0xf1, 0x02, 0xf1, 0x02, 0xf1, 0x02, 0xf1, 0x02, 0xf1, 0x02, 0xf1, 0x02, 0xf1, 0x02, 0xf1,
    0x02, 0xf1, 0x02, 0xf1, 0x02, 0xf1, 0x02, 0xf1, 0x02, 0xf1, 0x02, 0xf1, 0x02, 0xf1, 0x02, 0xf1,
    0x02, 0xf1, 0x02, 0xf1, 0x02, 0xf1, 0x02, 0xf1, 0x02, 0xf1, 0x02, 0xf1, 0x02, 0xf1, 0x02, 0xf1,
    0x02, 0xf1, 0x02, 0xf1, 0x02, 0xf1, 0x02, 0xf1, 0x02, 0xf1, 0x02, 0xf1, 0x02, 0xf1, 0x02, 0xf1,
    0x02, 0xf1, 0x02, 0xf1, 0x02, 0xf1, 0x02, 0xf1, 0x02, 0xf1, 0x02, 0xf1, 0x02, 0xf1, 0x02, 0xf1,
    0x02, 0xf1, 0x02, 0xf1, 0x02, 0xf1, 0x02, 0xf1, 0x02, 0xf1, 0x02, 0xf1, 0x02, 0xf1, 0x02, 0xf1,
    0x02, 0xf1, 0x02, 0xf1, 0x02, 0xf1, 0x02, 0xf1, 0x02, 0xf1, 0x02, 0xf1, 0x02, 0xf1, 0x02, 0xf1,
    0x02, 0xf1, 0x02, 0xf1, 0x02, 0xf1, 0x02, 0xf1, 0x02, 0xf1, 0x02, 0xf1, 0x02, 0xf1, 0x02, 0xf1,
    0x02, 0xf1, 0x02, 0xf1, 0x02, 0xf1, 0x02, 0xf1, 0x02, 0xf1, 0x02, 0xf1, 0x02, 0xf1, 0x02, 0xf1,
    0x02, 0xf1, 0x02, 0xf1, 0x02, 0xf1, 0x02, 0xf1, 0x02, 0xf1, 0x13, 0xf1, 0x13, 0xf1, 0x13, 0xf1,
    0x02, 0xf1, 0x02, 0xf1, 0x02, 0xf1, 0x02, 0xf1, 0x02, 0xf1, 0x02, 0xf1, 0x02, 0xf1, 0x02, 0xf1,
    0x02, 0xf1, 0x13, 0xf1, 0x02, 0xf1, 0x02, 0xf1, 0x02, 0xf1, 0x02, 0xf1, 0x02, 0xf1, 0x02, 0xf1,
    0x02, 0xf1, 0x02, 0xf1, 0x02, 0xf1, 0x02, 0xf1, 0x02, 0xf1, 0x02, 0xf1, 0x03, 0xf1, 0x13, 0xf1,
    0x13, 0xf1, 0x02, 0xf1, 0x02, 0xf1, 0x02, 0xf1, 0x02, 0xf1, 0x02, 0xf1, 0x02, 0xf1, 0x02, 0xf1,
    0x02, 0xf1, 0x02, 0xf1, 0x02, 0xf1, 0x02, 0xf1, 0x02, 0xf1, 0x02, 0xf1, 0x02, 0xf1, 0x02, 0xf1,
    0x02, 0xf1, 0x02, 0xf1, 0x02, 0xf1, 0x02, 0xf1, 0x02, 0xf1, 0x02, 0xf1, 0x02, 0xf1, 0x02, 0xf1,
    0x02, 0xf1, 0x02, 0xf1, 0x02, 0xf1, 0x02, 0xf1, 0x02, 0xf1, 0x02, 0xf1, 0x02, 0xf1, 0x02, 0xf1,
    0x02, 0xf1, 0x02, 0xf1, 0x02, 0xf1, 0x02, 0xf1, 0x02, 0xf1, 0x02, 0xf1, 0x02, 0xf1, 0x02, 0xf1,
    0x02, 0xf1, 0x02, 0xf1, 0x02, 0xf1, 0x02, 0xf1, 0x02, 0xf1, 0x02, 0xf1, 0x02, 0xf1, 0x01, 0xf1,
    0x01, 0xf1, 0x01, 0xf1, 0x02, 0xf1, 0x02, 0xf1, 0x01, 0xf1, 0x01, 0xf1, 0x01, 0xf1, 0x01, 0xf1,
    0x01, 0xf1, 0x01, 0xf1, 0x01, 0xf1, 0x01, 0xf1, 0x01, 0xf1, 0x01, 0xf1, 0x01, 0xf1, 0x01, 0xf1,
    0x01, 0xf1, 0x01, 0xf1, 0x01, 0xf1, 0x01, 0xf1, 0x01, 0xf1, 0x01, 0xf1, 0x01, 0xf1, 0x01, 0xf1,
    0x02, 0xf1, 0x02, 0xf1, 0x02, 0xf1, 0x02, 0xf1, 0x13, 0xf1, 0x13, 0xf1, 0x02, 0xf1, 0x02, 0xf1,
    0x02, 0xf1, 0x02, 0xf1, 0x02, 0xf1, 0x02, 0xf1, 0x02, 0xf1, 0x02, 0xf1, 0x02, 0xf1, 0x02, 0xf1,
    0x02, 0xf1, 0x02, 0xf1, 0x02, 0xf1, 0x02, 0xf1, 0x02, 0xf1, 0x02, 0xf1, 0x02, 0xf1, 0x02, 0xf1,
    0x02, 0xf1, 0x02, 0xf1, 0x02, 0xf1, 0x02, 0xf1, 0x02, 0xf1, 0x02, 0xf1, 0x02, 0xf1, 0x02, 0xf1,
    0x02, 0xf1, 0x02, 0xf1, 0x02, 0xf1, 0x02, 0xf1, 0x13, 0xf1, 0x25, 0xf2, 0x25, 0xf2, 0x13, 0xf1,
    0x13, 0xf1, 0x02, 0xf1, 0x02, 0xf1, 0x02, 0xf1, 0x02, 0xf1, 0x02, 0xf1, 0x02, 0xf1, 0x02, 0xf1,
    0x02, 0xf1, 0x02, 0xf1, 0x02, 0xf1, 0x02, 0xf1, 0x02, 0xf1, 0x02, 0xf1, 0x02, 0xf1, 0x02, 0xf1,
    0x02, 0xf1, 0x02, 0xf1, 0x02, 0xf1, 0x02, 0xf1, 0x02, 0xf1, 0x02, 0xf1, 0x02, 0xf1, 0x02, 0xf1,
    0x02, 0xf1, 0x02, 0xf1, 0x02, 0xf1, 0x02, 0xf1, 0x02, 0xf1, 0x02, 0xf1, 0x02, 0xf1, 0x02, 0xf1,
    0x02, 0xf1, 0x02, 0xf1, 0x02, 0xf1, 0x02, 0xf1, 0x02, 0xf1, 0x02, 0xf1, 0x02, 0xf1, 0x02, 0xf1,
    0x02, 0xf1, 0x02, 0xf1, 0x02, 0xf1, 0x02, 0xf1, 0x02, 0xf1, 0x02, 0xf1, 0x02, 0xf1, 0x02, 0xf1,
    0x02, 0xf1, 0x02, 0xf1, 0x02, 0xf1, 0x02, 0xf1, 0x02, 0xf1, 0x02, 0xf1, 0x02, 0xf1, 0x02, 0xf1,
    0x12, 0xf1, 0x02, 0xf1, 0x02, 0xf1, 0x02, 0xf1, 0x02, 0xf1, 0x02, 0xf1, 0x02, 0xf1, 0x02, 0xf1,
    0x02, 0xf1, 0x02, 0xf1, 0x02, 0xf1, 0x02, 0xf1, 0x02, 0xf1, 0x02, 0xf1, 0x02, 0xf1, 0x02, 0xf1,
    0x02, 0xf1, 0x02, 0xf1, 0x02, 0xf1, 0x02, 0xf1, 0x02, 0xf1, 0x12, 0xf1, 0x02, 0xf1, 0x02, 0xf1,
    0x02, 0xf1, 0x02, 0xf1, 0x02, 0xf1, 0x02, 0xf1, 0x02, 0xf1, 0x02, 0xf1, 0x02, 0xf1, 0x02, 0xf1,
    0x02, 0xf1, 0x02, 0xf1, 0x02, 0xf1, 0x02, 0xf1, 0x02, 0xf1, 0x02, 0xf1, 0x02, 0xf1, 0x13, 0xf1,
    0x13, 0xf1, 0x02, 0xf1, 0x02, 0xf1, 0x02, 0xf1, 0x13, 0xf1, 0x46, 0xf2, 0x57, 0xf3, 0x24, 0xf2,
    0x02, 0xf1, 0x02, 0xf1, 0x02, 0xf1, 0x02, 0xf1, 0x02, 0xf1, 0x02, 0xf1, 0x02, 0xf1, 0x02, 0xf1,
    0x02, 0xf1, 0x02, 0xf1, 0x02, 0xf1, 0x03, 0xf1, 0x02, 0xf1, 0x02, 0xf1, 0x02, 0xf1, 0x02, 0xf1,
    0x02, 0xf1, 0x02, 0xf1, 0x02, 0xf1, 0x02, 0xf1, 0x02, 0xf1, 0x02, 0xf1, 0x13, 0xf1, 0x13, 0xf1,
    0x02, 0xf1, 0x02, 0xf1, 0x02, 0xf1, 0x02, 0xf1, 0x02, 0xf1, 0x02, 0xf1, 0x02, 0xf1, 0x02, 0xf1,
    0x02, 0xf1, 0x02, 0xf1, 0x02, 0xf1, 0x02, 0xf1, 0x02, 0xf1, 0x02, 0xf1, 0x02, 0xf1, 0x02, 0xf1,
    0x02, 0xf1, 0x02, 0xf1, 0x02, 0xf1, 0x02, 0xf1, 0x02, 0xf1, 0x02, 0xf1, 0x02, 0xf1, 0x02, 0xf1,
    0x02, 0xf1, 0x02, 0xf1, 0x02, 0xf1, 0x02, 0xf1, 0x02, 0xf1, 0x02, 0xf1, 0x02, 0xf1, 0x02, 0xf1,
    0x02, 0xf1, 0x02, 0xf1, 0x02, 0xf1, 0x02, 0xf1, 0x02, 0xf1, 0x02, 0xf1, 0x02, 0xf1, 0x02, 0xf1,
    0x02, 0xf1, 0x02, 0xf1, 0x02, 0xf1, 0x02, 0xf1, 0x02, 0xf1, 0x02, 0xf1, 0x02, 0xf1, 0x02, 0xf1,
    0x01, 0xf1, 0x02, 0xf1, 0x02, 0xf1, 0x01, 0xf1, 0x01, 0xf1, 0x01, 0xf1, 0x01, 0xf1, 0x01, 0xf1,
    0x01, 0xf1, 0x01, 0xf1, 0x01, 0xf1, 0x01, 0xf1, 0x01, 0xf1, 0x01, 0xf1, 0x01, 0xf1, 0x01, 0xf1,
    0x01, 0xf1, 0x01, 0xf1, 0x01, 0xf1, 0x02, 0xf1, 0x01, 0xf1, 0x01, 0xf1, 0x01, 0xf1, 0x01, 0xf1,
    0x02, 0xf1, 0x02, 0xf1, 0x02, 0xf1, 0x02, 0xf1, 0x02, 0xf1, 0x02, 0xf1, 0x02, 0xf1, 0x02, 0xf1,
    0x13, 0xf1, 0x03, 0xf1, 0x02, 0xf1, 0x02, 0xf1, 0x02, 0xf1, 0x02, 0xf1, 0x02, 0xf1, 0x02, 0xf1,
    0x02, 0xf1, 0x02, 0xf1, 0x02, 0xf1, 0x02, 0xf1, 0x02, 0xf1, 0x02, 0xf1, 0x02, 0xf1, 0x02, 0xf1,
    0x02, 0xf1, 0x02, 0xf1, 0x02, 0xf1, 0x02, 0xf1, 0x02, 0xf1, 0x02, 0xf1, 0x02, 0xf1, 0x02, 0xf1,
    0x02, 0xf1, 0x13, 0xf1, 0x03, 0xf1, 0x13, 0xf1, 0x13, 0xf1, 0x57, 0xf3, 0x79, 0xf3, 0x35, 0xf2,
    0x13, 0xf1, 0x02, 0xf1, 0x02, 0xf1, 0x02, 0xf1, 0x02, 0xf1, 0x02, 0xf1, 0x02, 0xf1, 0x02, 0xf1,
    0x02, 0xf1, 0x02, 0xf1, 0x02, 0xf1, 0x02, 0xf1, 0x02, 0xf1, 0x02, 0xf1, 0x02, 0xf1, 0x02, 0xf1,
    0x02, 0xf1, 0x02, 0xf1, 0x02, 0xf1, 0x02, 0xf1, 0x02, 0xf1, 0x02, 0xf1, 0x02, 0xf1, 0x02, 0xf1,
    0x02, 0xf1, 0x02, 0xf1, 0x02, 0xf1, 0x02, 0xf1, 0x02, 0xf1, 0x02, 0xf1, 0x02, 0xf1, 0x02, 0xf1,
    0x02, 0xf1, 0x02, 0xf1, 0x02, 0xf1, 0x02, 0xf1, 0x02, 0xf1, 0x02, 0xf1, 0x02, 0xf1, 0x02, 0xf1,
    0x02, 0xf1, 0x02, 0xf1, 0x02, 0xf1, 0x02, 0xf1, 0x02, 0xf1, 0x02, 0xf1, 0x02, 0xf1, 0x02, 0xf1,
    0x02, 0xf1, 0x02, 0xf1, 0x02, 0xf1, 0x02, 0xf1, 0x02, 0xf1, 0x02, 0xf1, 0x02, 0xf1, 0x02, 0xf1,
    0x02, 0xf1, 0x02, 0xf1, 0x13, 0xf1, 0x02, 0xf1, 0x02, 0xf1, 0x02, 0xf1, 0x02, 0xf1, 0x02, 0xf1,
    0x02, 0xf1, 0x02, 0xf1, 0x02, 0xf1, 0x03, 0xf1, 0x02, 0xf1, 0x02, 0xf1, 0x02, 0xf1, 0x02, 0xf1,
    0x02, 0xf1, 0x02, 0xf1, 0x02, 0xf1, 0x02, 0xf1, 0x02, 0xf1, 0x03, 0xf1, 0x02, 0xf1, 0x02, 0xf1,
    0x02, 0xf1, 0x02, 0xf1, 0x02, 0xf1, 0x02, 0xf1, 0x02, 0xf1, 0x02, 0xf1, 0x02, 0xf1, 0x02, 0xf1,
    0x02, 0xf1, 0x02, 0xf1, 0x02, 0xf1, 0x02, 0xf1, 0x02, 0xf1, 0x02, 0xf1, 0x02, 0xf1, 0x12, 0xf1,
    0x02, 0xf1, 0x02, 0xf1, 0x02, 0xf1, 0x03, 0xf1, 0x14, 0xf2, 0x57, 0xf3, 0x78, 0xf3, 0x24, 0xf2,
    0x02, 0xf1, 0x02, 0xf1, 0x02, 0xf1, 0x02, 0xf1, 0x02, 0xf1, 0x02, 0xf1, 0x02, 0xf1, 0x02, 0xf1,
    0x02, 0xf1, 0x02, 0xf1, 0x02, 0xf1, 0x02, 0xf1, 0x02, 0xf1, 0x02, 0xf1, 0x02, 0xf1, 0x02, 0xf1,
    0x02, 0xf1, 0x02, 0xf1, 0x02, 0xf1, 0x02, 0xf1, 0x02, 0xf1, 0x02, 0xf1, 0x02, 0xf1, 0x02, 0xf1,
    0x02, 0xf1, 0x02, 0xf1, 0x02, 0xf1, 0x02, 0xf1, 0x02, 0xf1, 0x02, 0xf1, 0x02, 0xf1, 0x02, 0xf1,
    0x02, 0xf1, 0x02, 0xf1, 0x02, 0xf1, 0x02, 0xf1, 0x02, 0xf1, 0x02, 0xf1, 0x02, 0xf1, 0x02, 0xf1,
    0x02, 0xf1, 0x02, 0xf1, 0x02, 0xf1, 0x02, 0xf1, 0x02, 0xf1, 0x02, 0xf1, 0x02, 0xf1, 0x02, 0xf1,
    0x02, 0xf1, 0x02, 0xf1, 0x02, 0xf1, 0x02, 0xf1, 0x02, 0xf1, 0x02, 0xf1, 0x02, 0xf1, 0x02, 0xf1,
    0x02, 0xf1, 0x02, 0xf1, 0x02, 0xf1, 0x02, 0xf1, 0x02, 0xf1, 0x02, 0xf1, 0x02, 0xf1, 0x02, 0xf1,
    0x02, 0xf1, 0x02, 0xf1, 0x02, 0xf1, 0x02, 0xf1, 0x02, 0xf1, 0x02, 0xf1, 0x02, 0xf1, 0x02, 0xf1,
    0x02, 0xf1, 0x02, 0xf1, 0x12, 0xf1, 0x02, 0xf1, 0x01, 0xf1, 0x01, 0xf1, 0x01, 0xf1, 0x01, 0xf1,
    0x01, 0xf1, 0x01, 0xf1, 0x01, 0xf1, 0x01, 0xf1, 0x01, 0xf1, 0x01, 0xf1, 0x01, 0xf1, 0x01, 0xf1,
    0x01, 0xf1, 0x01, 0xf1, 0x01, 0xf1, 0x02, 0xf1, 0x01, 0xf1, 0x01, 0xf1, 0x01, 0xf1, 0x01, 0xf1,
    0x02, 0xf1, 0x13, 0xf1, 0x02, 0xf1, 0x02, 0xf1, 0x02, 0xf1, 0x02, 0xf1, 0x02, 0xf1, 0x02, 0xf1,
    0x13, 0xf1, 0x02, 0xf1, 0x02, 0xf1, 0x02, 0xf1, 0x02, 0xf1, 0x02, 0xf1, 0x02, 0xf1, 0x02, 0xf1,
    0x02, 0xf1, 0x02, 0xf1, 0x02, 0xf1, 0x03, 0xf1, 0x02, 0xf1, 0x02, 0xf1, 0x02, 0xf1, 0x02, 0xf1,
    0x02, 0xf1, 0x02, 0xf1, 0x02, 0xf1, 0x02, 0xf1, 0x02, 0xf1, 0x02, 0xf1, 0x03, 0xf1, 0x03, 0xf1,
    0x02, 0xf1, 0x13, 0xf1, 0x13, 0xf1, 0x13, 0xf1, 0x14, 0xf1, 0x47, 0xf2, 0x89, 0xf3, 0x35, 0xf2,
    0x13, 0xf1, 0x02, 0xf1, 0x02, 0xf1, 0x02, 0xf1, 0x02, 0xf1, 0x02, 0xf1, 0x02, 0xf1, 0x02, 0xf1,
    0x02, 0xf1, 0x02, 0xf1, 0x03, 0xf1, 0x02, 0xf1, 0x13, 0xf1, 0x13, 0xf1, 0x02, 0xf1, 0x02, 0xf1,
    0x02, 0xf1, 0x02, 0xf1, 0x02, 0xf1, 0x02, 0xf1, 0x02, 0xf1, 0x02, 0xf1, 0x02, 0xf1, 0x02, 0xf1,
    0x13, 0xf1, 0x13, 0xf1, 0x02, 0xf1, 0x02, 0xf1, 0x02, 0xf1, 0x02, 0xf1, 0x02, 0xf1, 0x02, 0xf1,
    0x02, 0xf1, 0x02, 0xf1, 0x02, 0xf1, 0x02, 0xf1, 0x02, 0xf1, 0x02, 0xf1, 0x02, 0xf1, 0x02, 0xf1,
    0x02, 0xf1, 0x02, 0xf1, 0x02, 0xf1, 0x02, 0xf1, 0x02, 0xf1, 0x02, 0xf1, 0x02, 0xf1, 0x02, 0xf1,
    0x02, 0xf1, 0x02, 0xf1, 0x02, 0xf1, 0x02, 0xf1, 0x02, 0xf1, 0x02, 0xf1, 0x02, 0xf1, 0x02, 0xf1,
    0x02, 0xf1, 0x02, 0xf1, 0x02, 0xf1, 0x02, 0xf1, 0x02, 0xf1, 0x02, 0xf1, 0x02, 0xf1, 0x02, 0xf1,
    0x02, 0xf1, 0x02, 0xf1, 0x02, 0xf1, 0x25, 0xf2, 0x03, 0xf1, 0x02, 0xf1, 0x02, 0xf1, 0x13, 0xf1,
    0x12, 0xf1, 0x02, 0xf1, 0x13, 0xf1, 0x02, 0xf1, 0x02, 0xf1, 0x02, 0xf1, 0x02, 0xf1, 0x02, 0xf1,
    0x02, 0xf1, 0x02, 0xf1, 0x02, 0xf1, 0x02, 0xf1, 0x02, 0xf1, 0x02, 0xf1, 0x02, 0xf1, 0x02, 0xf1,
    0x02, 0xf1, 0x02, 0xf1, 0x02, 0xf1, 0x02, 0xf1, 0x02, 0xf1, 0x02, 0xf1, 0x02, 0xf1, 0x02, 0xf1,
    0x02, 0xf1, 0x02, 0xf1, 0x12, 0xf1, 0x02, 0xf1, 0x13, 0xf1, 0x14, 0xf2, 0x24, 0xf2, 0x13, 0xf1,
    0x02, 0xf1, 0x02, 0xf1, 0x02, 0xf1, 0x02, 0xf1, 0x02, 0xf1, 0x02, 0xf1, 0x02, 0xf1, 0x02, 0xf1,
    0x02, 0xf1, 0x02, 0xf1, 0x02, 0xf1, 0x02, 0xf1, 0x02, 0xf1, 0x02, 0xf1, 0x02, 0xf1, 0x02, 0xf1,
    0x02, 0xf1, 0x02, 0xf1, 0x02, 0xf1, 0x02, 0xf1, 0x02, 0xf1, 0x02, 0xf1, 0x02, 0xf1, 0x02, 0xf1,
    0x02, 0xf1, 0x02, 0xf1, 0x02, 0xf1, 0x02, 0xf1, 0x02, 0xf1, 0x02, 0xf1, 0x02, 0xf1, 0x02, 0xf1,
    0x02, 0xf1, 0x02, 0xf1, 0x02, 0xf1, 0x02, 0xf1, 0x02, 0xf1, 0x02, 0xf1, 0x02, 0xf1, 0x02, 0xf1,
    0x02, 0xf1, 0x02, 0xf1, 0x02, 0xf1, 0x02, 0xf1, 0x02, 0xf1, 0x02, 0xf1, 0x02, 0xf1, 0x02, 0xf1,
    0x02, 0xf1, 0x02, 0xf1, 0x02, 0xf1, 0x02, 0xf1, 0x02, 0xf1, 0x02, 0xf1, 0x02, 0xf1, 0x02, 0xf1,
    0x02, 0xf1, 0x02, 0xf1, 0x02, 0xf1, 0x02, 0xf1, 0x02, 0xf1, 0x02, 0xf1, 0x02, 0xf1, 0x02, 0xf1,
    0x02, 0xf1, 0x02, 0xf1, 0x02, 0xf1, 0x02, 0xf1, 0x02, 0xf1, 0x02, 0xf1, 0x02, 0xf1, 0x02, 0xf1,
    0x02, 0xf1, 0x02, 0xf1, 0x02, 0xf1, 0x01, 0xf1, 0x01, 0xf1, 0x01, 0xf1, 0x01, 0xf1, 0x01, 0xf1,
    0x01, 0xf1, 0x01, 0xf1, 0x01, 0xf1, 0x01, 0xf1, 0x01, 0xf1, 0x01, 0xf1, 0x01, 0xf1, 0x01, 0xf1,
    0x01, 0xf1, 0x01, 0xf1, 0x01, 0xf1, 0x02, 0xf1, 0x01, 0xf1, 0x01, 0xf1, 0x01, 0xf1, 0x01, 0xf1,
    0x02, 0xf1, 0x02, 0xf1, 0x02, 0xf1, 0x12, 0xf1, 0x02, 0xf1, 0x02, 0xf1, 0x02, 0xf1, 0x02, 0xf1,
    0x02, 0xf1, 0x03, 0xf1, 0x13, 0xf1, 0x13, 0xf1, 0x02, 0xf1, 0x02, 0xf1, 0x02, 0xf1, 0x02, 0xf1,
    0x02, 0xf1, 0x02, 0xf1, 0x02, 0xf1, 0x02, 0xf1, 0x02, 0xf1, 0x02, 0xf1, 0x02, 0xf1, 0x02, 0xf1,
    0x02, 0xf1, 0x02, 0xf1, 0x02, 0xf1, 0x02, 0xf1, 0x02, 0xf1, 0x02, 0xf1, 0x03, 0xf1, 0x03, 0xf1,
    0x03, 0xf1, 0x03, 0xf1, 0x13, 0xf1, 0x13, 0xf1, 0x13, 0xf1, 0x14, 0xf2, 0x24, 0xf2, 0x13, 0xf1,
    0x03, 0xf1, 0x02, 0xf1, 0x02, 0xf1, 0x02, 0xf1, 0x02, 0xf1, 0x02, 0xf1, 0x02, 0xf1, 0x02, 0xf1,
    0x02, 0xf1, 0x02, 0xf1, 0x13, 0xf1, 0x13, 0xf1, 0x13, 0xf1, 0x13, 0xf1, 0x02, 0xf1, 0x02, 0xf1,
    0x02, 0xf1, 0x02, 0xf1, 0x02, 0xf1, 0x02, 0xf1, 0x02, 0xf1, 0x02, 0xf1, 0x02, 0xf1, 0x02, 0xf1,
    0x13, 0xf1, 0x13, 0xf1, 0x02, 0xf1, 0x02, 0xf1, 0x02, 0xf1, 0x02, 0xf1, 0x02, 0xf1, 0x02, 0xf1,
    0x02, 0xf1, 0x02, 0xf1, 0x02, 0xf1, 0x02, 0xf1, 0x02, 0xf1, 0x02, 0xf1, 0x02, 0xf1, 0x02, 0xf1,
    0x02, 0xf1, 0x02, 0xf1, 0x02, 0xf1, 0x02, 0xf1, 0x02, 0xf1, 0x02, 0xf1, 0x02, 0xf1, 0x02, 0xf1,
    0x02, 0xf1, 0x02, 0xf1, 0x02, 0xf1, 0x02, 0xf1, 0x02, 0xf1, 0x03, 0xf1, 0x02, 0xf1, 0x02, 0xf1,
    0x02, 0xf1, 0x02, 0xf1, 0x02, 0xf1, 0x02, 0xf1, 0x02, 0xf1, 0x02, 0xf1, 0x02, 0xf1, 0x02, 0xf1,
    0x02, 0xf1, 0x02, 0xf1, 0x02, 0xf1, 0x03, 0xf1, 0x02, 0xf1, 0x02, 0xf1, 0x02, 0xf1, 0x13, 0xf1,
    0x13, 0xf1, 0x02, 0xf1, 0x02, 0xf1, 0x02, 0xf1, 0x02, 0xf1, 0x02, 0xf1, 0x02, 0xf1, 0x02, 0xf1,
    0x02, 0xf1, 0x02, 0xf1, 0x02, 0xf1, 0x02, 0xf1, 0x02, 0xf1, 0x02, 0xf1, 0x02, 0xf1, 0x02, 0xf1,
    0x02, 0xf1, 0x02, 0xf1, 0x02, 0xf1, 0x02, 0xf1, 0x02, 0xf1, 0x02, 0xf1, 0x02, 0xf1, 0x02, 0xf1,
    0x02, 0xf1, 0x02, 0xf1, 0x02, 0xf1, 0x02, 0xf1, 0x02, 0xf1, 0x02, 0xf1, 0x02, 0xf1, 0x02, 0xf1,
    0x02, 0xf1, 0x02, 0xf1, 0x02, 0xf1, 0x02, 0xf1, 0x13, 0xf1, 0x02, 0xf1, 0x02, 0xf1, 0x02, 0xf1,
    0x02, 0xf1, 0x02, 0xf1, 0x02, 0xf1, 0x02, 0xf1, 0x02, 0xf1, 0x02, 0xf1, 0x02, 0xf1, 0x02, 0xf1,
    0x02, 0xf1, 0x02, 0xf1, 0x02, 0xf1, 0x02, 0xf1, 0x02, 0xf1, 0x02, 0xf1, 0x02, 0xf1, 0x02, 0xf1,
    0x02, 0xf1, 0x02, 0xf1, 0x02, 0xf1, 0x02, 0xf1, 0x02, 0xf1, 0x02, 0xf1, 0x02, 0xf1, 0x02, 0xf1,
    0x02, 0xf1, 0x02, 0xf1, 0x02, 0xf1, 0x02, 0xf1, 0x02, 0xf1, 0x02, 0xf1, 0x02, 0xf1, 0x02, 0xf1,
    0x02, 0xf1, 0x02, 0xf1, 0x02, 0xf1, 0x02, 0xf1, 0x02, 0xf1, 0x02, 0xf1, 0x02, 0xf1, 0x02, 0xf1,
    0x02, 0xf1, 0x02, 0xf1, 0x02, 0xf1, 0x02, 0xf1, 0x02, 0xf1, 0x02, 0xf1, 0x02, 0xf1, 0x02, 0xf1,
    0x02, 0xf1, 0x02, 0xf1, 0x02, 0xf1, 0x02, 0xf1, 0x02, 0xf1, 0x02, 0xf1, 0x02, 0xf1, 0x02, 0xf1,
    0x02, 0xf1, 0x02, 0xf1, 0x02, 0xf1, 0x02, 0xf1, 0x02, 0xf1, 0x02, 0xf1, 0x02, 0xf1, 0x02, 0xf1,
    0x02, 0xf1, 0x02, 0xf1, 0x02, 0xf1, 0x01, 0xf1, 0x01, 0xf1, 0x01, 0xf1, 0x01, 0xf1, 0x01, 0xf1,
    0x01, 0xf1, 0x01, 0xf1, 0x01, 0xf1, 0x01, 0xf1, 0x01, 0xf1, 0x01, 0xf1, 0x01, 0xf1, 0x01, 0xf1,
    0x01, 0xf1, 0x01, 0xf1, 0x01, 0xf1, 0x02, 0xf1, 0x01, 0xf1, 0x01, 0xf1, 0x01, 0xf1, 0x01, 0xf1,
    0x02, 0xf1, 0x02, 0xf1, 0x13, 0xf1, 0x13, 0xf1, 0x13, 0xf1, 0x13, 0xf1, 0x02, 0xf1, 0x02, 0xf1,
    0x02, 0xf1, 0x02, 0xf1, 0x13, 0xf1, 0x02, 0xf1, 0x02, 0xf1, 0x02, 0xf1, 0x02, 0xf1, 0x02, 0xf1,
    0x02, 0xf1, 0x02, 0xf1, 0x02, 0xf1, 0x02, 0xf1, 0x02, 0xf1, 0x02, 0xf1, 0x02, 0xf1, 0x02, 0xf1,
    0x02, 0xf1, 0x02, 0xf1, 0x02, 0xf1, 0x02, 0xf1, 0x02, 0xf1, 0x03, 0xf1, 0x03, 0xf1, 0x13, 0xf1,
    0x13, 0xf1, 0x02, 0xf1, 0x02, 0xf1, 0x13, 0xf1, 0x13, 0xf1, 0x13, 0xf1, 0x03, 0xf1, 0x02, 0xf1,
    0x02, 0xf1, 0x02, 0xf1, 0x02, 0xf1, 0x02, 0xf1, 0x02, 0xf1, 0x02, 0xf1, 0x02, 0xf1, 0x02, 0xf1,
    0x02, 0xf1, 0x02, 0xf1, 0x02, 0xf1, 0x02, 0xf1, 0x02, 0xf1, 0x02, 0xf1, 0x02, 0xf1, 0x02, 0xf1,
    0x02, 0xf1, 0x02, 0xf1, 0x02, 0xf1, 0x03, 0xf1, 0x02, 0xf1, 0x02, 0xf1, 0x02, 0xf1, 0x02, 0xf1,
    0x02, 0xf1, 0x13, 0xf1, 0x13, 0xf1, 0x02, 0xf1, 0x02, 0xf1, 0x02, 0xf1, 0x02, 0xf1, 0x02, 0xf1,
    0x02, 0xf1, 0x02, 0xf1, 0x02, 0xf1, 0x02, 0xf1, 0x02, 0xf1, 0x02, 0xf1, 0x02, 0xf1, 0x02, 0xf1,
    0x02, 0xf1, 0x02, 0xf1, 0x02, 0xf1, 0x02, 0xf1, 0x02, 0xf1, 0x02, 0xf1, 0x02, 0xf1, 0x02, 0xf1,
    0x02, 0xf1, 0x02, 0xf1, 0x02, 0xf1, 0x02, 0xf1, 0x03, 0xf1, 0x25, 0xf2, 0x13, 0xf1, 0x02, 0xf1,
    0x02, 0xf1, 0x02, 0xf1, 0x03, 0xf1, 0x02, 0xf1, 0x02, 0xf1, 0x02, 0xf1, 0x02, 0xf1, 0x02, 0xf1,
    0x02, 0xf1, 0x02, 0xf1, 0x02, 0xf1, 0x02, 0xf1, 0x02, 0xf1, 0x02, 0xf1, 0x02, 0xf1, 0x02, 0xf1,
    0x02, 0xf1, 0x02, 0xf1, 0x02, 0xf1, 0x02, 0xf1, 0x02, 0xf1, 0x02, 0xf1, 0x02, 0xf1, 0x02, 0xf1,
    0x02, 0xf1, 0x02, 0xf1, 0x02, 0xf1, 0x02, 0xf1, 0x02, 0xf1, 0x02, 0xf1, 0x02, 0xf1, 0x02, 0xf1,
    0x02, 0xf1, 0x02, 0xf1, 0x02, 0xf1, 0x02, 0xf1, 0x02, 0xf1, 0x02, 0xf1, 0x02, 0xf1, 0x02, 0xf1,
    0x02, 0xf1, 0x02, 0xf1, 0x02, 0xf1, 0x02, 0xf1, 0x02, 0xf1, 0x02, 0xf1, 0x02, 0xf1, 0x02, 0xf1,
    0x02, 0xf1, 0x02, 0xf1, 0x02, 0xf1, 0x02, 0xf1, 0x13, 0xf1, 0x02, 0xf1, 0x02, 0xf1, 0x02, 0xf1,
    0x02, 0xf1, 0x02, 0xf1, 0x02, 0xf1, 0x02, 0xf1, 0x02, 0xf1, 0x02, 0xf1, 0x02, 0xf1, 0x02, 0xf1,
    0x02, 0xf1, 0x02, 0xf1, 0x02, 0xf1, 0x02, 0xf1, 0x02, 0xf1, 0x02, 0xf1, 0x02, 0xf1, 0x02, 0xf1,
    0x02, 0xf1, 0x02, 0xf1, 0x02, 0xf1, 0x02, 0xf1, 0x02, 0xf1, 0x02, 0xf1, 0x02, 0xf1, 0x02, 0xf1,
    0x02, 0xf1, 0x02, 0xf1, 0x02, 0xf1, 0x02, 0xf1, 0x02, 0xf1, 0x02, 0xf1, 0x02, 0xf1, 0x02, 0xf1,
    0x02, 0xf1, 0x02, 0xf1, 0x02, 0xf1, 0x02, 0xf1, 0x02, 0xf1, 0x02, 0xf1, 0x02, 0xf1, 0x02, 0xf1,
    0x02, 0xf1, 0x02, 0xf1, 0x02, 0xf1, 0x02, 0xf1, 0x02, 0xf1, 0x02, 0xf1, 0x02, 0xf1, 0x02, 0xf1,
    0x02, 0xf1, 0x02, 0xf1, 0x02, 0xf1, 0x02, 0xf1, 0x02, 0xf1, 0x02, 0xf1, 0x02, 0xf1, 0x02, 0xf1,
    0x02, 0xf1, 0x02, 0xf1, 0x02, 0xf1, 0x02, 0xf1, 0x02, 0xf1, 0x02, 0xf1, 0x02, 0xf1, 0x02, 0xf1,
    0x02, 0xf1, 0x01, 0xf1, 0x01, 0xf1, 0x01, 0xf1, 0x01, 0xf1, 0x01, 0xf1, 0x01, 0xf1, 0x01, 0xf1,
    0x01, 0xf1, 0x01, 0xf1, 0x01, 0xf1, 0x01, 0xf1, 0x01, 0xf1, 0x01, 0xf1, 0x01, 0xf1, 0x01, 0xf1,
    0x01, 0xf1, 0x01, 0xf1, 0x01, 0xf1, 0x02, 0xf1, 0x02, 0xf1, 0x01, 0xf1, 0x01, 0xf1, 0x01, 0xf1,
    0x02, 0xf1, 0x12, 0xf1, 0x12, 0xf1, 0x02, 0xf1, 0x24, 0xf2, 0x14, 0xf2, 0x02, 0xf1, 0x02, 0xf1,
    0x02, 0xf1, 0x02, 0xf1, 0x02, 0xf1, 0x02, 0xf1, 0x02, 0xf1, 0x02, 0xf1, 0x02, 0xf1, 0x02, 0xf1,
    0x02, 0xf1, 0x02, 0xf1, 0x02, 0xf1, 0x02, 0xf1, 0x02, 0xf1, 0x02, 0xf1, 0x02, 0xf1, 0x02, 0xf1,
    0x02, 0xf1, 0x02, 0xf1, 0x02, 0xf1, 0x02, 0xf1, 0x03, 0xf1, 0x03, 0xf1, 0x13, 0xf1, 0x13, 0xf1,
    0x03, 0xf1, 0x02, 0xf1, 0x03, 0xf1, 0x03, 0xf1, 0x03, 0xf1, 0x13, 0xf1, 0x03, 0xf1, 0x02, 0xf1,
    0x02, 0xf1, 0x02, 0xf1, 0x02, 0xf1, 0x02, 0xf1, 0x02, 0xf1, 0x02, 0xf1, 0x02, 0xf1, 0x02, 0xf1,
    0x02, 0xf1, 0x02, 0xf1, 0x02, 0xf1, 0x02, 0xf1, 0x02, 0xf1, 0x02, 0xf1, 0x12, 0xf1, 0x02, 0xf1,
    0x02, 0xf1, 0x02, 0xf1, 0x02, 0xf1, 0x03, 0xf1, 0x02, 0xf1, 0x02, 0xf1, 0x02, 0xf1, 0x02, 0xf1,
    0x02, 0xf1, 0x14, 0xf2, 0x36, 0xf2, 0x13, 0xf1, 0x02, 0xf1, 0x02, 0xf1, 0x02, 0xf1, 0x02, 0xf1,
    0x02, 0xf1, 0x02, 0xf1, 0x02, 0xf1, 0x02, 0xf1, 0x02, 0xf1, 0x02, 0xf1, 0x02, 0xf1, 0x02, 0xf1,
    0x02, 0xf1, 0x02, 0xf1, 0x02, 0xf1, 0x02, 0xf1, 0x02, 0xf1, 0x02, 0xf1, 0x02, 0xf1, 0x02, 0xf1,
    0x02, 0xf1, 0x02, 0xf1, 0x02, 0xf1, 0x02, 0xf1, 0x13, 0xf1, 0x13, 0xf2, 0x13, 0xf1, 0x13, 0xf1,
    0x13, 0xf1, 0x02, 0xf1, 0x03, 0xf1, 0x03, 0xf1, 0x03, 0xf1, 0x02, 0xf1, 0x02, 0xf1, 0x02, 0xf1,
    0x02, 0xf1, 0x02, 0xf1, 0x02, 0xf1, 0x03, 0xf1, 0x02, 0xf1, 0x02, 0xf1, 0x03, 0xf1, 0x02, 0xf1,
    0x02, 0xf1, 0x02, 0xf1, 0x02, 0xf1, 0x13, 0xf1, 0x02, 0xf1, 0x02, 0xf1, 0x02, 0xf1, 0x02, 0xf1,
    0x02, 0xf1, 0x02, 0xf1, 0x02, 0xf1, 0x02, 0xf1, 0x02, 0xf1, 0x02, 0xf1, 0x02, 0xf1, 0x02, 0xf1,
    0x02, 0xf1, 0x02, 0xf1, 0x02, 0xf1, 0x02, 0xf1, 0x02, 0xf1, 0x02, 0xf1, 0x02, 0xf1, 0x02, 0xf1,
    0x02, 0xf1, 0x02, 0xf1, 0x02, 0xf1, 0x02, 0xf1, 0x02, 0xf1, 0x02, 0xf1, 0x02, 0xf1, 0x02, 0xf1,
    0x02, 0xf1, 0x02, 0xf1, 0x02, 0xf1, 0x02, 0xf1, 0x02, 0xf1, 0x02, 0xf1, 0x02, 0xf1, 0x02, 0xf1,
    0x02, 0xf1, 0x02, 0xf1, 0x02, 0xf1, 0x02, 0xf1, 0x02, 0xf1, 0x02, 0xf1, 0x02, 0xf1, 0x02, 0xf1,
    0x02, 0xf1, 0x02, 0xf1, 0x02, 0xf1, 0x02, 0xf1, 0x02, 0xf1, 0x02, 0xf1, 0x02, 0xf1, 0x02, 0xf1,
    0x02, 0xf1, 0x02, 0xf1, 0x02, 0xf1, 0x02, 0xf1, 0x02, 0xf1, 0x02, 0xf1, 0x02, 0xf1, 0x02, 0xf1,
    0x02, 0xf1, 0x02, 0xf1, 0x02, 0xf1, 0x02, 0xf1, 0x02, 0xf1, 0x02, 0xf1, 0x02, 0xf1, 0x02, 0xf1,
    0x02, 0xf1, 0x02, 0xf1, 0x02, 0xf1, 0x02, 0xf1, 0x02, 0xf1, 0x02, 0xf1, 0x02, 0xf1, 0x02, 0xf1,
    0x02, 0xf1, 0x02, 0xf1, 0x02, 0xf1, 0x02, 0xf1, 0x02, 0xf1, 0x02, 0xf1, 0x02, 0xf1, 0x02, 0xf1,
    0x02, 0xf1, 0x02, 0xf1, 0x02, 0xf1, 0x02, 0xf1, 0x02, 0xf1, 0x02, 0xf1, 0x02, 0xf1, 0x02, 0xf1,
    0x02, 0xf1, 0x02, 0xf1, 0x02, 0xf1, 0x02, 0xf1, 0x02, 0xf1, 0x02, 0xf1, 0x01, 0xf1, 0x01, 0xf1,
    0x01, 0xf1, 0x01, 0xf1, 0x01, 0xf1, 0x01, 0xf1, 0x01, 0xf1, 0x01, 0xf1, 0x01, 0xf1, 0x01, 0xf1,
    0x01, 0xf1, 0x01, 0xf1, 0x01, 0xf1, 0x01, 0xf1, 0x01, 0xf1, 0x01, 0xf1, 0x01, 0xf1, 0x01, 0xf1,
    0x02, 0xf1, 0x01, 0xf1, 0x01, 0xf1, 0x02, 0xf1, 0x01, 0xf1, 0x01, 0xf1, 0x01, 0xf1, 0x01, 0xf1,
    0x02, 0xf1, 0x12, 0xf1, 0x13, 0xf1, 0x03, 0xf1, 0x02, 0xf1, 0x02, 0xf1, 0x02, 0xf1, 0x02, 0xf1,
    0x02, 0xf1, 0x02, 0xf1, 0x02, 0xf1, 0x02, 0xf1, 0x02, 0xf1, 0x02, 0xf1, 0x02, 0xf1, 0x02, 0xf1,
    0x02, 0xf1, 0x03, 0xf1, 0x02, 0xf1, 0x02, 0xf1, 0x02, 0xf1, 0x02, 0xf1, 0x03, 0xf1, 0x02, 0xf1,
    0x03, 0xf1, 0x03, 0xf1, 0x02, 0xf1, 0x13, 0xf1, 0x03, 0xf1, 0x13, 0xf1, 0x13, 0xf1, 0x13, 0xf1,
    0x03, 0xf1, 0x13, 0xf1, 0x13, 0xf1, 0x02, 0xf1, 0x03, 0xf1, 0x03, 0xf1, 0x03, 0xf1, 0x13, 0xf1,
    0x02, 0xf1, 0x02, 0xf1, 0x02, 0xf1, 0x02, 0xf1, 0x02, 0xf1, 0x02, 0xf1, 0x02, 0xf1, 0x02, 0xf1,
    0x02, 0xf1, 0x02, 0xf1, 0x02, 0xf1, 0x02, 0xf1, 0x02, 0xf1, 0x03, 0xf1, 0x13, 0xf1, 0x12, 0xf1,
    0x02, 0xf1, 0x02, 0xf1, 0x02, 0xf1, 0x02, 0xf1, 0x02, 0xf1, 0x02, 0xf1, 0x02, 0xf1, 0x02, 0xf1,
    0x02, 0xf1, 0x13, 0xf1, 0x13, 0xf1, 0x02, 0xf1, 0x02, 0xf1, 0x02, 0xf1, 0x02, 0xf1, 0x02, 0xf1,
    0x02, 0xf1, 0x02, 0xf1, 0x02, 0xf1, 0x02, 0xf1, 0x02, 0xf1, 0x02, 0xf1, 0x02, 0xf1, 0x02, 0xf1,
    0x02, 0xf1, 0x02, 0xf1, 0x02, 0xf1, 0x02, 0xf1, 0x02, 0xf1, 0x02, 0xf1, 0x02, 0xf1, 0x02, 0xf1,
    0x02, 0xf1, 0x02, 0xf1, 0x02, 0xf1, 0x02, 0xf1, 0x02, 0xf1, 0x02, 0xf1, 0x12, 0xf1, 0x13, 0xf1,
    0x13, 0xf1, 0x13, 0xf1, 0x13, 0xf1, 0x13, 0xf1, 0x03, 0xf1, 0x02, 0xf1, 0x02, 0xf1, 0x02, 0xf1,
    0x02, 0xf1, 0x02, 0xf1, 0x03, 0xf1, 0x03, 0xf1, 0x02, 0xf1, 0x02, 0xf1, 0x03, 0xf1, 0x02, 0xf1,
    0x02, 0xf1, 0x02, 0xf1, 0x02, 0xf1, 0x02, 0xf1, 0x02, 0xf1, 0x02, 0xf1, 0x02, 0xf1, 0x02, 0xf1,
    0x02, 0xf1, 0x02, 0xf1, 0x02, 0xf1, 0x02, 0xf1, 0x02, 0xf1, 0x02, 0xf1, 0x02, 0xf1, 0x02, 0xf1,
    0x02, 0xf1, 0x02, 0xf1, 0x02, 0xf1, 0x02, 0xf1, 0x02, 0xf1, 0x02, 0xf1, 0x02, 0xf1, 0x02, 0xf1,
    0x02, 0xf1, 0x02, 0xf1, 0x02, 0xf1, 0x02, 0xf1, 0x13, 0xf1, 0x03, 0xf1, 0x02, 0xf1, 0x02, 0xf1,
    0x02, 0xf1, 0x02, 0xf1, 0x02, 0xf1, 0x02, 0xf1, 0x02, 0xf1, 0x02, 0xf1, 0x02, 0xf1, 0x02, 0xf1,
    0x02, 0xf1, 0x02, 0xf1, 0x02, 0xf1, 0x02, 0xf1, 0x02, 0xf1, 0x02, 0xf1, 0x02, 0xf1, 0x02, 0xf1,
    0x02, 0xf1, 0x02, 0xf1, 0x02, 0xf1, 0x02, 0xf1, 0x02, 0xf1, 0x02, 0xf1, 0x02, 0xf1, 0x02, 0xf1,
    0x02, 0xf1, 0x02, 0xf1, 0x02, 0xf1, 0x02, 0xf1, 0x02, 0xf1, 0x02, 0xf1, 0x02, 0xf1, 0x02, 0xf1,
    0x02, 0xf1, 0x02, 0xf1, 0x02, 0xf1, 0x02, 0xf1, 0x02, 0xf1, 0x02, 0xf1, 0x02, 0xf1, 0x02, 0xf1,
    0x12, 0xf1, 0x02, 0xf1, 0x02, 0xf1, 0x02, 0xf1, 0x02, 0xf1, 0x02, 0xf1, 0x02, 0xf1, 0x02, 0xf1,
    0x02, 0xf1, 0x02, 0xf1, 0x02, 0xf1, 0x02, 0xf1, 0x02, 0xf1, 0x02, 0xf1, 0x02, 0xf1, 0x02, 0xf1,
    0x02, 0xf1, 0x02, 0xf1, 0x02, 0xf1, 0x02, 0xf1, 0x02, 0xf1, 0x02, 0xf1, 0x02, 0xf1, 0x02, 0xf1,
    0x02, 0xf1, 0x02, 0xf1, 0x02, 0xf1, 0x02, 0xf1, 0x02, 0xf1, 0x01, 0xf1, 0x01, 0xf1, 0x01, 0xf1,
    0x01, 0xf1, 0x01, 0xf1, 0x01, 0xf1, 0x01, 0xf1, 0x02, 0xf1, 0x01, 0xf1, 0x01, 0xf1, 0x01, 0xf1,
    0x01, 0xf1, 0x01, 0xf1, 0x01, 0xf1, 0x01, 0xf1, 0x01, 0xf1, 0x01, 0xf1, 0x01, 0xf1, 0x01, 0xf1,
    0x01, 0xf1, 0x02, 0xf1, 0x01, 0xf1, 0x01, 0xf1, 0x01, 0xf1, 0x01, 0xf1, 0x01, 0xf1, 0x01, 0xf1,
    0x02, 0xf1, 0x02, 0xf1, 0x02, 0xf1, 0x02, 0xf1, 0x02, 0xf1, 0x03, 0xf1, 0x02, 0xf1, 0x02, 0xf1,
    0x02, 0xf1, 0x02, 0xf1, 0x02, 0xf1, 0x02, 0xf1, 0x02, 0xf1, 0x02, 0xf1, 0x02, 0xf1, 0x02, 0xf1,
    0x02, 0xf1, 0x02, 0xf1, 0x02, 0xf1, 0x02, 0xf1, 0x02, 0xf1, 0x02, 0xf1, 0x02, 0xf1, 0x03, 0xf1,
    0x13, 0xf1, 0x13, 0xf1, 0x13, 0xf1, 0x13, 0xf1, 0x13, 0xf1, 0x13, 0xf1, 0x13, 0xf1, 0x13, 0xf1,
    0x13, 0xf1, 0x13, 0xf1, 0x13, 0xf1, 0x03, 0xf1, 0x03, 0xf1, 0x03, 0xf1, 0x03, 0xf1, 0x13, 0xf1,
    0x03, 0xf1, 0x02, 0xf1, 0x02, 0xf1, 0x02, 0xf1, 0x02, 0xf1, 0x02, 0xf1, 0x02, 0xf1, 0x02, 0xf1,
    0x02, 0xf1, 0x02, 0xf1, 0x02, 0xf1, 0x02, 0xf1, 0x02, 0xf1, 0x02, 0xf1, 0x02, 0xf1, 0x02, 0xf1,
    0x02, 0xf1, 0x02, 0xf1, 0x02, 0xf1, 0x02, 0xf1, 0x02, 0xf1, 0x02, 0xf1, 0x02, 0xf1, 0x02, 0xf1,
    0x02, 0xf1, 0x02, 0xf1, 0x02, 0xf1, 0x02, 0xf1, 0x02, 0xf1, 0x02, 0xf1, 0x02, 0xf1, 0x02, 0xf1,
    0x02, 0xf1, 0x02, 0xf1, 0x02, 0xf1, 0x02, 0xf1, 0x02, 0xf1, 0x02, 0xf1, 0x02, 0xf1, 0x02, 0xf1,
    0x02, 0xf1, 0x02, 0xf1, 0x02, 0xf1, 0x02, 0xf1, 0x02, 0xf1, 0x02, 0xf1, 0x02, 0xf1, 0x02, 0xf1,
    0x02, 0xf1, 0x02, 0xf1, 0x02, 0xf1, 0x02, 0xf1, 0x02, 0xf1, 0x02, 0xf1, 0x13, 0xf1, 0x02, 0xf1,
    0x13, 0xf1, 0x13, 0xf1, 0x03, 0xf1, 0x13, 0xf1, 0x02, 0xf1, 0x02, 0xf1, 0x02, 0xf1, 0x02, 0xf1,
    0x02, 0xf1, 0x02, 0xf1, 0x03, 0xf1, 0x03, 0xf1, 0x13, 0xf1, 0x02, 0xf1, 0x02, 0xf1, 0x02, 0xf1,
    0x13, 0xf1, 0x03, 0xf1, 0x02, 0xf1, 0x02, 0xf1, 0x03, 0xf1, 0x02, 0xf1, 0x02, 0xf1, 0x02, 0xf1,
    0x02, 0xf1, 0x02, 0xf1, 0x02, 0xf1, 0x02, 0xf1, 0x02, 0xf1, 0x02, 0xf1, 0x02, 0xf1, 0x02, 0xf1,
    0x02, 0xf1, 0x02, 0xf1, 0x02, 0xf1, 0x02, 0xf1, 0x02, 0xf1, 0x02, 0xf1, 0x02, 0xf1, 0x02, 0xf1,
    0x02, 0xf1, 0x02, 0xf1, 0x02, 0xf1, 0x02, 0xf1, 0x13, 0xf1, 0x03, 0xf1, 0x02, 0xf1, 0x02, 0xf1,
    0x02, 0xf1, 0x03, 0xf1, 0x02, 0xf1, 0x02, 0xf1, 0x02, 0xf1, 0x02, 0xf1, 0x02, 0xf1, 0x02, 0xf1,
    0x02, 0xf1, 0x02, 0xf1, 0x02, 0xf1, 0x02, 0xf1, 0x02, 0xf1, 0x02, 0xf1, 0x02, 0xf1, 0x02, 0xf1,
    0x02, 0xf1, 0x02, 0xf1, 0x02, 0xf1, 0x02, 0xf1, 0x02, 0xf1, 0x02, 0xf1, 0x02, 0xf1, 0x02, 0xf1,
    0x02, 0xf1, 0x02, 0xf1, 0x02, 0xf1, 0x02, 0xf1, 0x02, 0xf1, 0x02, 0xf1, 0x02, 0xf1, 0x02, 0xf1,
    0x02, 0xf1, 0x02, 0xf1, 0x02, 0xf1, 0x02, 0xf1, 0x02, 0xf1, 0x02, 0xf1, 0x02, 0xf1, 0x02, 0xf1,
    0x02, 0xf1, 0x02, 0xf1, 0x02, 0xf1, 0x02, 0xf1, 0x02, 0xf1, 0x02, 0xf1, 0x02, 0xf1, 0x02, 0xf1,
    0x02, 0xf1, 0x02, 0xf1, 0x02, 0xf1, 0x02, 0xf1, 0x02, 0xf1, 0x02, 0xf1, 0x02, 0xf1, 0x02, 0xf1,
    0x02, 0xf1, 0x02, 0xf1, 0x02, 0xf1, 0x02, 0xf1, 0x02, 0xf1, 0x02, 0xf1, 0x02, 0xf1, 0x02, 0xf1,
    0x02, 0xf1, 0x02, 0xf1, 0x02, 0xf1, 0x02, 0xf1, 0x01, 0xf1, 0x01, 0xf1, 0x01, 0xf1, 0x01, 0xf1,
    0x01, 0xf1, 0x01, 0xf1, 0x01, 0xf1, 0x01, 0xf1, 0x01, 0xf1, 0x01, 0xf1, 0x01, 0xf1, 0x01, 0xf1,
    0x01, 0xf1, 0x01, 0xf1, 0x01, 0xf1, 0x01, 0xf1, 0x01, 0xf1, 0x01, 0xf1, 0x01, 0xf1, 0x01, 0xf1,
    0x01, 0xf1, 0x01, 0xf1, 0x01, 0xf1, 0x01, 0xf1, 0x01, 0xf1, 0x01, 0xf1, 0x01, 0xf1, 0x01, 0xf1,
    0x02, 0xf1, 0x02, 0xf1, 0x02, 0xf1, 0x03, 0xf1, 0x02, 0xf1, 0x02, 0xf1, 0x02, 0xf1, 0x02, 0xf1,
    0x03, 0xf1, 0x02, 0xf1, 0x03, 0xf1, 0x02, 0xf1, 0x03, 0xf1, 0x02, 0xf1, 0x02, 0xf1, 0x02, 0xf1,
    0x02, 0xf1, 0x02, 0xf1, 0x02, 0xf1, 0x02, 0xf1, 0x02, 0xf1, 0x13, 0xf1, 0x13, 0xf1, 0x03, 0xf1,
    0x13, 0xf1, 0x13, 0xf1, 0x13, 0xf1, 0x13, 0xf1, 0x13, 0xf1, 0x13, 0xf1, 0x13, 0xf1, 0x02, 0xf1,
    0x03, 0xf1, 0x12, 0xf1, 0x13, 0xf1, 0x13, 0xf1, 0x03, 0xf1, 0x03, 0xf1, 0x13, 0xf1, 0x02, 0xf1,
    0x02, 0xf1, 0x02, 0xf1, 0x02, 0xf1, 0x03, 0xf1, 0x02, 0xf1, 0x02, 0xf1, 0x02, 0xf1, 0x02, 0xf1,
    0x02, 0xf1, 0x02, 0xf1, 0x02, 0xf1, 0x02, 0xf1, 0x02, 0xf1, 0x02, 0xf1, 0x02, 0xf1, 0x02, 0xf1,
    0x02, 0xf1, 0x02, 0xf1, 0x02, 0xf1, 0x03, 0xf1, 0x02, 0xf1, 0x02, 0xf1, 0x02, 0xf1, 0x02, 0xf1,
    0x02, 0xf1, 0x02, 0xf1, 0x02, 0xf1, 0x02, 0xf1, 0x02, 0xf1, 0x02, 0xf1, 0x02, 0xf1, 0x02, 0xf1,
    0x02, 0xf1, 0x02, 0xf1, 0x02, 0xf1, 0x02, 0xf1, 0x02, 0xf1, 0x02, 0xf1, 0x02, 0xf1, 0x02, 0xf1,
    0x02, 0xf1, 0x02, 0xf1, 0x02, 0xf1, 0x02, 0xf1, 0x02, 0xf1, 0x02, 0xf1, 0x02, 0xf1, 0x02, 0xf1,
    0x02, 0xf1, 0x02, 0xf1, 0x13, 0xf1, 0x13, 0xf1, 0x03, 0xf1, 0x02, 0xf1, 0x03, 0xf1, 0x02, 0xf1,
    0x12, 0xf1, 0x13, 0xf1, 0x13, 0xf1, 0x13, 0xf1, 0x03, 0xf1, 0x02, 0xf1, 0x02, 0xf1, 0x02, 0xf1,
    0x02, 0xf1, 0x03, 0xf1, 0x03, 0xf1, 0x02, 0xf1, 0x03, 0xf1, 0x03, 0xf1, 0x02, 0xf1, 0x02, 0xf1,
    0x03, 0xf1, 0x13, 0xf1, 0x03, 0xf1, 0x03, 0xf1, 0x03, 0xf1, 0x03, 0xf1, 0x03, 0xf1, 0x03, 0xf1,
    0x02, 0xf1, 0x02, 0xf1, 0x02, 0xf1, 0x02, 0xf1, 0x02, 0xf1, 0x02, 0xf1, 0x02, 0xf1, 0x02, 0xf1,
    0x02, 0xf1, 0x02, 0xf1, 0x02, 0xf1, 0x02, 0xf1, 0x02, 0xf1, 0x02, 0xf1, 0x03, 0xf1, 0x02, 0xf1,
    0x02, 0xf1, 0x02, 0xf1, 0x02, 0xf1, 0x13, 0xf1, 0x13, 0xf1, 0x13, 0xf1, 0x02, 0xf1, 0x03, 0xf1,
    0x02, 0xf1, 0x03, 0xf1, 0x02, 0xf1, 0x02, 0xf1, 0x02, 0xf1, 0x02, 0xf1, 0x02, 0xf1, 0x02, 0xf1,
    0x03, 0xf1, 0x02, 0xf1, 0x02, 0xf1, 0x02, 0xf1, 0x02, 0xf1, 0x02, 0xf1, 0x02, 0xf1, 0x02, 0xf1,
    0x02, 0xf1, 0x02, 0xf1, 0x02, 0xf1, 0x02, 0xf1, 0x02, 0xf1, 0x02, 0xf1, 0x02, 0xf1, 0x02, 0xf1,
    0x02, 0xf1, 0x02, 0xf1, 0x02, 0xf1, 0x02, 0xf1, 0x02, 0xf1, 0x02, 0xf1, 0x02, 0xf1, 0x02, 0xf1,
    0x02, 0xf1, 0x02, 0xf1, 0x02, 0xf1, 0x02, 0xf1, 0x02, 0xf1, 0x02, 0xf1, 0x02, 0xf1, 0x02, 0xf1,
    0x02, 0xf1, 0x02, 0xf1, 0x02, 0xf1, 0x02, 0xf1, 0x02, 0xf1, 0x02, 0xf1, 0x02, 0xf1, 0x02, 0xf1,
    0x02, 0xf1, 0x02, 0xf1, 0x02, 0xf1, 0x02, 0xf1, 0x02, 0xf1, 0x02, 0xf1, 0x02, 0xf1, 0x02, 0xf1,
    0x02, 0xf1, 0x02, 0xf1, 0x02, 0xf1, 0x02, 0xf1, 0x02, 0xf1, 0x02, 0xf1, 0x02, 0xf1, 0x02, 0xf1,
    0x02, 0xf1, 0x02, 0xf1, 0x02, 0xf1, 0x02, 0xf1, 0x01, 0xf1, 0x01, 0xf1, 0x01, 0xf1, 0x01, 0xf1,
    0x01, 0xf1, 0x01, 0xf1, 0x01, 0xf1, 0x01, 0xf1, 0x01, 0xf1, 0x01, 0xf1, 0x01, 0xf1, 0x01, 0xf1,
    0x01, 0xf1, 0x01, 0xf1, 0x01, 0xf1, 0x01, 0xf1, 0x01, 0xf1, 0x01, 0xf1, 0x01, 0xf1, 0x01, 0xf1,
    0x01, 0xf1, 0x01, 0xf1, 0x01, 0xf1, 0x01, 0xf1, 0x01, 0xf1, 0x01, 0xf1, 0x01, 0xf1, 0x01, 0xf1,
    0x03, 0xf1, 0x03, 0xf1, 0x13, 0xf1, 0x13, 0xf1, 0x03, 0xf1, 0x02, 0xf1, 0x03, 0xf1, 0x03, 0xf1,
    0x03, 0xf1, 0x03, 0xf1, 0x03, 0xf1, 0x13, 0xf1, 0x03, 0xf1, 0x02, 0xf1, 0x02, 0xf1, 0x02, 0xf1,
    0x02, 0xf1, 0x02, 0xf1, 0x02, 0xf1, 0x13, 0xf1, 0x02, 0xf1, 0x03, 0xf1, 0x13, 0xf1, 0x13, 0xf1,
    0x12, 0xf1, 0x12, 0xf1, 0x12, 0xf1, 0x13, 0xf1, 0x13, 0xf1, 0x13, 0xf1, 0x13, 0xf1, 0x12, 0xf1,
    0x13, 0xf1, 0x03, 0xf1, 0x13, 0xf1, 0x13, 0xf1, 0x03, 0xf1, 0x13, 0xf1, 0x13, 0xf1, 0x13, 0xf1,
    0x02, 0xf1, 0x02, 0xf1, 0x02, 0xf1, 0x02, 0xf1, 0x02, 0xf1, 0x02, 0xf1, 0x02, 0xf1, 0x02, 0xf1,
    0x13, 0xf1, 0x02, 0xf1, 0x02, 0xf1, 0x02, 0xf1, 0x03, 0xf1, 0x03, 0xf1, 0x02, 0xf1, 0x02, 0xf1,
    0x02, 0xf1, 0x02, 0xf1, 0x12, 0xf1, 0x13, 0xf1, 0x13, 0xf1, 0x02, 0xf1, 0x02, 0xf1, 0x02, 0xf1,
    0x02, 0xf1, 0x02, 0xf1, 0x02, 0xf1, 0x02, 0xf1, 0x02, 0xf1, 0x02, 0xf1, 0x02, 0xf1, 0x02, 0xf1,
    0x02, 0xf1, 0x02, 0xf1, 0x02, 0xf1, 0x02, 0xf1, 0x02, 0xf1, 0x02, 0xf1, 0x02, 0xf1, 0x02, 0xf1,
    0x02, 0xf1, 0x02, 0xf1, 0x02, 0xf1, 0x02, 0xf1, 0x02, 0xf1, 0x02, 0xf1, 0x02, 0xf1, 0x02, 0xf1,
    0x02, 0xf1, 0x02, 0xf1, 0x02, 0xf1, 0x02, 0xf1, 0x12, 0xf1, 0x03, 0xf1, 0x02, 0xf1, 0x02, 0xf1,
    0x02, 0xf1, 0x13, 0xf1, 0x03, 0xf1, 0x13, 0xf1, 0x13, 0xf1, 0x02, 0xf1, 0x13, 0xf1, 0x13, 0xf1,
    0x13, 0xf1, 0x02, 0xf1, 0x03, 0xf1, 0x13, 0xf1, 0x13, 0xf1, 0x02, 0xf1, 0x02, 0xf1, 0x02, 0xf1,
    0x02, 0xf1, 0x03, 0xf1, 0x13, 0xf1, 0x13, 0xf1, 0x13, 0xf1, 0x02, 0xf1, 0x03, 0xf1, 0x03, 0xf1,
    0x02, 0xf1, 0x02, 0xf1, 0x02, 0xf1, 0x02, 0xf1, 0x02, 0xf1, 0x02, 0xf1, 0x02, 0xf1, 0x02, 0xf1,
    0x02, 0xf1, 0x02, 0xf1, 0x02, 0xf1, 0x02, 0xf1, 0x02, 0xf1, 0x02, 0xf1, 0x02, 0xf1, 0x02, 0xf1,
    0x02, 0xf1, 0x02, 0xf1, 0x02, 0xf1, 0x13, 0xf1, 0x02, 0xf1, 0x13, 0xf1, 0x13, 0xf1, 0x02, 0xf1,
    0x02, 0xf1, 0x02, 0xf1, 0x02, 0xf1, 0x02, 0xf1, 0x02, 0xf1, 0x02, 0xf1, 0x03, 0xf1, 0x13, 0xf1,
    0x13, 0xf1, 0x02, 0xf1, 0x02, 0xf1, 0x02, 0xf1, 0x13, 0xf1, 0x02, 0xf1, 0x02, 0xf1, 0x02, 0xf1,
    0x02, 0xf1, 0x02, 0xf1, 0x02, 0xf1, 0x02, 0xf1, 0x02, 0xf1, 0x02, 0xf1, 0x02, 0xf1, 0x02, 0xf1,
    0x02, 0xf1, 0x02, 0xf1, 0x02, 0xf1, 0x02, 0xf1, 0x02, 0xf1, 0x02, 0xf1, 0x02, 0xf1, 0x02, 0xf1,
    0x02, 0xf1, 0x02, 0xf1, 0x02, 0xf1, 0x02, 0xf1, 0x02, 0xf1, 0x02, 0xf1, 0x02, 0xf1, 0x02, 0xf1,
    0x02, 0xf1, 0x02, 0xf1, 0x02, 0xf1, 0x02, 0xf1, 0x02, 0xf1, 0x02, 0xf1, 0x02, 0xf1, 0x02, 0xf1,
    0x02, 0xf1, 0x02, 0xf1, 0x02, 0xf1, 0x02, 0xf1, 0x02, 0xf1, 0x02, 0xf1, 0x02, 0xf1, 0x02, 0xf1,
    0x02, 0xf1, 0x02, 0xf1, 0x02, 0xf1, 0x02, 0xf1, 0x02, 0xf1, 0x02, 0xf1, 0x02, 0xf1, 0x02, 0xf1,
    0x02, 0xf1, 0x02, 0xf1, 0x02, 0xf1, 0x01, 0xf1, 0x01, 0xf1, 0x02, 0xf1, 0x02, 0xf1, 0x02, 0xf1,
    0x02, 0xf1, 0x01, 0xf1, 0x01, 0xf1, 0x01, 0xf1, 0x01, 0xf1, 0x01, 0xf1, 0x01, 0xf1, 0x01, 0xf1,
    0x01, 0xf1, 0x01, 0xf1, 0x01, 0xf1, 0x01, 0xf1, 0x01, 0xf1, 0x01, 0xf1, 0x01, 0xf1, 0x01, 0xf1,
    0x01, 0xf1, 0x01, 0xf1, 0x01, 0xf1, 0x01, 0xf1, 0x01, 0xf1, 0x01, 0xf1, 0x01, 0xf1, 0x01, 0xf1,
    0x02, 0xf1, 0x02, 0xf1, 0x13, 0xf1, 0x13, 0xf1, 0x02, 0xf1, 0x02, 0xf1, 0x02, 0xf1, 0x02, 0xf1,
    0x03, 0xf1, 0x03, 0xf1, 0x13, 0xf1, 0x13, 0xf1, 0x02, 0xf1, 0x02, 0xf1, 0x02, 0xf1, 0x02, 0xf1,
    0x02, 0xf1, 0x02, 0xf1, 0x02, 0xf1, 0x02, 0xf1, 0x02, 0xf1, 0x02, 0xf1, 0x02, 0xf1, 0x03, 0xf1,
    0x13, 0xf1, 0x02, 0xf1, 0x03, 0xf1, 0x13, 0xf1, 0x13, 0xf1, 0x13, 0xf1, 0x13, 0xf1, 0x13, 0xf1,
    0x13, 0xf1, 0x13, 0xf1, 0x13, 0xf1, 0x03, 0xf1, 0x13, 0xf1, 0x13, 0xf1, 0x13, 0xf1, 0x13, 0xf1,
    0x02, 0xf1, 0x02, 0xf1, 0x02, 0xf1, 0x02, 0xf1, 0x02, 0xf1, 0x02, 0xf1, 0x02, 0xf1, 0x03, 0xf1,
    0x13, 0xf1, 0x13, 0xf1, 0x03, 0xf1, 0x02, 0xf1, 0x02, 0xf1, 0x13, 0xf1, 0x13, 0xf1, 0x02, 0xf1,
    0x02, 0xf1, 0x03, 0xf1, 0x13, 0xf1, 0x13, 0xf1, 0x13, 0xf1, 0x02, 0xf1, 0x02, 0xf1, 0x02, 0xf1,
    0x02, 0xf1, 0x02, 0xf1, 0x02, 0xf1, 0x02, 0xf1, 0x02, 0xf1, 0x02, 0xf1, 0x02, 0xf1, 0x02, 0xf1,
    0x02, 0xf1, 0x02, 0xf1, 0x02, 0xf1, 0x02, 0xf1, 0x02, 0xf1, 0x02, 0xf1, 0x02, 0xf1, 0x02, 0xf1,
    0x02, 0xf1, 0x02, 0xf1, 0x02, 0xf1, 0x02, 0xf1, 0x02, 0xf1, 0x02, 0xf1, 0x02, 0xf1, 0x02, 0xf1,
    0x02, 0xf1, 0x02, 0xf1, 0x02, 0xf1, 0x02, 0xf1, 0x02, 0xf1, 0x02, 0xf1, 0x02, 0xf1, 0x02, 0xf1,
    0x02, 0xf1, 0x03, 0xf1, 0x03, 0xf1, 0x02, 0xf1, 0x02, 0xf1, 0x03, 0xf1, 0x13, 0xf1, 0x13, 0xf1,
    0x14, 0xf2, 0x13, 0xf1, 0x13, 0xf1, 0x24, 0xf2, 0x24, 0xf2, 0x13, 0xf1, 0x02, 0xf1, 0x03, 0xf1,
    0x02, 0xf1, 0x02, 0xf1, 0x03, 0xf1, 0x03, 0xf1, 0x03, 0xf1, 0x03, 0xf1, 0x03, 0xf1, 0x02, 0xf1,
    0x03, 0xf1, 0x02, 0xf1, 0x02, 0xf1, 0x02, 0xf1, 0x03, 0xf1, 0x02, 0xf1, 0x02, 0xf1, 0x02, 0xf1,
    0x02, 0xf1, 0x02, 0xf1, 0x02, 0xf1, 0x02, 0xf1, 0x02, 0xf1, 0x02, 0xf1, 0x02, 0xf1, 0x02, 0xf1,
    0x02, 0xf1, 0x02, 0xf1, 0x03, 0xf1, 0x02, 0xf1, 0x02, 0xf1, 0x13, 0xf1, 0x13, 0xf1, 0x02, 0xf1,
    0x02, 0xf1, 0x02, 0xf1, 0x13, 0xf1, 0x13, 0xf1, 0x02, 0xf1, 0x02, 0xf1, 0x12, 0xf1, 0x13, 0xf1,
    0x03, 0xf1, 0x03, 0xf1, 0x02, 0xf1, 0x02, 0xf1, 0x02, 0xf1, 0x02, 0xf1, 0x02, 0xf1, 0x02, 0xf1,
    0x02, 0xf1, 0x02, 0xf1, 0x02, 0xf1, 0x02, 0xf1, 0x02, 0xf1, 0x02, 0xf1, 0x02, 0xf1, 0x02, 0xf1,
    0x02, 0xf1, 0x02, 0xf1, 0x02, 0xf1, 0x02, 0xf1, 0x02, 0xf1, 0x02, 0xf1, 0x02, 0xf1, 0x02, 0xf1,
    0x02, 0xf1, 0x02, 0xf1, 0x02, 0xf1, 0x02, 0xf1, 0x02, 0xf1, 0x02, 0xf1, 0x02, 0xf1, 0x02, 0xf1,
    0x02, 0xf1, 0x02, 0xf1, 0x02, 0xf1, 0x02, 0xf1, 0x02, 0xf1, 0x02, 0xf1, 0x02, 0xf1, 0x02, 0xf1,
    0x12, 0xf1, 0x12, 0xf1, 0x02, 0xf1, 0x02, 0xf1, 0x02, 0xf1, 0x02, 0xf1, 0x02, 0xf1, 0x02, 0xf1,
    0x02, 0xf1, 0x02, 0xf1, 0x02, 0xf1, 0x02, 0xf1, 0x02, 0xf1, 0x02, 0xf1, 0x02, 0xf1, 0x02, 0xf1,
    0x02, 0xf1, 0x02, 0xf1, 0x01, 0xf1, 0x01, 0xf1, 0x01, 0xf1, 0x01, 0xf1, 0x01, 0xf1, 0x02, 0xf1,
    0x02, 0xf1, 0x01, 0xf1, 0x01, 0xf1, 0x01, 0xf1, 0x01, 0xf1, 0x01, 0xf1, 0x01, 0xf1, 0x01, 0xf1,
    0x01, 0xf1, 0x01, 0xf1, 0x01, 0xf1, 0x01, 0xf1, 0x01, 0xf1, 0x01, 0xf1, 0x01, 0xf1, 0x01, 0xf1,
    0x01, 0xf1, 0x01, 0xf1, 0x01, 0xf1, 0x01, 0xf1, 0x01, 0xf1, 0x01, 0xf1, 0x01, 0xf1, 0x01, 0xf1,
    0x02, 0xf1, 0x02, 0xf1, 0x02, 0xf1, 0x13, 0xf1, 0x02, 0xf1, 0x02, 0xf1, 0x02, 0xf1, 0x02, 0xf1,
    0x02, 0xf1, 0x02, 0xf1, 0x13, 0xf1, 0x13, 0xf1, 0x02, 0xf1, 0x02, 0xf1, 0x02, 0xf1, 0x02, 0xf1,
    0x02, 0xf1, 0x02, 0xf1, 0x02, 0xf1, 0x02, 0xf1, 0x02, 0xf1, 0x02, 0xf1, 0x02, 0xf1, 0x13, 0xf1,
    0x13, 0xf1, 0x02, 0xf1, 0x13, 0xf1, 0x13, 0xf1, 0x03, 0xf1, 0x13, 0xf1, 0x13, 0xf1, 0x13, 0xf1,
    0x13, 0xf1, 0x13, 0xf1, 0x03, 0xf1, 0x02, 0xf1, 0x13, 0xf1, 0x13, 0xf1, 0x13, 0xf1, 0x13, 0xf1,
    0x13, 0xf1, 0x13, 0xf1, 0x12, 0xf1, 0x12, 0xf1, 0x12, 0xf1, 0x02, 0xf1, 0x02, 0xf1, 0x03, 0xf1,
    0x13, 0xf1, 0x13, 0xf1, 0x13, 0xf1, 0x13, 0xf1, 0x13, 0xf1, 0x13, 0xf1, 0x13, 0xf1, 0x13, 0xf1,
    0x02, 0xf1, 0x02, 0xf1, 0x03, 0xf1, 0x03, 0xf1, 0x03, 0xf1, 0x03, 0xf1, 0x13, 0xf1, 0x13, 0xf1,
    0x13, 0xf1, 0x02, 0xf1, 0x02, 0xf1, 0x02, 0xf1, 0x02, 0xf1, 0x03, 0xf1, 0x02, 0xf1, 0x02, 0xf1,
    0x02, 0xf1, 0x02, 0xf1, 0x02, 0xf1, 0x02, 0xf1, 0x02, 0xf1, 0x02, 0xf1, 0x02, 0xf1, 0x02, 0xf1,
    0x02, 0xf1, 0x02, 0xf1, 0x02, 0xf1, 0x02, 0xf1, 0x02, 0xf1, 0x02, 0xf1, 0x02, 0xf1, 0x02, 0xf1,
    0x02, 0xf1, 0x02, 0xf1, 0x02, 0xf1, 0x02, 0xf1, 0x02, 0xf1, 0x02, 0xf1, 0x02, 0xf1, 0x02, 0xf1,
    0x02, 0xf1, 0x02, 0xf1, 0x02, 0xf1, 0x02, 0xf1, 0x02, 0xf1, 0x13, 0xf1, 0x13, 0xf1, 0x13, 0xf1,
    0x13, 0xf1, 0x13, 0xf1, 0x14, 0xf2, 0x14, 0xf2, 0x14, 0xf2, 0x13, 0xf1, 0x13, 0xf1, 0x13, 0xf1,
    0x03, 0xf1, 0x13, 0xf1, 0x13, 0xf1, 0x03, 0xf1, 0x13, 0xf1, 0x13, 0xf1, 0x13, 0xf1, 0x13, 0xf1,
    0x13, 0xf1, 0x03, 0xf1, 0x03, 0xf1, 0x03, 0xf1, 0x02, 0xf1, 0x02, 0xf1, 0x02, 0xf1, 0x02, 0xf1,
    0x02, 0xf1, 0x02, 0xf1, 0x02, 0xf1, 0x02, 0xf1, 0x02, 0xf1, 0x02, 0xf1, 0x02, 0xf1, 0x02, 0xf1,
    0x02, 0xf1, 0x02, 0xf1, 0x03, 0xf1, 0x02, 0xf1, 0x02, 0xf1, 0x02, 0xf1, 0x13, 0xf1, 0x02, 0xf1,
    0x02, 0xf1, 0x02, 0xf1, 0x24, 0xf2, 0x35, 0xf2, 0x02, 0xf1, 0x02, 0xf1, 0x03, 0xf1, 0x03, 0xf1,
    0x03, 0xf1, 0x13, 0xf1, 0x03, 0xf1, 0x02, 0xf1, 0x02, 0xf1, 0x02, 0xf1, 0x02, 0xf1, 0x02, 0xf1,
    0x02, 0xf1, 0x02, 0xf1, 0x02, 0xf1, 0x02, 0xf1, 0x02, 0xf1, 0x02, 0xf1, 0x02, 0xf1, 0x02, 0xf1,
    0x02, 0xf1, 0x02, 0xf1, 0x02, 0xf1, 0x02, 0xf1, 0x02, 0xf1, 0x02, 0xf1, 0x02, 0xf1, 0x02, 0xf1,
    0x02, 0xf1, 0x02, 0xf1, 0x02, 0xf1, 0x02, 0xf1, 0x02, 0xf1, 0x02, 0xf1, 0x02, 0xf1, 0x02, 0xf1,
    0x13, 0xf1, 0x02, 0xf1, 0x02, 0xf1, 0x02, 0xf1, 0x02, 0xf1, 0x02, 0xf1, 0x02, 0xf1, 0x02, 0xf1,
    0x02, 0xf1, 0x13, 0xf1, 0x02, 0xf1, 0x02, 0xf1, 0x02, 0xf1, 0x02, 0xf1, 0x02, 0xf1, 0x02, 0xf1,
    0x02, 0xf1, 0x02, 0xf1, 0x02, 0xf1, 0x02, 0xf1, 0x02, 0xf1, 0x02, 0xf1, 0x02, 0xf1, 0x02, 0xf1,
    0x12, 0xf1, 0x02, 0xf1, 0x02, 0xf1, 0x01, 0xf1, 0x01, 0xf1, 0x01, 0xf1, 0x01, 0xf1, 0x01, 0xf1,
    0x02, 0xf1, 0x01, 0xf1, 0x01, 0xf1, 0x01, 0xf1, 0x01, 0xf1, 0x01, 0xf1, 0x01, 0xf1, 0x01, 0xf1,
    0x02, 0xf1, 0x01, 0xf1, 0x01, 0xf1, 0x01, 0xf1, 0x01, 0xf1, 0x01, 0xf1, 0x01, 0xf1, 0x01, 0xf1,
    0x01, 0xf1, 0x01, 0xf1, 0x01, 0xf1, 0x01, 0xf1, 0x01, 0xf1, 0x01, 0xf1, 0x01, 0xf1, 0x01, 0xf1,
    0x02, 0xf1, 0x02, 0xf1, 0x02, 0xf1, 0x02, 0xf1, 0x02, 0xf1, 0x02, 0xf1, 0x02, 0xf1, 0x02, 0xf1,
    0x02, 0xf1, 0x02, 0xf1, 0x13, 0xf1, 0x03, 0xf1, 0x02, 0xf1, 0x02, 0xf1, 0x02, 0xf1, 0x02, 0xf1,
    0x02, 0xf1, 0x02, 0xf1, 0x02, 0xf1, 0x02, 0xf1, 0x02, 0xf1, 0x02, 0xf1, 0x02, 0xf1, 0x14, 0xf2,
    0x13, 0xf2, 0x02, 0xf1, 0x13, 0xf1, 0x13, 0xf1, 0x13, 0xf1, 0x13, 0xf1, 0x03, 0xf1, 0x13, 0xf1,
    0x13, 0xf1, 0x02, 0xf1, 0x02, 0xf1, 0x03, 0xf1, 0x03, 0xf1, 0x13, 0xf1, 0x13, 0xf1, 0x13, 0xf1,
    0x13, 0xf1, 0x13, 0xf1, 0x13, 0xf1, 0x13, 0xf1, 0x02, 0xf1, 0x12, 0xf1, 0x13, 0xf1, 0x03, 0xf1,
    0x13, 0xf1, 0x13, 0xf1, 0x13, 0xf1, 0x13, 0xf1, 0x13, 0xf1, 0x13, 0xf1, 0x13, 0xf1, 0x02, 0xf1,
    0x13, 0xf1, 0x13, 0xf1, 0x03, 0xf1, 0x13, 0xf1, 0x13, 0xf1, 0x13, 0xf1, 0x13, 0xf1, 0x13, 0xf1,
    0x13, 0xf1, 0x02, 0xf1, 0x02, 0xf1, 0x02, 0xf1, 0x02, 0xf1, 0x02, 0xf1, 0x13, 0xf1, 0x13, 0xf1,
    0x02, 0xf1, 0x02, 0xf1, 0x02, 0xf1, 0x02, 0xf1, 0x02, 0xf1, 0x02, 0xf1, 0x02, 0xf1, 0x02, 0xf1,
    0x02, 0xf1, 0x02, 0xf1, 0x02, 0xf1, 0x02, 0xf1, 0x02, 0xf1, 0x02, 0xf1, 0x02, 0xf1, 0x02, 0xf1,
    0x02, 0xf1, 0x02, 0xf1, 0x02, 0xf1, 0x02, 0xf1, 0x02, 0xf1, 0x02, 0xf1, 0x02, 0xf1, 0x02, 0xf1,
    0x02, 0xf1, 0x02, 0xf1, 0x02, 0xf1, 0x02, 0xf1, 0x02, 0xf1, 0x02, 0xf1, 0x03, 0xf1, 0x13, 0xf1,
    0x13, 0xf1, 0x13, 0xf1, 0x13, 0xf1, 0x13, 0xf1, 0x13, 0xf1, 0x13, 0xf1, 0x13, 0xf1, 0x13, 0xf1,
    0x13, 0xf1, 0x03, 0xf1, 0x13, 0xf1, 0x13, 0xf1, 0x13, 0xf1, 0x13, 0xf1, 0x13, 0xf1, 0x13, 0xf1,
    0x02, 0xf1, 0x13, 0xf1, 0x03, 0xf1, 0x03, 0xf1, 0x02, 0xf1, 0x02, 0xf1, 0x02, 0xf1, 0x02, 0xf1,
    0x02, 0xf1, 0x02, 0xf1, 0x02, 0xf1, 0x02, 0xf1, 0x02, 0xf1, 0x02, 0xf1, 0x02, 0xf1, 0x02, 0xf1,
    0x02, 0xf1, 0x02, 0xf1, 0x02, 0xf1, 0x02, 0xf1, 0x02, 0xf1, 0x13, 0xf1, 0x03, 0xf1, 0x02, 0xf1,
    0x02, 0xf1, 0x03, 0xf1, 0x02, 0xf1, 0x12, 0xf1, 0x02, 0xf1, 0x03, 0xf1, 0x13, 0xf1, 0x13, 0xf1,
    0x13, 0xf1, 0x13, 0xf1, 0x03, 0xf1, 0x02, 0xf1, 0x02, 0xf1, 0x02, 0xf1, 0x02, 0xf1, 0x02, 0xf1,
    0x02, 0xf1, 0x02, 0xf1, 0x02, 0xf1, 0x02, 0xf1, 0x02, 0xf1, 0x02, 0xf1, 0x02, 0xf1, 0x02, 0xf1,
    0x02, 0xf1, 0x02, 0xf1, 0x02, 0xf1, 0x02, 0xf1, 0x02, 0xf1, 0x02, 0xf1, 0x02, 0xf1, 0x02, 0xf1,
    0x02, 0xf1, 0x02, 0xf1, 0x02, 0xf1, 0x02, 0xf1, 0x02, 0xf1, 0x02, 0xf1, 0x02, 0xf1, 0x02, 0xf1,
    0x02, 0xf1, 0x02, 0xf1, 0x02, 0xf1, 0x02, 0xf1, 0x02, 0xf1, 0x02, 0xf1, 0x02, 0xf1, 0x12, 0xf1,
    0x13, 0xf1, 0x13, 0xf1, 0x12, 0xf1, 0x02, 0xf1, 0x02, 0xf1, 0x02, 0xf1, 0x02, 0xf1, 0x02, 0xf1,
    0x02, 0xf1, 0x02, 0xf1, 0x02, 0xf1, 0x02, 0xf1, 0x02, 0xf1, 0x02, 0xf1, 0x01, 0xf1, 0x02, 0xf1,
    0x02, 0xf1, 0x02, 0xf1, 0x01, 0xf1, 0x01, 0xf1, 0x01, 0xf1, 0x01, 0xf1, 0x01, 0xf1, 0x01, 0xf1,
    0x01, 0xf1, 0x01, 0xf1, 0x01, 0xf1, 0x01, 0xf1, 0x01, 0xf1, 0x01, 0xf1, 0x01, 0xf1, 0x01, 0xf1,
    0x01, 0xf1, 0x01, 0xf1, 0x01, 0xf1, 0x01, 0xf1, 0x01, 0xf1, 0x01, 0xf1, 0x01, 0xf1, 0x01, 0xf1,
    0x01, 0xf1, 0x01, 0xf1, 0x01, 0xf1, 0x01, 0xf1, 0x01, 0xf1, 0x01, 0xf1, 0x01, 0xf1, 0x01, 0xf1,
    0x02, 0xf1, 0x02, 0xf1, 0x13, 0xf1, 0x13, 0xf1, 0x02, 0xf1, 0x02, 0xf1, 0x02, 0xf1, 0x02, 0xf1,
    0x02, 0xf1, 0x02, 0xf1, 0x03, 0xf1, 0x03, 0xf1, 0x02, 0xf1, 0x02, 0xf1, 0x02, 0xf1, 0x02, 0xf1,
    0x02, 0xf1, 0x03, 0xf1, 0x13, 0xf1, 0x02, 0xf1, 0x02, 0xf1, 0x03, 0xf1, 0x03, 0xf1, 0x13, 0xf1,
    0x03, 0xf1, 0x02, 0xf1, 0x13, 0xf1, 0x13, 0xf1, 0x13, 0xf1, 0x13, 0xf1, 0x13, 0xf1, 0x02, 0xf1,
    0x03, 0xf1, 0x13, 0xf1, 0x13, 0xf1, 0x13, 0xf1, 0x13, 0xf1, 0x13, 0xf1, 0x13, 0xf1, 0x13, 0xf1,
    0x13, 0xf2, 0x13, 0xf1, 0x13, 0xf1, 0x13, 0xf1, 0x13, 0xf1, 0x02, 0xf1, 0x13, 0xf1, 0x13, 0xf1,
    0x13, 0xf1, 0x13, 0xf1, 0x13, 0xf1, 0x13, 0xf1, 0x13, 0xf1, 0x13, 0xf1, 0x13, 0xf1, 0x13, 0xf1,
    0x02, 0xf1, 0x03, 0xf1, 0x03, 0xf1, 0x13, 0xf1, 0x13, 0xf1, 0x02, 0xf1, 0x13, 0xf1, 0x13, 0xf1,
    0x13, 0xf1, 0x13, 0xf1, 0x02, 0xf1, 0x02, 0xf1, 0x02, 0xf1, 0x02, 0xf1, 0x02, 0xf1, 0x13, 0xf1,
    0x13, 0xf1, 0x02, 0xf1, 0x02, 0xf1, 0x02, 0xf1, 0x03, 0xf1, 0x03, 0xf1, 0x02, 0xf1, 0x02, 0xf1,
    0x02, 0xf1, 0x02, 0xf1, 0x02, 0xf1, 0x02, 0xf1, 0x02, 0xf1, 0x02, 0xf1, 0x02, 0xf1, 0x02, 0xf1,
    0x02, 0xf1, 0x02, 0xf1, 0x02, 0xf1, 0x02, 0xf1, 0x02, 0xf1, 0x02, 0xf1, 0x02, 0xf1, 0x02, 0xf1,
    0x02, 0xf1, 0x02, 0xf1, 0x03, 0xf1, 0x13, 0xf1, 0x02, 0xf1, 0x02, 0xf1, 0x03, 0xf1, 0x03, 0xf1,
    0x13, 0xf1, 0x13, 0xf1, 0x13, 0xf1, 0x02, 0xf1, 0x12, 0xf1, 0x03, 0xf1, 0x13, 0xf1, 0x13, 0xf1,
    0x13, 0xf1, 0x13, 0xf1, 0x02, 0xf1, 0x02, 0xf1, 0x02, 0xf1, 0x02, 0xf1, 0x03, 0xf1, 0x02, 0xf1,
    0x02, 0xf1, 0x02, 0xf1, 0x02, 0xf1, 0x02, 0xf1, 0x02, 0xf1, 0x02, 0xf1, 0x02, 0xf1, 0x02, 0xf1,
    0x02, 0xf1, 0x02, 0xf1, 0x03, 0xf1, 0x02, 0xf1, 0x02, 0xf1, 0x02, 0xf1, 0x02, 0xf1, 0x02, 0xf1,
    0x02, 0xf1, 0x02, 0xf1, 0x03, 0xf1, 0x02, 0xf1, 0x13, 0xf1, 0x13, 0xf2, 0x03, 0xf1, 0x02, 0xf1,
    0x03, 0xf1, 0x03, 0xf1, 0x03, 0xf1, 0x03, 0xf1, 0x13, 0xf1, 0x03, 0xf1, 0x03, 0xf1, 0x13, 0xf1,
    0x13, 0xf1, 0x13, 0xf1, 0x13, 0xf1, 0x13, 0xf1, 0x03, 0xf1, 0x03, 0xf1, 0x02, 0xf1, 0x02, 0xf1,
    0x02, 0xf1, 0x02, 0xf1, 0x02, 0xf1, 0x02, 0xf1, 0x02, 0xf1, 0x02, 0xf1, 0x02, 0xf1, 0x02, 0xf1,
    0x02, 0xf1, 0x02, 0xf1, 0x02, 0xf1, 0x02, 0xf1, 0x02, 0xf1, 0x02, 0xf1, 0x02, 0xf1, 0x02, 0xf1,
    0x02, 0xf1, 0x02, 0xf1, 0x02, 0xf1, 0x02, 0xf1, 0x02, 0xf1, 0x02, 0xf1, 0x02, 0xf1, 0x02, 0xf1,
    0x02, 0xf1, 0x02, 0xf1, 0x02, 0xf1, 0x02, 0xf1, 0x02, 0xf1, 0x02, 0xf1, 0x12, 0xf1, 0x02, 0xf1,
    0x12, 0xf1, 0x13, 0xf1, 0x12, 0xf1, 0x02, 0xf1, 0x02, 0xf1, 0x02, 0xf1, 0x02, 0xf1, 0x02, 0xf1,
    0x02, 0xf1, 0x02, 0xf1, 0x02, 0xf1, 0x02, 0xf1, 0x02, 0xf1, 0x01, 0xf1, 0x01, 0xf1, 0x01, 0xf1,
    0x01, 0xf1, 0x01, 0xf1, 0x01, 0xf1, 0x01, 0xf1, 0x01, 0xf1, 0x01, 0xf1, 0x01, 0xf1, 0x01, 0xf1,
    0x01, 0xf1, 0x01, 0xf1, 0x01, 0xf1, 0x02, 0xf1, 0x01, 0xf1, 0x01, 0xf1, 0x01, 0xf1, 0x01, 0xf1,
    0x01, 0xf1, 0x01, 0xf1, 0x01, 0xf1, 0x01, 0xf1, 0x01, 0xf1, 0x01, 0xf1, 0x01, 0xf1, 0x01, 0xf1,
    0x01, 0xf1, 0x01, 0xf1, 0x01, 0xf1, 0x01, 0xf1, 0x01, 0xf1, 0x01, 0xf1, 0x01, 0xf1, 0x02, 0xf1,
    0x02, 0xf1, 0x02, 0xf1, 0x03, 0xf1, 0x02, 0xf1, 0x02, 0xf1, 0x02, 0xf1, 0x02, 0xf1, 0x02, 0xf1,
    0x02, 0xf1, 0x02, 0xf1, 0x03, 0xf1, 0x02, 0xf1, 0x02, 0xf1, 0x03, 0xf1, 0x03, 0xf1, 0x02, 0xf1,
    0x02, 0xf1, 0x13, 0xf1, 0x13, 0xf1, 0x03, 0xf1, 0x13, 0xf1, 0x13, 0xf1, 0x13, 0xf1, 0x13, 0xf1,
    0x03, 0xf1, 0x02, 0xf1, 0x03, 0xf1, 0x13, 0xf1, 0x13, 0xf1, 0x03, 0xf1, 0x13, 0xf1, 0x13, 0xf1,
    0x13, 0xf1, 0x12, 0xf1, 0x13, 0xf1, 0x13, 0xf1, 0x13, 0xf1, 0x13, 0xf1, 0x13, 0xf1, 0x13, 0xf1,
    0x03, 0xf1, 0x13, 0xf1, 0x13, 0xf1, 0x13, 0xf1, 0x03, 0xf1, 0x13, 0xf1, 0x12, 0xf1, 0x13, 0xf1,
    0x13, 0xf1, 0x13, 0xf1, 0x13, 0xf1, 0x13, 0xf1, 0x13, 0xf1, 0x13, 0xf1, 0x03, 0xf1, 0x03, 0xf1,
    0x03, 0xf1, 0x02, 0xf1, 0x03, 0xf1, 0x03, 0xf1, 0x13, 0xf1, 0x13, 0xf1, 0x13, 0xf1, 0x13, 0xf1,
    0x13, 0xf1, 0x13, 0xf1, 0x02, 0xf1, 0x02, 0xf1, 0x02, 0xf1, 0x13, 0xf1, 0x02, 0xf1, 0x02, 0xf1,
    0x02, 0xf1, 0x12, 0xf1, 0x12, 0xf1, 0x02, 0xf1, 0x02, 0xf1, 0x13, 0xf1, 0x02, 0xf1, 0x02, 0xf1,
    0x02, 0xf1, 0x02, 0xf1, 0x02, 0xf1, 0x02, 0xf1, 0x02, 0xf1, 0x12, 0xf1, 0x02, 0xf1, 0x02, 0xf1,
    0x02, 0xf1, 0x02, 0xf1, 0x02, 0xf1, 0x02, 0xf1, 0x02, 0xf1, 0x02, 0xf1, 0x02, 0xf1, 0x02, 0xf1,
    0x02, 0xf1, 0x02, 0xf1, 0x02, 0xf1, 0x13, 0xf1, 0x03, 0xf1, 0x02, 0xf1, 0x13, 0xf1, 0x13, 0xf1,
    0x13, 0xf1, 0x13, 0xf1, 0x13, 0xf1, 0x03, 0xf1, 0x02, 0xf1, 0x13, 0xf1, 0x13, 0xf1, 0x13, 0xf1,
    0x13, 0xf1, 0x12, 0xf1, 0x02, 0xf1, 0x02, 0xf1, 0x03, 0xf1, 0x02, 0xf1, 0x02, 0xf1, 0x02, 0xf1,
    0x02, 0xf1, 0x02, 0xf1, 0x02, 0xf1, 0x02, 0xf1, 0x02, 0xf1, 0x02, 0xf1, 0x02, 0xf1, 0x03, 0xf1,
    0x13, 0xf1, 0x13, 0xf1, 0x13, 0xf1, 0x02, 0xf1, 0x02, 0xf1, 0x02, 0xf1, 0x02, 0xf1, 0x13, 0xf1,
    0x02, 0xf1, 0x02, 0xf1, 0x02, 0xf1, 0x03, 0xf1, 0x13, 0xf1, 0x13, 0xf1, 0x13, 0xf1, 0x02, 0xf1,
    0x02, 0xf1, 0x02, 0xf1, 0x13, 0xf1, 0x03, 0xf1, 0x12, 0xf1, 0x12, 0xf1, 0x03, 0xf1, 0x02, 0xf1,
    0x13, 0xf1, 0x13, 0xf1, 0x13, 0xf1, 0x13, 0xf1, 0x13, 0xf1, 0x13, 0xf1, 0x03, 0xf1, 0x03, 0xf1,
    0x03, 0xf1, 0x02, 0xf1, 0x02, 0xf1, 0x02, 0xf1, 0x02, 0xf1, 0x02, 0xf1, 0x02, 0xf1, 0x02, 0xf1,
    0x02, 0xf1, 0x02, 0xf1, 0x02, 0xf1, 0x02, 0xf1, 0x02, 0xf1, 0x02, 0xf1, 0x02, 0xf1, 0x02, 0xf1,
    0x02, 0xf1, 0x02, 0xf1, 0x02, 0xf1, 0x02, 0xf1, 0x02, 0xf1, 0x02, 0xf1, 0x02, 0xf1, 0x02, 0xf1,
    0x02, 0xf1, 0x02, 0xf1, 0x02, 0xf1, 0x02, 0xf1, 0x03, 0xf1, 0x02, 0xf1, 0x12, 0xf1, 0x02, 0xf1,
    0x02, 0xf1, 0x02, 0xf1, 0x02, 0xf1, 0x02, 0xf1, 0x13, 0xf1, 0x02, 0xf1, 0x02, 0xf1, 0x02, 0xf1,
    0x02, 0xf1, 0x02, 0xf1, 0x02, 0xf1, 0x02, 0xf1, 0x02, 0xf1, 0x02, 0xf1, 0x01, 0xf1, 0x01, 0xf1,
    0x01, 0xf1, 0x01, 0xf1, 0x01, 0xf1, 0x01, 0xf1, 0x01, 0xf1, 0x01, 0xf1, 0x01, 0xf1, 0x01, 0xf1,
    0x01, 0xf1, 0x01, 0xf1, 0x02, 0xf1, 0x02, 0xf1, 0x02, 0xf1, 0x01, 0xf1, 0x01, 0xf1, 0x01, 0xf1,
    0x01, 0xf1, 0x01, 0xf1, 0x01, 0xf1, 0x01, 0xf1, 0x01, 0xf1, 0x01, 0xf1, 0x01, 0xf1, 0x02, 0xf1,
    0x01, 0xf1, 0x01, 0xf1, 0x01, 0xf1, 0x01, 0xf1, 0x01, 0xf1, 0x01, 0xf1, 0x01, 0xf1, 0x01, 0xf1,
    0x02, 0xf1, 0x02, 0xf1, 0x02, 0xf1, 0x02, 0xf1, 0x02, 0xf1, 0x02, 0xf1, 0x03, 0xf1, 0x02, 0xf1,
    0x02, 0xf1, 0x02, 0xf1, 0x13, 0xf1, 0x02, 0xf1, 0x02, 0xf1, 0x03, 0xf1, 0x03, 0xf1, 0x03, 0xf1,
    0x03, 0xf1, 0x03, 0xf1, 0x13, 0xf1, 0x13, 0xf1, 0x03, 0xf1, 0x13, 0xf1, 0x13, 0xf1, 0x13, 0xf1,
    0x13, 0xf1, 0x13, 0xf1, 0x02, 0xf1, 0x02, 0xf1, 0x02, 0xf1, 0x13, 0xf1, 0x02, 0xf1, 0x13, 0xf1,
    0x13, 0xf1, 0x12, 0xf1, 0x13, 0xf1, 0x13, 0xf1, 0x13, 0xf1, 0x13, 0xf1, 0x13, 0xf1, 0x03, 0xf1,
    0x13, 0xf1, 0x13, 0xf1, 0x13, 0xf1, 0x13, 0xf1, 0x13, 0xf1, 0x13, 0xf1, 0x13, 0xf1, 0x13, 0xf1,
    0x13, 0xf1, 0x13, 0xf1, 0x03, 0xf1, 0x13, 0xf1, 0x13, 0xf1, 0x13, 0xf1, 0x13, 0xf1, 0x13, 0xf1,
    0x13, 0xf1, 0x13, 0xf1, 0x13, 0xf1, 0x13, 0xf1, 0x13, 0xf1, 0x13, 0xf1, 0x13, 0xf1, 0x13, 0xf1,
    0x13, 0xf1, 0x13, 0xf1, 0x02, 0xf1, 0x02, 0xf1, 0x13, 0xf1, 0x13, 0xf1, 0x13, 0xf1, 0x13, 0xf1,
    0x03, 0xf1, 0x13, 0xf1, 0x02, 0xf1, 0x02, 0xf1, 0x12, 0xf1, 0x12, 0xf1, 0x02, 0xf1, 0x12, 0xf1,
    0x12, 0xf1, 0x02, 0xf1, 0x03, 0xf1, 0x12, 0xf1, 0x13, 0xf1, 0x13, 0xf1, 0x13, 0xf1, 0x12, 0xf1,
    0x12, 0xf1, 0x12, 0xf1, 0x02, 0xf1, 0x02, 0xf1, 0x02, 0xf1, 0x02, 0xf1, 0x02, 0xf1, 0x02, 0xf1,
    0x02, 0xf1, 0x02, 0xf1, 0x02, 0xf1, 0x02, 0xf1, 0x02, 0xf1, 0x02, 0xf1, 0x03, 0xf1, 0x13, 0xf1,
    0x13, 0xf1, 0x13, 0xf1, 0x13, 0xf1, 0x14, 0xf2, 0x13, 0xf1, 0x03, 0xf1, 0x03, 0xf1, 0x13, 0xf1,
    0x13, 0xf1, 0x13, 0xf1, 0x13, 0xf1, 0x02, 0xf1, 0x03, 0xf1, 0x03, 0xf1, 0x03, 0xf1, 0x02, 0xf1,
    0x02, 0xf1, 0x02, 0xf1, 0x02, 0xf1, 0x02, 0xf1, 0x02, 0xf1, 0x02, 0xf1, 0x02, 0xf1, 0x13, 0xf2,
    0x13, 0xf1, 0x02, 0xf1, 0x02, 0xf1, 0x02, 0xf1, 0x02, 0xf1, 0x02, 0xf1, 0x02, 0xf1, 0x02, 0xf1,
    0x02, 0xf1, 0x02, 0xf1, 0x02, 0xf1, 0x03, 0xf1, 0x03, 0xf1, 0x13, 0xf1, 0x02, 0xf1, 0x02, 0xf1,
    0x02, 0xf1, 0x02, 0xf1, 0x02, 0xf1, 0x02, 0xf1, 0x13, 0xf1, 0x03, 0xf1, 0x13, 0xf1, 0x02, 0xf1,
    0x03, 0xf1, 0x13, 0xf1, 0x13, 0xf1, 0x13, 0xf1, 0x13, 0xf1, 0x13, 0xf1, 0x13, 0xf1, 0x13, 0xf1,
    0x13, 0xf1, 0x13, 0xf1, 0x13, 0xf1, 0x13, 0xf1, 0x02, 0xf1, 0x02, 0xf1, 0x02, 0xf1, 0x02, 0xf1,
    0x02, 0xf1, 0x02, 0xf1, 0x02, 0xf1, 0x02, 0xf1, 0x02, 0xf1, 0x02, 0xf1, 0x02, 0xf1, 0x02, 0xf1,
    0x02, 0xf1, 0x02, 0xf1, 0x02, 0xf1, 0x02, 0xf1, 0x02, 0xf1, 0x02, 0xf1, 0x02, 0xf1, 0x02, 0xf1,
    0x02, 0xf1, 0x02, 0xf1, 0x02, 0xf1, 0x02, 0xf1, 0x02, 0xf1, 0x02, 0xf1, 0x12, 0xf1, 0x02, 0xf1,
    0x02, 0xf1, 0x02, 0xf1, 0x02, 0xf1, 0x02, 0xf1, 0x12, 0xf1, 0x12, 0xf1, 0x12, 0xf1, 0x02, 0xf1,
    0x02, 0xf1, 0x02, 0xf1, 0x02, 0xf1, 0x02, 0xf1, 0x02, 0xf1, 0x02, 0xf1, 0x02, 0xf1, 0x02, 0xf1,
    0x01, 0xf1, 0x02, 0xf1, 0x01, 0xf1, 0x01, 0xf1, 0x02, 0xf1, 0x01, 0xf1, 0x01, 0xf1, 0x01, 0xf1,
    0x01, 0xf1, 0x02, 0xf1, 0x02, 0xf1, 0x01, 0xf1, 0x01, 0xf1, 0x01, 0xf1, 0x02, 0xf1, 0x02, 0xf1,
    0x01, 0xf1, 0x02, 0xf1, 0x01, 0xf1, 0x01, 0xf1, 0x01, 0xf1, 0x01, 0xf1, 0x01, 0xf1, 0x01, 0xf1,
    0x01, 0xf1, 0x01, 0xf1, 0x01, 0xf1, 0x01, 0xf1, 0x01, 0xf1, 0x02, 0xf1, 0x02, 0xf1, 0x01, 0xf1,
    0x02, 0xf1, 0x02, 0xf1, 0x02, 0xf1, 0x02, 0xf1, 0x02, 0xf1, 0x02, 0xf1, 0x02, 0xf1, 0x02, 0xf1,
    0x02, 0xf1, 0x02, 0xf1, 0x02, 0xf1, 0x02, 0xf1, 0x02, 0xf1, 0x02, 0xf1, 0x03, 0xf1, 0x03, 0xf1,
    0x03, 0xf1, 0x13, 0xf1, 0x13, 0xf1, 0x13, 0xf1, 0x03, 0xf1, 0x13, 0xf1, 0x13, 0xf1, 0x13, 0xf1,
    0x03, 0xf1, 0x02, 0xf1, 0x02, 0xf1, 0x02, 0xf1, 0x03, 0xf1, 0x13, 0xf1, 0x02, 0xf1, 0x13, 0xf1,
    0x13, 0xf1, 0x12, 0xf1, 0x12, 0xf1, 0x13, 0xf1, 0x13, 0xf1, 0x13, 0xf1, 0x13, 0xf1, 0x13, 0xf1,
    0x03, 0xf1, 0x13, 0xf1, 0x13, 0xf1, 0x13, 0xf1, 0x13, 0xf1, 0x13, 0xf1, 0x13, 0xf1, 0x13, 0xf1,
    0x13, 0xf1, 0x13, 0xf1, 0x13, 0xf1, 0x13, 0xf1, 0x13, 0xf1, 0x13, 0xf1, 0x13, 0xf1, 0x13, 0xf1,
    0x13, 0xf1, 0x13, 0xf1, 0x13, 0xf1, 0x13, 0xf1, 0x13, 0xf1, 0x13, 0xf1, 0x13, 0xf1, 0x13, 0xf1,
    0x13, 0xf1, 0x13, 0xf1, 0x02, 0xf1, 0x02, 0xf1, 0x13, 0xf1, 0x13, 0xf1, 0x13, 0xf1, 0x13, 0xf1,
    0x13, 0xf1, 0x13, 0xf1, 0x13, 0xf1, 0x13, 0xf1, 0x03, 0xf1, 0x02, 0xf1, 0x02, 0xf1, 0x02, 0xf1,
    0x02, 0xf1, 0x02, 0xf1, 0x03, 0xf1, 0x13, 0xf1, 0x13, 0xf1, 0x13, 0xf1, 0x13, 0xf1, 0x13, 0xf1,
    0x12, 0xf1, 0x12, 0xf1, 0x12, 0xf1, 0x12, 0xf1, 0x02, 0xf1, 0x02, 0xf1, 0x02, 0xf1, 0x02, 0xf1,
    0x02, 0xf1, 0x02, 0xf1, 0x02, 0xf1, 0x02, 0xf1, 0x02, 0xf1, 0x02, 0xf1, 0x02, 0xf1, 0x03, 0xf1,
    0x03, 0xf1, 0x13, 0xf1, 0x13, 0xf1, 0x13, 0xf1, 0x13, 0xf1, 0x03, 0xf1, 0x13, 0xf1, 0x13, 0xf1,
    0x13, 0xf1, 0x13, 0xf1, 0x13, 0xf1, 0x03, 0xf1, 0x13, 0xf1, 0x13, 0xf1, 0x13, 0xf1, 0x02, 0xf1,
    0x03, 0xf1, 0x03, 0xf1, 0x03, 0xf1, 0x03, 0xf1, 0x13, 0xf1, 0x02, 0xf1, 0x03, 0xf1, 0x13, 0xf2,
    0x13, 0xf1, 0x02, 0xf1, 0x02, 0xf1, 0x02, 0xf1, 0x02, 0xf1, 0x02, 0xf1, 0x02, 0xf1, 0x02, 0xf1,
    0x02, 0xf1, 0x02, 0xf1, 0x02, 0xf1, 0x02, 0xf1, 0x03, 0xf1, 0x03, 0xf1, 0x02, 0xf1, 0x02, 0xf1,
    0x03, 0xf1, 0x03, 0xf1, 0x03, 0xf1, 0x03, 0xf1, 0x02, 0xf1, 0x13, 0xf1, 0x13, 0xf1, 0x03, 0xf1,
    0x03, 0xf1, 0x13, 0xf1, 0x13, 0xf1, 0x13, 0xf1, 0x13, 0xf1, 0x13, 0xf1, 0x13, 0xf1, 0x13, 0xf1,
    0x13, 0xf1, 0x13, 0xf1, 0x13, 0xf1, 0x13, 0xf1, 0x03, 0xf1, 0x02, 0xf1, 0x02, 0xf1, 0x02, 0xf1,
    0x02, 0xf1, 0x02, 0xf1, 0x02, 0xf1, 0x02, 0xf1, 0x02, 0xf1, 0x02, 0xf1, 0x02, 0xf1, 0x02, 0xf1,
    0x02, 0xf1, 0x02, 0xf1, 0x02, 0xf1, 0x02, 0xf1, 0x02, 0xf1, 0x02, 0xf1, 0x02, 0xf1, 0x02, 0xf1,
    0x02, 0xf1, 0x02, 0xf1, 0x02, 0xf1, 0x02, 0xf1, 0x13, 0xf1, 0x13, 0xf1, 0x02, 0xf1, 0x02, 0xf1,
    0x02, 0xf1, 0x13, 0xf1, 0x02, 0xf1, 0x02, 0xf1, 0x02, 0xf1, 0x02, 0xf1, 0x02, 0xf1, 0x02, 0xf1,
    0x12, 0xf1, 0x12, 0xf1, 0x12, 0xf1, 0x02, 0xf1, 0x02, 0xf1, 0x02, 0xf1, 0x02, 0xf1, 0x02, 0xf1,
    0x02, 0xf1, 0x01, 0xf1, 0x01, 0xf1, 0x01, 0xf1, 0x02, 0xf1, 0x02, 0xf1, 0x02, 0xf1, 0x02, 0xf1,
    0x02, 0xf1, 0x02, 0xf1, 0x01, 0xf1, 0x01, 0xf1, 0x01, 0xf1, 0x01, 0xf1, 0x01, 0xf1, 0x02, 0xf1,
    0x02, 0xf1, 0x02, 0xf1, 0x02, 0xf1, 0x02, 0xf1, 0x02, 0xf1, 0x02, 0xf1, 0x01, 0xf1, 0x01, 0xf1,
    0x02, 0xf1, 0x02, 0xf1, 0x01, 0xf1, 0x01, 0xf1, 0x02, 0xf1, 0x02, 0xf1, 0x01, 0xf1, 0x01, 0xf1,
    0x03, 0xf1, 0x02, 0xf1, 0x13, 0xf1, 0x03, 0xf1, 0x02, 0xf1, 0x02, 0xf1, 0x02, 0xf1, 0x02, 0xf1,
    0x02, 0xf1, 0x02, 0xf1, 0x03, 0xf1, 0x02, 0xf1, 0x02, 0xf1, 0x02, 0xf1, 0x02, 0xf1, 0x03, 0xf1,
    0x02, 0xf1, 0x02, 0xf1, 0x03, 0xf1, 0x03, 0xf1, 0x13, 0xf1, 0x03, 0xf1, 0x13, 0xf1, 0x13, 0xf1,
    0x03, 0xf1, 0x02, 0xf1, 0x02, 0xf1, 0x12, 0xf1, 0x13, 0xf1, 0x02, 0xf1, 0x03, 0xf1, 0x02, 0xf1,
    0x03, 0xf1, 0x13, 0xf1, 0x02, 0xf1, 0x13, 0xf1, 0x13, 0xf1, 0x13, 0xf1, 0x13, 0xf1, 0x13, 0xf1,
    0x13, 0xf1, 0x03, 0xf1, 0x13, 0xf1, 0x13, 0xf1, 0x03, 0xf1, 0x13, 0xf1, 0x13, 0xf1, 0x13, 0xf1,
    0x13, 0xf1, 0x13, 0xf1, 0x13, 0xf1, 0x13, 0xf1, 0x13, 0xf1, 0x13, 0xf1, 0x13, 0xf1, 0x13, 0xf1,
    0x13, 0xf1, 0x13, 0xf1, 0x13, 0xf1, 0x13, 0xf1, 0x13, 0xf1, 0x13, 0xf1, 0x13, 0xf1, 0x13, 0xf1,
    0x13, 0xf1, 0x13, 0xf1, 0x13, 0xf1, 0x03, 0xf1, 0x03, 0xf1, 0x03, 0xf1, 0x13, 0xf1, 0x13, 0xf1,
    0x13, 0xf1, 0x02, 0xf1, 0x13, 0xf1, 0x13, 0xf1, 0x03, 0xf1, 0x03, 0xf1, 0x13, 0xf1, 0x03, 0xf1,
    0x02, 0xf1, 0x02, 0xf1, 0x02, 0xf1, 0x13, 0xf1, 0x13, 0xf1, 0x13, 0xf1, 0x13, 0xf1, 0x12, 0xf1,
    0x12, 0xf1, 0x12, 0xf1, 0x12, 0xf1, 0x12, 0xf1, 0x12, 0xf1, 0x12, 0xf1, 0x02, 0xf1, 0x02, 0xf1,
    0x02, 0xf1, 0x13, 0xf1, 0x13, 0xf1, 0x02, 0xf1, 0x02, 0xf1, 0x02, 0xf1, 0x02, 0xf1, 0x13, 0xf1,
    0x13, 0xf1, 0x02, 0xf1, 0x03, 0xf1, 0x13, 0xf1, 0x03, 0xf1, 0x03, 0xf1, 0x13, 0xf1, 0x13, 0xf1,
    0x03, 0xf1, 0x03, 0xf1, 0x03, 0xf1, 0x13, 0xf1, 0x13, 0xf1, 0x13, 0xf1, 0x13, 0xf1, 0x03, 0xf1,
    0x03, 0xf1, 0x03, 0xf1, 0x03, 0xf1, 0x13, 0xf1, 0x13, 0xf1, 0x03, 0xf1, 0x03, 0xf1, 0x02, 0xf1,
    0x03, 0xf1, 0x02, 0xf1, 0x02, 0xf1, 0x02, 0xf1, 0x02, 0xf1, 0x02, 0xf1, 0x02, 0xf1, 0x02, 0xf1,
    0x02, 0xf1, 0x13, 0xf1, 0x02, 0xf1, 0x02, 0xf1, 0x02, 0xf1, 0x02, 0xf1, 0x02, 0xf1, 0x02, 0xf1,
    0x02, 0xf1, 0x02, 0xf1, 0x03, 0xf1, 0x02, 0xf1, 0x02, 0xf1, 0x13, 0xf1, 0x13, 0xf1, 0x13, 0xf1,
    0x02, 0xf1, 0x02, 0xf1, 0x13, 0xf1, 0x13, 0xf1, 0x13, 0xf1, 0x13, 0xf1, 0x13, 0xf1, 0x13, 0xf1,
    0x13, 0xf1, 0x03, 0xf1, 0x02, 0xf1, 0x12, 0xf1, 0x13, 0xf1, 0x02, 0xf1, 0x02, 0xf1, 0x02, 0xf1,
    0x02, 0xf1, 0x02, 0xf1, 0x02, 0xf1, 0x02, 0xf1, 0x02, 0xf1, 0x02, 0xf1, 0x02, 0xf1, 0x02, 0xf1,
    0x02, 0xf1, 0x02, 0xf1, 0x02, 0xf1, 0x02, 0xf1, 0x02, 0xf1, 0x02, 0xf1, 0x02, 0xf1, 0x02, 0xf1,
    0x02, 0xf1, 0x02, 0xf1, 0x02, 0xf1, 0x02, 0xf1, 0x13, 0xf1, 0x13, 0xf1, 0x02, 0xf1, 0x02, 0xf1,
    0x02, 0xf1, 0x02, 0xf1, 0x02, 0xf1, 0x02, 0xf1, 0x12, 0xf1, 0x02, 0xf1, 0x02, 0xf1, 0x02, 0xf1,
    0x12, 0xf1, 0x12, 0xf1, 0x02, 0xf1, 0x02, 0xf1, 0x02, 0xf1, 0x02, 0xf1, 0x02, 0xf1, 0x02, 0xf1,
    0x02, 0xf1, 0x01, 0xf1, 0x01, 0xf1, 0x01, 0xf1, 0x01, 0xf1, 0x02, 0xf1, 0x02, 0xf1, 0x02, 0xf1,
    0x02, 0xf1, 0x02, 0xf1, 0x01, 0xf1, 0x01, 0xf1, 0x01, 0xf1, 0x02, 0xf1, 0x01, 0xf1, 0x01, 0xf1,
    0x01, 0xf1, 0x01, 0xf1, 0x01, 0xf1, 0x02, 0xf1, 0x02, 0xf1, 0x02, 0xf1, 0x01, 0xf1, 0x01, 0xf1,
    0x02, 0xf1, 0x01, 0xf1, 0x01, 0xf1, 0x01, 0xf1, 0x01, 0xf1, 0x01, 0xf1, 0x01, 0xf1, 0x01, 0xf1,
    0x03, 0xf1, 0x02, 0xf1, 0x02, 0xf1, 0x03, 0xf1, 0x02, 0xf1, 0x02, 0xf1, 0x02, 0xf1, 0x02, 0xf1,
    0x02, 0xf1, 0x03, 0xf1, 0x13, 0xf1, 0x02, 0xf1, 0x02, 0xf1, 0x13, 0xf1, 0x13, 0xf1, 0x02, 0xf1,
    0x02, 0xf1, 0x02, 0xf1, 0x03, 0xf1, 0x03, 0xf1, 0x13, 0xf1, 0x13, 0xf1, 0x13, 0xf1, 0x13, 0xf1,
    0x03, 0xf1, 0x03, 0xf1, 0x13, 0xf1, 0x13, 0xf1, 0x13, 0xf1, 0x13, 0xf1, 0x03, 0xf1, 0x03, 0xf1,
    0x03, 0xf1, 0x13, 0xf1, 0x13, 0xf1, 0x03, 0xf1, 0x13, 0xf1, 0x13, 0xf1, 0x13, 0xf1, 0x13, 0xf1,
    0x13, 0xf1, 0x13, 0xf1, 0x13, 0xf1, 0x03, 0xf1, 0x03, 0xf1, 0x03, 0xf1, 0x13, 0xf1, 0x13, 0xf1,
    0x13, 0xf1, 0x13, 0xf1, 0x13, 0xf1, 0x13, 0xf1, 0x13, 0xf1, 0x13, 0xf1, 0x13, 0xf1, 0x13, 0xf1,
    0x13, 0xf1, 0x13, 0xf1, 0x13, 0xf1, 0x13, 0xf1, 0x13, 0xf1, 0x13, 0xf1, 0x13, 0xf1, 0x13, 0xf1,
    0x13, 0xf1, 0x13, 0xf1, 0x03, 0xf1, 0x03, 0xf1, 0x03, 0xf1, 0x03, 0xf1, 0x13, 0xf1, 0x13, 0xf1,
    0x02, 0xf1, 0x03, 0xf1, 0x03, 0xf1, 0x13, 0xf1, 0x13, 0xf1, 0x13, 0xf1, 0x13, 0xf1, 0x13, 0xf1,
    0x13, 0xf1, 0x12, 0xf1, 0x02, 0xf1, 0x13, 0xf1, 0x13, 0xf1, 0x13, 0xf1, 0x13, 0xf1, 0x13, 0xf1,
    0x12, 0xf1, 0x02, 0xf1, 0x02, 0xf1, 0x02, 0xf1, 0x13, 0xf1, 0x13, 0xf1, 0x13, 0xf1, 0x13, 0xf1,
    0x13, 0xf1, 0x13, 0xf1, 0x13, 0xf1, 0x02, 0xf1, 0x02, 0xf1, 0x02, 0xf1, 0x02, 0xf1, 0x03, 0xf1,
    0x03, 0xf1, 0x03, 0xf1, 0x03, 0xf1, 0x13, 0xf1, 0x13, 0xf1, 0x03, 0xf1, 0x03, 0xf1, 0x03, 0xf1,
    0x03, 0xf1, 0x13, 0xf1, 0x03, 0xf1, 0x13, 0xf1, 0x13, 0xf1, 0x13, 0xf1, 0x13, 0xf1, 0x13, 0xf1,
    0x13, 0xf1, 0x03, 0xf1, 0x03, 0xf1, 0x03, 0xf1, 0x13, 0xf1, 0x03, 0xf1, 0x03, 0xf1, 0x03, 0xf1,
    0x13, 0xf1, 0x02, 0xf1, 0x02, 0xf1, 0x13, 0xf1, 0x02, 0xf1, 0x02, 0xf1, 0x02, 0xf1, 0x03, 0xf1,
    0x03, 0xf1, 0x03, 0xf1, 0x12, 0xf1, 0x02, 0xf1, 0x02, 0xf1, 0x02, 0xf1, 0x02, 0xf1, 0x02, 0xf1,
    0x03, 0xf1, 0x03, 0xf1, 0x03, 0xf1, 0x02, 0xf1, 0x13, 0xf1, 0x13, 0xf1, 0x03, 0xf1, 0x13, 0xf1,
    0x03, 0xf1, 0x02, 0xf1, 0x02, 0xf1, 0x03, 0xf1, 0x13, 0xf1, 0x13, 0xf1, 0x13, 0xf1, 0x13, 0xf1,
    0x13, 0xf1, 0x03, 0xf1, 0x03, 0xf1, 0x03, 0xf1, 0x02, 0xf1, 0x02, 0xf1, 0x02, 0xf1, 0x02, 0xf1,
    0x02, 0xf1, 0x13, 0xf1, 0x03, 0xf1, 0x02, 0xf1, 0x02, 0xf1, 0x02, 0xf1, 0x02, 0xf1, 0x02, 0xf1,
    0x02, 0xf1, 0x02, 0xf1, 0x02, 0xf1, 0x02, 0xf1, 0x02, 0xf1, 0x13, 0xf1, 0x13, 0xf1, 0x02, 0xf1,
    0x02, 0xf1, 0x02, 0xf1, 0x02, 0xf1, 0x03, 0xf1, 0x02, 0xf1, 0x02, 0xf1, 0x02, 0xf1, 0x02, 0xf1,
    0x02, 0xf1, 0x02, 0xf1, 0x13, 0xf1, 0x12, 0xf1, 0x12, 0xf1, 0x13, 0xf1, 0x13, 0xf1, 0x02, 0xf1,
    0x02, 0xf1, 0x02, 0xf1, 0x12, 0xf1, 0x12, 0xf1, 0x02, 0xf1, 0x02, 0xf1, 0x02, 0xf1, 0x02, 0xf1,
    0x01, 0xf1, 0x02, 0xf1, 0x01, 0xf1, 0x01, 0xf1, 0x02, 0xf1, 0x02, 0xf1, 0x02, 0xf1, 0x01, 0xf1,
    0x01, 0xf1, 0x01, 0xf1, 0x01, 0xf1, 0x01, 0xf1, 0x01, 0xf1, 0x01, 0xf1, 0x01, 0xf1, 0x01, 0xf1,
    0x01, 0xf1, 0x01, 0xf1, 0x02, 0xf1, 0x02, 0xf1, 0x02, 0xf1, 0x02, 0xf1, 0x02, 0xf1, 0x01, 0xf1,
    0x01, 0xf1, 0x01, 0xf1, 0x01, 0xf1, 0x01, 0xf1, 0x01, 0xf1, 0x02, 0xf1, 0x01, 0xf1, 0x01, 0xf1,
    0x03, 0xf1, 0x02, 0xf1, 0x02, 0xf1, 0x03, 0xf1, 0x02, 0xf1, 0x02, 0xf1, 0x02, 0xf1, 0x02, 0xf1,
    0x02, 0xf1, 0x02, 0xf1, 0x02, 0xf1, 0x02, 0xf1, 0x03, 0xf1, 0x03, 0xf1, 0x13, 0xf1, 0x02, 0xf1,
    0x02, 0xf1, 0x03, 0xf1, 0x13, 0xf1, 0x13, 0xf1, 0x13, 0xf1, 0x13, 0xf1, 0x13, 0xf1, 0x13, 0xf1,
    0x13, 0xf1, 0x13, 0xf1, 0x13, 0xf1, 0x13, 0xf1, 0x13, 0xf1, 0x13, 0xf1, 0x13, 0xf1, 0x13, 0xf1,
    0x13, 0xf1, 0x13, 0xf1, 0x13, 0xf1, 0x13, 0xf1, 0x13, 0xf1, 0x13, 0xf1, 0x13, 0xf1, 0x13, 0xf1,
    0x13, 0xf1, 0x13, 0xf1, 0x03, 0xf1, 0x03, 0xf1, 0x13, 0xf1, 0x13, 0xf1, 0x13, 0xf1, 0x12, 0xf1,
    0x13, 0xf1, 0x13, 0xf1, 0x13, 0xf1, 0x13, 0xf1, 0x13, 0xf1, 0x13, 0xf1, 0x13, 0xf1, 0x13, 0xf1,
    0x13, 0xf1, 0x13, 0xf1, 0x13, 0xf1, 0x13, 0xf1, 0x13, 0xf1, 0x13, 0xf1, 0x13, 0xf1, 0x13, 0xf1,
    0x13, 0xf1, 0x13, 0xf1, 0x13, 0xf1, 0x03, 0xf1, 0x13, 0xf1, 0x13, 0xf1, 0x13, 0xf1, 0x13, 0xf1,
    0x13, 0xf1, 0x13, 0xf1, 0x13, 0xf1, 0x13, 0xf1, 0x13, 0xf1, 0x13, 0xf1, 0x13, 0xf1, 0x13, 0xf1,
    0x13, 0xf1, 0x03, 0xf1, 0x03, 0xf1, 0x13, 0xf1, 0x13, 0xf1, 0x13, 0xf1, 0x13, 0xf1, 0x13, 0xf1,
    0x02, 0xf1, 0x02, 0xf1, 0x02, 0xf1, 0x02, 0xf1, 0x13, 0xf1, 0x13, 0xf1, 0x13, 0xf1, 0x13, 0xf1,
    0x13, 0xf1, 0x13, 0xf1, 0x03, 0xf1, 0x13, 0xf1, 0x13, 0xf1, 0x02, 0xf1, 0x02, 0xf1, 0x02, 0xf1,
    0x03, 0xf1, 0x03, 0xf1, 0x13, 0xf1, 0x02, 0xf1, 0x02, 0xf1, 0x03, 0xf1, 0x03, 0xf1, 0x03, 0xf1,
    0x03, 0xf1, 0x03, 0xf1, 0x02, 0xf1, 0x03, 0xf1, 0x13, 0xf1, 0x13, 0xf1, 0x13, 0xf1, 0x13, 0xf1,
    0x13, 0xf1, 0x13, 0xf1, 0x03, 0xf1, 0x03, 0xf1, 0x13, 0xf1, 0x13, 0xf1, 0x13, 0xf1, 0x03, 0xf1,
    0x03, 0xf1, 0x03, 0xf1, 0x03, 0xf1, 0x03, 0xf1, 0x02, 0xf1, 0x02, 0xf1, 0x02, 0xf1, 0x02, 0xf1,
    0x03, 0xf1, 0x03, 0xf1, 0x02, 0xf1, 0x02, 0xf1, 0x13, 0xf1, 0x13, 0xf1, 0x03, 0xf1, 0x03, 0xf1,
    0x03, 0xf1, 0x03, 0xf1, 0x03, 0xf1, 0x02, 0xf1, 0x13, 0xf1, 0x13, 0xf1, 0x03, 0xf1, 0x03, 0xf1,
    0x13, 0xf1, 0x03, 0xf1, 0x03, 0xf1, 0x03, 0xf1, 0x13, 0xf1, 0x13, 0xf1, 0x13, 0xf1, 0x13, 0xf1,
    0x13, 0xf1, 0x13, 0xf1, 0x13, 0xf1, 0x13, 0xf1, 0x13, 0xf1, 0x12, 0xf1, 0x02, 0xf1, 0x02, 0xf1,
    0x02, 0xf1, 0x13, 0xf1, 0x13, 0xf1, 0x13, 0xf1, 0x12, 0xf1, 0x13, 0xf1, 0x13, 0xf1, 0x12, 0xf1,
    0x13, 0xf1, 0x13, 0xf1, 0x02, 0xf1, 0x02, 0xf1, 0x02, 0xf1, 0x12, 0xf1, 0x02, 0xf1, 0x02, 0xf1,
    0x02, 0xf1, 0x02, 0xf1, 0x02, 0xf1, 0x02, 0xf1, 0x02, 0xf1, 0x02, 0xf1, 0x02, 0xf1, 0x02, 0xf1,
    0x02, 0xf1, 0x02, 0xf1, 0x12, 0xf1, 0x13, 0xf1, 0x24, 0xf2, 0x14, 0xf2, 0x13, 0xf1, 0x12, 0xf1,
    0x02, 0xf1, 0x02, 0xf1, 0x02, 0xf1, 0x02, 0xf1, 0x02, 0xf1, 0x02, 0xf1, 0x02, 0xf1, 0x02, 0xf1,
    0x01, 0xf1, 0x02, 0xf1, 0x01, 0xf1, 0x01, 0xf1, 0x02, 0xf1, 0x02, 0xf1, 0x01, 0xf1, 0x01, 0xf1,
    0x01, 0xf1, 0x01, 0xf1, 0x01, 0xf1, 0x01, 0xf1, 0x01, 0xf1, 0x01, 0xf1, 0x01, 0xf1, 0x01, 0xf1,
    0x01, 0xf1, 0x01, 0xf1, 0x01, 0xf1, 0x02, 0xf1, 0x01, 0xf1, 0x02, 0xf1, 0x02, 0xf1, 0x02, 0xf1,
    0x01, 0xf1, 0x01, 0xf1, 0x01, 0xf1, 0x01, 0xf1, 0x01, 0xf1, 0x02, 0xf1, 0x02, 0xf1, 0x02, 0xf1,
    0x03, 0xf1, 0x02, 0xf1, 0x02, 0xf1, 0x03, 0xf1, 0x03, 0xf1, 0x03, 0xf1, 0x03, 0xf1, 0x02, 0xf1,
    0x03, 0xf1, 0x14, 0xf2, 0x13, 0xf1, 0x03, 0xf1, 0x13, 0xf1, 0x13, 0xf1, 0x03, 0xf1, 0x02, 0xf1,
    0x02, 0xf1, 0x13, 0xf1, 0x13, 0xf1, 0x13, 0xf1, 0x13, 0xf1, 0x13, 0xf1, 0x13, 0xf1, 0x13, 0xf1,
    0x13, 0xf1, 0x13, 0xf1, 0x13, 0xf1, 0x13, 0xf1, 0x13, 0xf1, 0x13, 0xf1, 0x13, 0xf1, 0x13, 0xf1,
    0x13, 0xf1, 0x13, 0xf1, 0x13, 0xf1, 0x13, 0xf1, 0x13, 0xf1, 0x13, 0xf1, 0x13, 0xf1, 0x13, 0xf1,
    0x13, 0xf1, 0x13, 0xf1, 0x13, 0xf1, 0x03, 0xf1, 0x13, 0xf1, 0x13, 0xf1, 0x13, 0xf1, 0x13, 0xf1,
    0x13, 0xf1, 0x13, 0xf1, 0x13, 0xf1, 0x13, 0xf1, 0x13, 0xf1, 0x13, 0xf1, 0x13, 0xf1, 0x13, 0xf1,
    0x13, 0xf1, 0x13, 0xf1, 0x13, 0xf1, 0x13, 0xf1, 0x13, 0xf1, 0x13, 0xf1, 0x13, 0xf1, 0x13, 0xf1,
    0x13, 0xf1, 0x13, 0xf1, 0x14, 0xf2, 0x14, 0xf1, 0x13, 0xf1, 0x13, 0xf1, 0x13, 0xf1, 0x13, 0xf1,
    0x13, 0xf1, 0x13, 0xf1, 0x13, 0xf1, 0x13, 0xf1, 0x13, 0xf1, 0x13, 0xf1, 0x13, 0xf1, 0x13, 0xf1,
    0x13, 0xf1, 0x13, 0xf1, 0x14, 0xf2, 0x13, 0xf1, 0x13, 0xf1, 0x13, 0xf1, 0x13, 0xf1, 0x13, 0xf1,
    0x13, 0xf1, 0x13, 0xf1, 0x13, 0xf1, 0x13, 0xf1, 0x13, 0xf1, 0x13, 0xf1, 0x13, 0xf1, 0x13, 0xf1,
    0x13, 0xf1, 0x13, 0xf1, 0x13, 0xf1, 0x13, 0xf1, 0x12, 0xf1, 0x02, 0xf1, 0x02, 0xf1, 0x02, 0xf1,
    0x02, 0xf1, 0x03, 0xf1, 0x13, 0xf1, 0x02, 0xf1, 0x02, 0xf1, 0x03, 0xf1, 0x02, 0xf1, 0x02, 0xf1,
    0x02, 0xf1, 0x02, 0xf1, 0x03, 0xf1, 0x03, 0xf1, 0x03, 0xf1, 0x13, 0xf1, 0x03, 0xf1, 0x03, 0xf1,
    0x13, 0xf1, 0x13, 0xf1, 0x13, 0xf1, 0x13, 0xf1, 0x13, 0xf1, 0x13, 0xf1, 0x13, 0xf1, 0x02, 0xf1,
    0x03, 0xf1, 0x02, 0xf1, 0x02, 0xf1, 0x02, 0xf1, 0x02, 0xf1, 0x02, 0xf1, 0x02, 0xf1, 0x02, 0xf1,
    0x13, 0xf1, 0x13, 0xf1, 0x13, 0xf1, 0x03, 0xf1, 0x03, 0xf1, 0x13, 0xf1, 0x13, 0xf1, 0x13, 0xf1,
    0x03, 0xf1, 0x03, 0xf1, 0x03, 0xf1, 0x02, 0xf1, 0x02, 0xf1, 0x02, 0xf1, 0x02, 0xf1, 0x02, 0xf1,
    0x13, 0xf1, 0x03, 0xf1, 0x03, 0xf1, 0x03, 0xf1, 0x13, 0xf1, 0x13, 0xf1, 0x13, 0xf1, 0x13, 0xf1,
    0x13, 0xf1, 0x13, 0xf1, 0x13, 0xf1, 0x13, 0xf1, 0x13, 0xf1, 0x12, 0xf1, 0x12, 0xf1, 0x02, 0xf1,
    0x03, 0xf1, 0x13, 0xf1, 0x13, 0xf1, 0x13, 0xf1, 0x13, 0xf1, 0x13, 0xf1, 0x13, 0xf1, 0x13, 0xf1,
    0x13, 0xf1, 0x13, 0xf1, 0x02, 0xf1, 0x13, 0xf1, 0x02, 0xf1, 0x02, 0xf1, 0x02, 0xf1, 0x02, 0xf1,
    0x02, 0xf1, 0x02, 0xf1, 0x12, 0xf1, 0x02, 0xf1, 0x02, 0xf1, 0x12, 0xf1, 0x02, 0xf1, 0x02, 0xf1,
    0x02, 0xf1, 0x12, 0xf1, 0x02, 0xf1, 0x25, 0xf2, 0x79, 0xf4, 0x57, 0xf3, 0x13, 0xf2, 0x13, 0xf1,
    0x02, 0xf1, 0x02, 0xf1, 0x02, 0xf1, 0x02, 0xf1, 0x02, 0xf1, 0x02, 0xf1, 0x02, 0xf1, 0x02, 0xf1,
    0x02, 0xf1, 0x01, 0xf1, 0x01, 0xf1, 0x01, 0xf1, 0x12, 0xf1, 0x02, 0xf1, 0x01, 0xf1, 0x01, 0xf1,
    0x01, 0xf1, 0x01, 0xf1, 0x01, 0xf1, 0x02, 0xf1, 0x01, 0xf1, 0x01, 0xf1, 0x01, 0xf1, 0x01, 0xf1,
    0x02, 0xf1, 0x01, 0xf1, 0x01, 0xf1, 0x02, 0xf1, 0x01, 0xf1, 0x01, 0xf1, 0x02, 0xf1, 0x02, 0xf1,
    0x02, 0xf1, 0x02, 0xf1, 0x02, 0xf1, 0x01, 0xf1, 0x01, 0xf1, 0x02, 0xf1, 0x02, 0xf1, 0x02, 0xf1,
    0x13, 0xf1, 0x03, 0xf1, 0x03, 0xf1, 0x03, 0xf1, 0x03, 0xf1, 0x03, 0xf1, 0x03, 0xf1, 0x03, 0xf1,
    0x03, 0xf1, 0x24, 0xf2, 0x14, 0xf2, 0x03, 0xf1, 0x13, 0xf1, 0x13, 0xf1, 0x13, 0xf1, 0x03, 0xf1,
    0x03, 0xf1, 0x03, 0xf1, 0x03, 0xf1, 0x13, 0xf1, 0x13, 0xf1, 0x13, 0xf1, 0x13, 0xf1, 0x13, 0xf1,
    0x13, 0xf1, 0x13, 0xf1, 0x13, 0xf1, 0x13, 0xf1, 0x13, 0xf1, 0x13, 0xf1, 0x13, 0xf1, 0x13, 0xf1,
    0x13, 0xf1, 0x13, 0xf1, 0x13, 0xf1, 0x13, 0xf1, 0x13, 0xf1, 0x13, 0xf1, 0x13, 0xf1, 0x03, 0xf1,
    0x13, 0xf1, 0x13, 0xf1, 0x13, 0xf1, 0x03, 0xf1, 0x13, 0xf1, 0x13, 0xf1, 0x13, 0xf1, 0x13, 0xf1,
    0x13, 0xf1, 0x13, 0xf1, 0x13, 0xf1, 0x13, 0xf1, 0x13, 0xf1, 0x13, 0xf1, 0x13, 0xf1, 0x13, 0xf1,
    0x13, 0xf1, 0x13, 0xf1, 0x13, 0xf1, 0x13, 0xf1, 0x13, 0xf1, 0x13, 0xf1, 0x13, 0xf1, 0x13, 0xf1,
    0x13, 0xf1, 0x13, 0xf1, 0x13, 0xf1, 0x13, 0xf1, 0x13, 0xf1, 0x14, 0xf2, 0x13, 0xf1, 0x13, 0xf1,
    0x13, 0xf1, 0x13, 0xf1, 0x13, 0xf1, 0x13, 0xf1, 0x13, 0xf1, 0x12, 0xf1, 0x02, 0xf1, 0x03, 0xf1,
    0x03, 0xf1, 0x25, 0xf2, 0x57, 0xf3, 0x14, 0xf2, 0x13, 0xf1, 0x13, 0xf1, 0x13, 0xf1, 0x13, 0xf1,
    0x13, 0xf1, 0x13, 0xf1, 0x14, 0xf2, 0x24, 0xf2, 0x13, 0xf1, 0x13, 0xf1, 0x13, 0xf1, 0x13, 0xf1,
    0x13, 0xf1, 0x13, 0xf1, 0x13, 0xf1, 0x13, 0xf1, 0x02, 0xf1, 0x02, 0xf1, 0x02, 0xf1, 0x03, 0xf1,
    0x03, 0xf1, 0x13, 0xf1, 0x13, 0xf1, 0x13, 0xf1, 0x03, 0xf1, 0x03, 0xf1, 0x03, 0xf1, 0x02, 0xf1,
    0x03, 0xf1, 0x03, 0xf1, 0x03, 0xf1, 0x03, 0xf1, 0x03, 0xf1, 0x03, 0xf1, 0x13, 0xf1, 0x13, 0xf1,
    0x03, 0xf1, 0x13, 0xf1, 0x13, 0xf1, 0x13, 0xf1, 0x13, 0xf1, 0x13, 0xf1, 0x03, 0xf1, 0x02, 0xf1,
    0x02, 0xf1, 0x02, 0xf1, 0x02, 0xf1, 0x02, 0xf1, 0x02, 0xf1, 0x02, 0xf1, 0x02, 0xf1, 0x03, 0xf1,
    0x03, 0xf1, 0x13, 0xf1, 0x13, 0xf1, 0x13, 0xf1, 0x13, 0xf1, 0x13, 0xf1, 0x13, 0xf1, 0x13, 0xf1,
    0x03, 0xf1, 0x02, 0xf1, 0x03, 0xf1, 0x13, 0xf1, 0x02, 0xf1, 0x02, 0xf1, 0x03, 0xf1, 0x02, 0xf1,
    0x03, 0xf1, 0x13, 0xf1, 0x13, 0xf1, 0x03, 0xf1, 0x13, 0xf1, 0x13, 0xf1, 0x13, 0xf1, 0x13, 0xf1,
    0x13, 0xf1, 0x13, 0xf1, 0x13, 0xf1, 0x13, 0xf1, 0x13, 0xf1, 0x13, 0xf1, 0x13, 0xf1, 0x13, 0xf1,
    0x13, 0xf1, 0x12, 0xf1, 0x12, 0xf1, 0x12, 0xf1, 0x13, 0xf1, 0x13, 0xf1, 0x13, 0xf1, 0x13, 0xf1,
    0x13, 0xf1, 0x13, 0xf1, 0x13, 0xf1, 0x13, 0xf1, 0x12, 0xf1, 0x02, 0xf1, 0x02, 0xf1, 0x02, 0xf1,
    0x03, 0xf1, 0x02, 0xf1, 0x02, 0xf1, 0x02, 0xf1, 0x02, 0xf1, 0x02, 0xf1, 0x12, 0xf1, 0x02, 0xf1,
    0x02, 0xf1, 0x02, 0xf1, 0x12, 0xf1, 0x24, 0xf2, 0x79, 0xf4, 0x57, 0xf3, 0x13, 0xf1, 0x13, 0xf1,
    0x13, 0xf1, 0x12, 0xf1, 0x02, 0xf1, 0x02, 0xf1, 0x02, 0xf1, 0x02, 0xf1, 0x02, 0xf1, 0x02, 0xf1,
    0x02, 0xf1, 0x02, 0xf1, 0x01, 0xf1, 0x01, 0xf1, 0x01, 0xf1, 0x01, 0xf1, 0x01, 0xf1, 0x02, 0xf1,
    0x01, 0xf1, 0x01, 0xf1, 0x01, 0xf1, 0x02, 0xf1, 0x02, 0xf1, 0x02, 0xf1, 0x02, 0xf1, 0x01, 0xf1,
    0x02, 0xf1, 0x01, 0xf1, 0x02, 0xf1, 0x02, 0xf1, 0x01, 0xf1, 0x01, 0xf1, 0x01, 0xf1, 0x02, 0xf1,
    0x02, 0xf1, 0x02, 0xf1, 0x02, 0xf1, 0x02, 0xf1, 0x02, 0xf1, 0x02, 0xf1, 0x02, 0xf1, 0x02, 0xf1,
    0x03, 0xf1, 0x03, 0xf1, 0x03, 0xf1, 0x03, 0xf1, 0x03, 0xf1, 0x13, 0xf1, 0x13, 0xf1, 0x03, 0xf1,
    0x03, 0xf1, 0x03, 0xf1, 0x03, 0xf1, 0x13, 0xf1, 0x13, 0xf1, 0x03, 0xf1, 0x13, 0xf1, 0x03, 0xf1,
    0x03, 0xf1, 0x13, 0xf1, 0x13, 0xf1, 0x13, 0xf1, 0x13, 0xf1, 0x13, 0xf1, 0x13, 0xf1, 0x13, 0xf1,
    0x13, 0xf1, 0x13, 0xf1, 0x13, 0xf1, 0x13, 0xf1, 0x13, 0xf1, 0x13, 0xf1, 0x13, 0xf1, 0x13, 0xf1,
    0x13, 0xf1, 0x13, 0xf1, 0x13, 0xf1, 0x13, 0xf1, 0x13, 0xf1, 0x14, 0xf2, 0x13, 0xf1, 0x03, 0xf1,
    0x03, 0xf1, 0x03, 0xf1, 0x03, 0xf1, 0x03, 0xf1, 0x13, 0xf1, 0x13, 0xf1, 0x13, 0xf1, 0x13, 0xf1,
    0x12, 0xf1, 0x12, 0xf1, 0x13, 0xf1, 0x13, 0xf1, 0x13, 0xf1, 0x13, 0xf1, 0x13, 0xf1, 0x13, 0xf1,
    0x13, 0xf1, 0x13, 0xf1, 0x13, 0xf1, 0x13, 0xf1, 0x13, 0xf1, 0x13, 0xf1, 0x13, 0xf1, 0x13, 0xf1,
    0x13, 0xf1, 0x13, 0xf1, 0x13, 0xf1, 0x13, 0xf1, 0x13, 0xf1, 0x13, 0xf1, 0x13, 0xf1, 0x03, 0xf1,
    0x03, 0xf1, 0x13, 0xf1, 0x13, 0xf1, 0x13, 0xf1, 0x13, 0xf1, 0x03, 0xf1, 0x02, 0xf1, 0x02, 0xf1,
    0x13, 0xf1, 0x14, 0xf2, 0x35, 0xf2, 0x13, 0xf1, 0x13, 0xf1, 0x13, 0xf1, 0x13, 0xf1, 0x13, 0xf1,
    0x13, 0xf1, 0x13, 0xf1, 0x35, 0xf2, 0x68, 0xf3, 0x24, 0xf2, 0x03, 0xf1, 0x13, 0xf1, 0x13, 0xf1,
    0x13, 0xf1, 0x13, 0xf1, 0x13, 0xf1, 0x13, 0xf1, 0x03, 0xf1, 0x02, 0xf1, 0x02, 0xf1, 0x03, 0xf1,
    0x03, 0xf1, 0x03, 0xf1, 0x02, 0xf1, 0x13, 0xf1, 0x03, 0xf1, 0x03, 0xf1, 0x03, 0xf1, 0x02, 0xf1,
    0x03, 0xf1, 0x03, 0xf1, 0x03, 0xf1, 0x03, 0xf1, 0x03, 0xf1, 0x03, 0xf1, 0x03, 0xf1, 0x13, 0xf1,
    0x03, 0xf1, 0x13, 0xf1, 0x13, 0xf1, 0x03, 0xf1, 0x03, 0xf1, 0x13, 0xf1, 0x13, 0xf1, 0x02, 0xf1,
    0x02, 0xf1, 0x02, 0xf1, 0x02, 0xf1, 0x02, 0xf1, 0x03, 0xf1, 0x03, 0xf1, 0x03, 0xf1, 0x03, 0xf1,
    0x03, 0xf1, 0x03, 0xf1, 0x02, 0xf1, 0x03, 0xf1, 0x13, 0xf1, 0x13, 0xf1, 0x03, 0xf1, 0x03, 0xf1,
    0x13, 0xf1, 0x02, 0xf1, 0x02, 0xf1, 0x13, 0xf1, 0x03, 0xf1, 0x03, 0xf1, 0x13, 0xf1, 0x13, 0xf1,
    0x13, 0xf1, 0x13, 0xf1, 0x13, 0xf1, 0x13, 0xf1, 0x13, 0xf1, 0x03, 0xf1, 0x13, 0xf1, 0x13, 0xf1,
    0x13, 0xf1, 0x13, 0xf1, 0x14, 0xf2, 0x13, 0xf2, 0x13, 0xf1, 0x14, 0xf2, 0x13, 0xf1, 0x13, 0xf1,
    0x12, 0xf1, 0x12, 0xf1, 0x02, 0xf1, 0x13, 0xf1, 0x13, 0xf1, 0x13, 0xf1, 0x13, 0xf1, 0x12, 0xf1,
    0x03, 0xf1, 0x02, 0xf1, 0x12, 0xf1, 0x13, 0xf1, 0x02, 0xf1, 0x12, 0xf1, 0x02, 0xf1, 0x03, 0xf1,
    0x12, 0xf1, 0x03, 0xf1, 0x02, 0xf1, 0x02, 0xf1, 0x12, 0xf1, 0x02, 0xf1, 0x02, 0xf1, 0x02, 0xf1,
    0x02, 0xf1, 0x02, 0xf1, 0x12, 0xf1, 0x13, 0xf1, 0x14, 0xf2, 0x14, 0xf2, 0x13, 0xf1, 0x02, 0xf1,
    0x13, 0xf1, 0x13, 0xf1, 0x02, 0xf1, 0x02, 0xf1, 0x02, 0xf1, 0x02, 0xf1, 0x02, 0xf1, 0x02, 0xf1,
    0x02, 0xf1, 0x02, 0xf1, 0x02, 0xf1, 0x02, 0xf1, 0x02, 0xf1, 0x01, 0xf1, 0x02, 0xf1, 0x02, 0xf1,
    0x01, 0xf1, 0x01, 0xf1, 0x02, 0xf1, 0x02, 0xf1, 0x01, 0xf1, 0x02, 0xf1, 0x02, 0xf1, 0x02, 0xf1,
    0x02, 0xf1, 0x01, 0xf1, 0x02, 0xf1, 0x02, 0xf1, 0x01, 0xf1, 0x01, 0xf1, 0x02, 0xf1, 0x02, 0xf1,
    0x01, 0xf1, 0x02, 0xf1, 0x02, 0xf1, 0x02, 0xf1, 0x02, 0xf1, 0x02, 0xf1, 0x02, 0xf1, 0x02, 0xf1,
    0x03, 0xf1, 0x03, 0xf1, 0x03, 0xf1, 0x02, 0xf1, 0x03, 0xf1, 0x13, 0xf1, 0x03, 0xf1, 0x03, 0xf1,
    0x03, 0xf1, 0x13, 0xf1, 0x03, 0xf1, 0x03, 0xf1, 0x03, 0xf1, 0x13, 0xf1, 0x03, 0xf1, 0x03, 0xf1,
    0x03, 0xf1, 0x13, 0xf1, 0x13, 0xf1, 0x13, 0xf1, 0x13, 0xf1, 0x13, 0xf1, 0x13, 0xf1, 0x13, 0xf1,
    0x13, 0xf1, 0x13, 0xf1, 0x13, 0xf1, 0x13, 0xf1, 0x13, 0xf1, 0x13, 0xf1, 0x13, 0xf1, 0x13, 0xf1,
    0x13, 0xf1, 0x13, 0xf1, 0x13, 0xf1, 0x13, 0xf1, 0x13, 0xf1, 0x13, 0xf1, 0x13, 0xf1, 0x13, 0xf1,
    0x03, 0xf1, 0x03, 0xf1, 0x13, 0xf1, 0x03, 0xf1, 0x13, 0xf1, 0x13, 0xf1, 0x13, 0xf1, 0x13, 0xf1,
    0x12, 0xf1, 0x12, 0xf1, 0x13, 0xf1, 0x13, 0xf1, 0x13, 0xf1, 0x13, 0xf1, 0x13, 0xf1, 0x13, 0xf1,
    0x13, 0xf1, 0x13, 0xf1, 0x13, 0xf1, 0x13, 0xf1, 0x13, 0xf1, 0x13, 0xf1, 0x13, 0xf1, 0x13, 0xf1,
    0x13, 0xf1, 0x13, 0xf1, 0x13, 0xf1, 0x13, 0xf1, 0x13, 0xf1, 0x13, 0xf1, 0x13, 0xf1, 0x13, 0xf1,
    0x13, 0xf1, 0x13, 0xf1, 0x13, 0xf1, 0x13, 0xf1, 0x13, 0xf1, 0x13, 0xf1, 0x03, 0xf1, 0x13, 0xf1,
    0x13, 0xf1, 0x13, 0xf1, 0x03, 0xf1, 0x13, 0xf1, 0x13, 0xf1, 0x13, 0xf1, 0x13, 0xf1, 0x13, 0xf1,
    0x13, 0xf1, 0x13, 0xf1, 0x24, 0xf2, 0x35, 0xf2, 0x13, 0xf1, 0x02, 0xf1, 0x03, 0xf1, 0x12, 0xf1,
    0x13, 0xf1, 0x12, 0xf1, 0x03, 0xf1, 0x02, 0xf1, 0x02, 0xf1, 0x02, 0xf1, 0x02, 0xf1, 0x02, 0xf1,
    0x02, 0xf1, 0x02, 0xf1, 0x03, 0xf1, 0x13, 0xf1, 0x13, 0xf1, 0x03, 0xf1, 0x02, 0xf1, 0x03, 0xf1,
    0x03, 0xf1, 0x13, 0xf1, 0x13, 0xf1, 0x13, 0xf1, 0x02, 0xf1, 0x02, 0xf1, 0x13, 0xf1, 0x13, 0xf1,
    0x13, 0xf1, 0x13, 0xf1, 0x13, 0xf1, 0x13, 0xf1, 0x03, 0xf1, 0x13, 0xf1, 0x03, 0xf1, 0x02, 0xf1,
    0x02, 0xf1, 0x02, 0xf1, 0x02, 0xf1, 0x03, 0xf1, 0x03, 0xf1, 0x03, 0xf1, 0x03, 0xf1, 0x02, 0xf1,
    0x02, 0xf1, 0x02, 0xf1, 0x03, 0xf1, 0x03, 0xf1, 0x02, 0xf1, 0x13, 0xf1, 0x13, 0xf1, 0x03, 0xf1,
    0x02, 0xf1, 0x13, 0xf1, 0x13, 0xf1, 0x03, 0xf1, 0x03, 0xf1, 0x13, 0xf1, 0x13, 0xf1, 0x13, 0xf1,
    0x13, 0xf1, 0x13, 0xf1, 0x13, 0xf1, 0x13, 0xf1, 0x13, 0xf1, 0x02, 0xf1, 0x12, 0xf1, 0x13, 0xf1,
    0x13, 0xf1, 0x14, 0xf2, 0x24, 0xf2, 0x13, 0xf1, 0x13, 0xf1, 0x13, 0xf1, 0x13, 0xf1, 0x13, 0xf1,
    0x02, 0xf1, 0x13, 0xf1, 0x03, 0xf1, 0x02, 0xf1, 0x12, 0xf1, 0x13, 0xf1, 0x02, 0xf1, 0x02, 0xf1,
    0x02, 0xf1, 0x02, 0xf1, 0x12, 0xf1, 0x12, 0xf1, 0x02, 0xf1, 0x12, 0xf1, 0x12, 0xf1, 0x12, 0xf1,
    0x12, 0xf1, 0x12, 0xf1, 0x12, 0xf1, 0x12, 0xf1, 0x13, 0xf1, 0x02, 0xf1, 0x02, 0xf1, 0x02, 0xf1,
    0x02, 0xf1, 0x02, 0xf1, 0x02, 0xf1, 0x02, 0xf1, 0x02, 0xf1, 0x03, 0xf1, 0x12, 0xf1, 0x02, 0xf1,
    0x02, 0xf1, 0x02, 0xf1, 0x12, 0xf1, 0x12, 0xf1, 0x02, 0xf1, 0x02, 0xf1, 0x02, 0xf1, 0x02, 0xf1,
    0x02, 0xf1, 0x02, 0xf1, 0x02, 0xf1, 0x02, 0xf1, 0x02, 0xf1, 0x02, 0xf1, 0x02, 0xf1, 0x02, 0xf1,
    0x01, 0xf1, 0x01, 0xf1, 0x01, 0xf1, 0x01, 0xf1, 0x01, 0xf1, 0x02, 0xf1, 0x02, 0xf1, 0x02, 0xf1,
    0x01, 0xf1, 0x01, 0xf1, 0x01, 0xf1, 0x01, 0xf1, 0x01, 0xf1, 0x01, 0xf1, 0x01, 0xf1, 0x02, 0xf1,
    0x02, 0xf1, 0x02, 0xf1, 0x02, 0xf1, 0x02, 0xf1, 0x02, 0xf1, 0x02, 0xf1, 0x02, 0xf1, 0x02, 0xf1,
    0x03, 0xf1, 0x03, 0xf1, 0x03, 0xf1, 0x02, 0xf1, 0x03, 0xf1, 0x13, 0xf1, 0x13, 0xf1, 0x13, 0xf1,
    0x03, 0xf1, 0x03, 0xf1, 0x03, 0xf1, 0x03, 0xf1, 0x03, 0xf1, 0x03, 0xf1, 0x03, 0xf1, 0x03, 0xf1,
    0x13, 0xf1, 0x13, 0xf1, 0x13, 0xf1, 0x13, 0xf1, 0x13, 0xf1, 0x13, 0xf1, 0x13, 0xf1, 0x13, 0xf1,
    0x13, 0xf1, 0x13, 0xf1, 0x13, 0xf1, 0x13, 0xf1, 0x13, 0xf1, 0x13, 0xf1, 0x13, 0xf1, 0x13, 0xf1,
    0x13, 0xf1, 0x03, 0xf1, 0x13, 0xf1, 0x13, 0xf1, 0x14, 0xf1, 0x13, 0xf1, 0x13, 0xf1, 0x13, 0xf1,
    0x13, 0xf1, 0x13, 0xf1, 0x13, 0xf1, 0x13, 0xf1, 0x13, 0xf1, 0x13, 0xf1, 0x13, 0xf1, 0x13, 0xf1,
    0x12, 0xf1, 0x13, 0xf1, 0x13, 0xf1, 0x13, 0xf1, 0x13, 0xf1, 0x13, 0xf1, 0x13, 0xf1, 0x13, 0xf1,
    0x13, 0xf1, 0x13, 0xf1, 0x13, 0xf1, 0x13, 0xf1, 0x13, 0xf1, 0x13, 0xf1, 0x13, 0xf1, 0x13, 0xf1,
    0x13, 0xf1, 0x13, 0xf1, 0x13, 0xf1, 0x13, 0xf1, 0x13, 0xf1, 0x13, 0xf1, 0x13, 0xf1, 0x13, 0xf1,
    0x13, 0xf1, 0x13, 0xf1, 0x13, 0xf1, 0x13, 0xf1, 0x13, 0xf1, 0x13, 0xf1, 0x13, 0xf1, 0x13, 0xf1,
    0x13, 0xf1, 0x13, 0xf1, 0x13, 0xf1, 0x02, 0xf1, 0x02, 0xf1, 0x13, 0xf1, 0x12, 0xf1, 0x13, 0xf1,
    0x13, 0xf1, 0x02, 0xf1, 0x13, 0xf1, 0x02, 0xf1, 0x02, 0xf1, 0x02, 0xf1, 0x02, 0xf1, 0x02, 0xf1,
    0x02, 0xf1, 0x03, 0xf1, 0x02, 0xf1, 0x02, 0xf1, 0x02, 0xf1, 0x02, 0xf1, 0x02, 0xf1, 0x02, 0xf1,
    0x02, 0xf1, 0x02, 0xf1, 0x03, 0xf1, 0x03, 0xf1, 0x03, 0xf1, 0x03, 0xf1, 0x03, 0xf1, 0x02, 0xf1,
    0x03, 0xf1, 0x13, 0xf1, 0x03, 0xf1, 0x03, 0xf1, 0x13, 0xf1, 0x13, 0xf1, 0x03, 0xf1, 0x03, 0xf1,
    0x02, 0xf1, 0x13, 0xf1, 0x13, 0xf1, 0x13, 0xf1, 0x13, 0xf1, 0x13, 0xf1, 0x03, 0xf1, 0x03, 0xf1,
    0x02, 0xf1, 0x02, 0xf1, 0x02, 0xf1, 0x02, 0xf1, 0x02, 0xf1, 0x03, 0xf1, 0x03, 0xf1, 0x02, 0xf1,
    0x03, 0xf1, 0x03, 0xf1, 0x13, 0xf1, 0x02, 0xf1, 0x03, 0xf1, 0x03, 0xf1, 0x02, 0xf1, 0x02, 0xf1,
    0x02, 0xf1, 0x03, 0xf1, 0x03, 0xf1, 0x02, 0xf1, 0x03, 0xf1, 0x13, 0xf1, 0x13, 0xf1, 0x13, 0xf1,
    0x13, 0xf1, 0x13, 0xf1, 0x13, 0xf1, 0x03, 0xf1, 0x02, 0xf1, 0x02, 0xf1, 0x03, 0xf1, 0x13, 0xf1,
    0x13, 0xf1, 0x13, 0xf1, 0x13, 0xf1, 0x13, 0xf1, 0x13, 0xf1, 0x13, 0xf1, 0x13, 0xf1, 0x12, 0xf1,
    0x13, 0xf1, 0x13, 0xf1, 0x02, 0xf1, 0x13, 0xf1, 0x13, 0xf1, 0x02, 0xf1, 0x02, 0xf1, 0x13, 0xf1,
    0x24, 0xf2, 0x13, 0xf1, 0x12, 0xf1, 0x12, 0xf1, 0x12, 0xf1, 0x02, 0xf1, 0x02, 0xf1, 0x13, 0xf1,
    0x03, 0xf1, 0x13, 0xf1, 0x13, 0xf1, 0x13, 0xf1, 0x13, 0xf1, 0x12, 0xf1, 0x12, 0xf1, 0x13, 0xf1,
    0x12, 0xf1, 0x02, 0xf1, 0x02, 0xf1, 0x02, 0xf1, 0x02, 0xf1, 0x12, 0xf1, 0x13, 0xf1, 0x12, 0xf1,
    0x02, 0xf1, 0x02, 0xf1, 0x02, 0xf1, 0x02, 0xf1, 0x02, 0xf1, 0x02, 0xf1, 0x02, 0xf1, 0x02, 0xf1,
    0x02, 0xf1, 0x02, 0xf1, 0x02, 0xf1, 0x02, 0xf1, 0x02, 0xf1, 0x02, 0xf1, 0x02, 0xf1, 0x02, 0xf1,
    0x01, 0xf1, 0x01, 0xf1, 0x01, 0xf1, 0x02, 0xf1, 0x01, 0xf1, 0x02, 0xf1, 0x02, 0xf1, 0x02, 0xf1,
    0x02, 0xf1, 0x02, 0xf1, 0x02, 0xf1, 0x01, 0xf1, 0x02, 0xf1, 0x02, 0xf1, 0x02, 0xf1, 0x02, 0xf1,
    0x02, 0xf1, 0x02, 0xf1, 0x02, 0xf1, 0x02, 0xf1, 0x02, 0xf1, 0x02, 0xf1, 0x02, 0xf1, 0x02, 0xf1,
    0x13, 0xf1, 0x03, 0xf1, 0x13, 0xf1, 0x13, 0xf1, 0x03, 0xf1, 0x13, 0xf1, 0x13, 0xf1, 0x13, 0xf1,
    0x03, 0xf1, 0x13, 0xf1, 0x03, 0xf1, 0x03, 0xf1, 0x02, 0xf1, 0x02, 0xf1, 0x02, 0xf1, 0x02, 0xf1,
    0x03, 0xf1, 0x13, 0xf1, 0x13, 0xf1, 0x13, 0xf1, 0x13, 0xf1, 0x13, 0xf1, 0x13, 0xf1, 0x13, 0xf1,
    0x13, 0xf1, 0x13, 0xf1, 0x13, 0xf1, 0x13, 0xf1, 0x13, 0xf1, 0x13, 0xf1, 0x13, 0xf1, 0x13, 0xf1,
    0x13, 0xf1, 0x13, 0xf1, 0x13, 0xf1, 0x13, 0xf1, 0x14, 0xf2, 0x14, 0xf2, 0x13, 0xf1, 0x13, 0xf1,
    0x13, 0xf1, 0x13, 0xf1, 0x13, 0xf1, 0x13, 0xf1, 0x13, 0xf1, 0x13, 0xf1, 0x13, 0xf1, 0x13, 0xf1,
    0x13, 0xf1, 0x13, 0xf1, 0x13, 0xf1, 0x13, 0xf1, 0x13, 0xf1, 0x13, 0xf1, 0x12, 0xf1, 0x13, 0xf1,
    0x13, 0xf1, 0x13, 0xf1, 0x13, 0xf1, 0x13, 0xf1, 0x13, 0xf1, 0x13, 0xf1, 0x13, 0xf1, 0x13, 0xf1,
    0x13, 0xf1, 0x13, 0xf1, 0x13, 0xf1, 0x13, 0xf1, 0x13, 0xf1, 0x13, 0xf1, 0x13, 0xf1, 0x13, 0xf1,
    0x13, 0xf1, 0x13, 0xf1, 0x13, 0xf1, 0x13, 0xf1, 0x13, 0xf1, 0x13, 0xf1, 0x13, 0xf1, 0x13, 0xf1,
    0x13, 0xf1, 0x13, 0xf1, 0x13, 0xf1, 0x13, 0xf1, 0x13, 0xf1, 0x13, 0xf1, 0x13, 0xf1, 0x13, 0xf1,
    0x13, 0xf1, 0x13, 0xf1, 0x02, 0xf1, 0x02, 0xf1, 0x02, 0xf1, 0x02, 0xf1, 0x02, 0xf1, 0x02, 0xf1,
    0x02, 0xf1, 0x02, 0xf1, 0x02, 0xf1, 0x02, 0xf1, 0x02, 0xf1, 0x02, 0xf1, 0x02, 0xf1, 0x02, 0xf1,
    0x02, 0xf1, 0x02, 0xf1, 0x03, 0xf1, 0x03, 0xf1, 0x03, 0xf1, 0x03, 0xf1, 0x02, 0xf1, 0x02, 0xf1,
    0x02, 0xf1, 0x02, 0xf1, 0x03, 0xf1, 0x13, 0xf1, 0x13, 0xf1, 0x13, 0xf1, 0x13, 0xf1, 0x13, 0xf1,
    0x03, 0xf1, 0x03, 0xf1, 0x13, 0xf1, 0x13, 0xf1, 0x13, 0xf1, 0x03, 0xf1, 0x03, 0xf1, 0x03, 0xf1,
    0x02, 0xf1, 0x02, 0xf1, 0x02, 0xf1, 0x02, 0xf1, 0x02, 0xf1, 0x03, 0xf1, 0x02, 0xf1, 0x03, 0xf1,
    0x03, 0xf1, 0x13, 0xf1, 0x13, 0xf1, 0x03, 0xf1, 0x02, 0xf1, 0x02, 0xf1, 0x02, 0xf1, 0x02, 0xf1,
    0x02, 0xf1, 0x02, 0xf1, 0x03, 0xf1, 0x03, 0xf1, 0x03, 0xf1, 0x13, 0xf1, 0x13, 0xf1, 0x13, 0xf1,
    0x13, 0xf1, 0x13, 0xf1, 0x13, 0xf1, 0x03, 0xf1, 0x02, 0xf1, 0x02, 0xf1, 0x02, 0xf1, 0x13, 0xf1,
    0x12, 0xf1, 0x12, 0xf1, 0x02, 0xf1, 0x02, 0xf1, 0x02, 0xf1, 0x13, 0xf1, 0x13, 0xf1, 0x13, 0xf1,
    0x13, 0xf1, 0x03, 0xf1, 0x12, 0xf1, 0x13, 0xf1, 0x12, 0xf1, 0x02, 0xf1, 0x02, 0xf1, 0x13, 0xf1,
    0x24, 0xf2, 0x02, 0xf1, 0x02, 0xf1, 0x02, 0xf1, 0x12, 0xf1, 0x02, 0xf1, 0x02, 0xf1, 0x13, 0xf1,
    0x13, 0xf1, 0x13, 0xf1, 0x13, 0xf1, 0x13, 0xf1, 0x13, 0xf1, 0x12, 0xf1, 0x13, 0xf1, 0x13, 0xf1,
    0x13, 0xf1, 0x13, 0xf1, 0x02, 0xf1, 0x12, 0xf1, 0x12, 0xf1, 0x12, 0xf1, 0x13, 0xf1, 0x13, 0xf1,
    0x12, 0xf1, 0x02, 0xf1, 0x02, 0xf1, 0x02, 0xf1, 0x02, 0xf1, 0x02, 0xf1, 0x02, 0xf1, 0x02, 0xf1,
    0x02, 0xf1, 0x02, 0xf1, 0x02, 0xf1, 0x02, 0xf1, 0x02, 0xf1, 0x02, 0xf1, 0x02, 0xf1, 0x02, 0xf1,
    0x01, 0xf1, 0x01, 0xf1, 0x01, 0xf1, 0x01, 0xf1, 0x01, 0xf1, 0x02, 0xf1, 0x02, 0xf1, 0x02, 0xf1,
    0x02, 0xf1, 0x02, 0xf1, 0x02, 0xf1, 0x02, 0xf1, 0x02, 0xf1, 0x02, 0xf1, 0x02, 0xf1, 0x02, 0xf1,
    0x02, 0xf1, 0x02, 0xf1, 0x02, 0xf1, 0x02, 0xf1, 0x02, 0xf1, 0x02, 0xf1, 0x02, 0xf1, 0x02, 0xf1,
    0x13, 0xf1, 0x13, 0xf1, 0x13, 0xf1, 0x13, 0xf1, 0x13, 0xf1, 0x03, 0xf1, 0x13, 0xf1, 0x13, 0xf1,
    0x13, 0xf1, 0x13, 0xf1, 0x13, 0xf1, 0x13, 0xf1, 0x02, 0xf1, 0x02, 0xf1, 0x02, 0xf1, 0x02, 0xf1,
    0x03, 0xf1, 0x13, 0xf1, 0x13, 0xf1, 0x13, 0xf1, 0x13, 0xf1, 0x13, 0xf1, 0x13, 0xf1, 0x13, 0xf1,
    0x13, 0xf1, 0x13, 0xf1, 0x13, 0xf1, 0x13, 0xf1, 0x13, 0xf1, 0x13, 0xf1, 0x13, 0xf1, 0x13, 0xf1,
    0x13, 0xf1, 0x13, 0xf1, 0x13, 0xf1, 0x13, 0xf1, 0x13, 0xf1, 0x24, 0xf2, 0x14, 0xf2, 0x13, 0xf1,
    0x13, 0xf1, 0x13, 0xf1, 0x13, 0xf1, 0x13, 0xf1, 0x13, 0xf1, 0x13, 0xf1, 0x13, 0xf1, 0x13, 0xf1,
    0x13, 0xf1, 0x13, 0xf1, 0x13, 0xf1, 0x13, 0xf1, 0x13, 0xf1, 0x13, 0xf1, 0x12, 0xf1, 0x13, 0xf1,
    0x13, 0xf1, 0x13, 0xf1, 0x13, 0xf1, 0x13, 0xf1, 0x13, 0xf1, 0x13, 0xf1, 0x13, 0xf1, 0x13, 0xf1,
    0x13, 0xf1, 0x13, 0xf1, 0x13, 0xf1, 0x13, 0xf1, 0x13, 0xf1, 0x13, 0xf1, 0x13, 0xf1, 0x13, 0xf1,
    0x13, 0xf1, 0x13, 0xf1, 0x13, 0xf1, 0x13, 0xf1, 0x13, 0xf1, 0x13, 0xf1, 0x13, 0xf1, 0x13, 0xf1,
    0x13, 0xf1, 0x13, 0xf1, 0x13, 0xf1, 0x24, 0xf2, 0x13, 0xf1, 0x13, 0xf1, 0x13, 0xf1, 0x13, 0xf1,
    0x13, 0xf1, 0x12, 0xf1, 0x02, 0xf1, 0x02, 0xf1, 0x02, 0xf1, 0x02, 0xf1, 0x02, 0xf1, 0x02, 0xf1,
    0x02, 0xf1, 0x02, 0xf1, 0x02, 0xf1, 0x02, 0xf1, 0x02, 0xf1, 0x02, 0xf1, 0x02, 0xf1, 0x02, 0xf1,
    0x02, 0xf1, 0x02, 0xf1, 0x03, 0xf1, 0x03, 0xf1, 0x03, 0xf1, 0x13, 0xf1, 0x03, 0xf1, 0x02, 0xf1,
    0x02, 0xf1, 0x02, 0xf1, 0x02, 0xf1, 0x13, 0xf1, 0x13, 0xf1, 0x13, 0xf1, 0x02, 0xf1, 0x12, 0xf1,
    0x03, 0xf1, 0x13, 0xf1, 0x13, 0xf1, 0x13, 0xf1, 0x13, 0xf1, 0x03, 0xf1, 0x03, 0xf1, 0x02, 0xf1,
    0x02, 0xf1, 0x02, 0xf1, 0x13, 0xf1, 0x03, 0xf1, 0x03, 0xf1, 0x02, 0xf1, 0x02, 0xf1, 0x03, 0xf1,
    0x13, 0xf1, 0x13, 0xf1, 0x13, 0xf1, 0x12, 0xf1, 0x03, 0xf1, 0x02, 0xf1, 0x03, 0xf1, 0x13, 0xf1,
    0x13, 0xf1, 0x13, 0xf1, 0x13, 0xf1, 0x13, 0xf1, 0x13, 0xf1, 0x13, 0xf1, 0x03, 0xf1, 0x13, 0xf1,
    0x13, 0xf1, 0x13, 0xf1, 0x13, 0xf1, 0x02, 0xf1, 0x02, 0xf1, 0x02, 0xf1, 0x02, 0xf1, 0x13, 0xf1,
    0x13, 0xf1, 0x02, 0xf1, 0x02, 0xf1, 0x02, 0xf1, 0x02, 0xf1, 0x13, 0xf1, 0x13, 0xf1, 0x13, 0xf1,
    0x13, 0xf1, 0x13, 0xf1, 0x13, 0xf1, 0x13, 0xf1, 0x02, 0xf1, 0x02, 0xf1, 0x03, 0xf1, 0x02, 0xf1,
    0x02, 0xf1, 0x02, 0xf1, 0x02, 0xf1, 0x03, 0xf1, 0x13, 0xf1, 0x13, 0xf1, 0x03, 0xf1, 0x13, 0xf1,
    0x13, 0xf1, 0x13, 0xf1, 0x13, 0xf1, 0x13, 0xf1, 0x12, 0xf1, 0x13, 0xf1, 0x12, 0xf1, 0x12, 0xf1,
    0x13, 0xf1, 0x02, 0xf1, 0x02, 0xf1, 0x02, 0xf1, 0x02, 0xf1, 0x12, 0xf1, 0x02, 0xf1, 0x13, 0xf1,
    0x13, 0xf1, 0x02, 0xf1, 0x02, 0xf1, 0x02, 0xf1, 0x02, 0xf1, 0x02, 0xf1, 0x02, 0xf1, 0x13, 0xf1,
    0x13, 0xf1, 0x02, 0xf1, 0x02, 0xf1, 0x02, 0xf1, 0x02, 0xf1, 0x02, 0xf1, 0x02, 0xf1, 0x02, 0xf1,
    0x02, 0xf1, 0x02, 0xf1, 0x02, 0xf1, 0x02, 0xf1, 0x01, 0xf1, 0x02, 0xf1, 0x02, 0xf1, 0x02, 0xf1,
    0x02, 0xf1, 0x02, 0xf1, 0x02, 0xf1, 0x02, 0xf1, 0x02, 0xf1, 0x02, 0xf1, 0x02, 0xf1, 0x02, 0xf1,
    0x02, 0xf1, 0x02, 0xf1, 0x02, 0xf1, 0x02, 0xf1, 0x02, 0xf1, 0x02, 0xf1, 0x02, 0xf1, 0x02, 0xf1,
    0x13, 0xf1, 0x14, 0xf2, 0x14, 0xf2, 0x13, 0xf1, 0x13, 0xf1, 0x13, 0xf1, 0x03, 0xf1, 0x13, 0xf1,
    0x13, 0xf1, 0x13, 0xf1, 0x13, 0xf1, 0x02, 0xf1, 0x02, 0xf1, 0x02, 0xf1, 0x03, 0xf1, 0x13, 0xf1,
    0x13, 0xf1, 0x13, 0xf1, 0x13, 0xf1, 0x13, 0xf1, 0x13, 0xf1, 0x13, 0xf1, 0x13, 0xf1, 0x13, 0xf1,
    0x13, 0xf1, 0x13, 0xf1, 0x13, 0xf1, 0x13, 0xf1, 0x13, 0xf1, 0x13, 0xf1, 0x13, 0xf1, 0x13, 0xf1,
    0x13, 0xf1, 0x13, 0xf1, 0x13, 0xf1, 0x13, 0xf1, 0x14, 0xf1, 0x14, 0xf2, 0x14, 0xf2, 0x13, 0xf1,
    0x13, 0xf1, 0x13, 0xf1, 0x13, 0xf1, 0x13, 0xf1, 0x13, 0xf1, 0x13, 0xf1, 0x13, 0xf1, 0x13, 0xf1,
    0x13, 0xf1, 0x13, 0xf1, 0x13, 0xf1, 0x13, 0xf1, 0x13, 0xf1, 0x13, 0xf1, 0x13, 0xf1, 0x13, 0xf1,
    0x13, 0xf1, 0x13, 0xf1, 0x13, 0xf1, 0x13, 0xf1, 0x13, 0xf1, 0x13, 0xf1, 0x13, 0xf1, 0x13, 0xf1,
    0x13, 0xf1, 0x13, 0xf1, 0x13, 0xf1, 0x13, 0xf1, 0x13, 0xf1, 0x13, 0xf1, 0x13, 0xf1, 0x13, 0xf1,
    0x13, 0xf1, 0x13, 0xf1, 0x13, 0xf1, 0x13, 0xf1, 0x13, 0xf1, 0x13, 0xf1, 0x13, 0xf1, 0x13, 0xf1,
    0x13, 0xf1, 0x24, 0xf2, 0x13, 0xf1, 0x13, 0xf1, 0x13, 0xf1, 0x13, 0xf1, 0x13, 0xf1, 0x03, 0xf1,
    0x02, 0xf1, 0x02, 0xf1, 0x12, 0xf1, 0x13, 0xf1, 0x02, 0xf1, 0x02, 0xf1, 0x02, 0xf1, 0x02, 0xf1,
    0x02, 0xf1, 0x02, 0xf1, 0x02, 0xf1, 0x02, 0xf1, 0x02, 0xf1, 0x02, 0xf1, 0x02, 0xf1, 0x02, 0xf1,
    0x12, 0xf1, 0x13, 0xf1, 0x13, 0xf1, 0x13, 0xf1, 0x13, 0xf1, 0x13, 0xf1, 0x03, 0xf1, 0x02, 0xf1,
    0x03, 0xf1, 0x03, 0xf1, 0x03, 0xf1, 0x13, 0xf1, 0x13, 0xf1, 0x13, 0xf1, 0x13, 0xf1, 0x13, 0xf1,
    0x13, 0xf1, 0x03, 0xf1, 0x13, 0xf1, 0x13, 0xf1, 0x13, 0xf1, 0x13, 0xf1, 0x13, 0xf1, 0x03, 0xf1,
    0x13, 0xf1, 0x02, 0xf1, 0x02, 0xf1, 0x03, 0xf1, 0x02, 0xf1, 0x03, 0xf1, 0x13, 0xf1, 0x13, 0xf1,
    0x13, 0xf1, 0x13, 0xf1, 0x13, 0xf1, 0x13, 0xf1, 0x13, 0xf1, 0x13, 0xf1, 0x13, 0xf1, 0x13, 0xf1,
    0x13, 0xf1, 0x13, 0xf1, 0x13, 0xf1, 0x03, 0xf1, 0x13, 0xf1, 0x13, 0xf1, 0x13, 0xf1, 0x13, 0xf1,
    0x13, 0xf1, 0x13, 0xf1, 0x13, 0xf1, 0x02, 0xf1, 0x02, 0xf1, 0x02, 0xf1, 0x02, 0xf1, 0x13, 0xf1,
    0x13, 0xf1, 0x03, 0xf1, 0x02, 0xf1, 0x02, 0xf1, 0x02, 0xf1, 0x13, 0xf1, 0x13, 0xf1, 0x13, 0xf1,
    0x13, 0xf1, 0x13, 0xf1, 0x13, 0xf1, 0x14, 0xf2, 0x12, 0xf1, 0x12, 0xf1, 0x13, 0xf1, 0x02, 0xf1,
    0x02, 0xf1, 0x13, 0xf1, 0x02, 0xf1, 0x02, 0xf1, 0x13, 0xf1, 0x13, 0xf1, 0x13, 0xf1, 0x13, 0xf1,
    0x13, 0xf1, 0x13, 0xf1, 0x13, 0xf1, 0x13, 0xf1, 0x13, 0xf1, 0x13, 0xf1, 0x13, 0xf1, 0x12, 0xf1,
    0x02, 0xf1, 0x02, 0xf1, 0x02, 0xf1, 0x02, 0xf1, 0x02, 0xf1, 0x02, 0xf1, 0x02, 0xf1, 0x02, 0xf1,
    0x12, 0xf1, 0x02, 0xf1, 0x13, 0xf1, 0x02, 0xf1, 0x02, 0xf1, 0x02, 0xf1, 0x02, 0xf1, 0x02, 0xf1,
    0x13, 0xf1, 0x13, 0xf1, 0x13, 0xf1, 0x13, 0xf1, 0x02, 0xf1, 0x02, 0xf1, 0x02, 0xf1, 0x02, 0xf1,
    0x02, 0xf1, 0x02, 0xf1, 0x02, 0xf1, 0x02, 0xf1, 0x02, 0xf1, 0x02, 0xf1, 0x02, 0xf1, 0x01, 0xf1,
    0x02, 0xf1, 0x02, 0xf1, 0x02, 0xf1, 0x02, 0xf1, 0x02, 0xf1, 0x02, 0xf1, 0x02, 0xf1, 0x02, 0xf1,
    0x02, 0xf1, 0x02, 0xf1, 0x02, 0xf1, 0x02, 0xf1, 0x02, 0xf1, 0x02, 0xf1, 0x02, 0xf1, 0x02, 0xf1,
    0x13, 0xf1, 0x25, 0xf2, 0x25, 0xf2, 0x13, 0xf1, 0x13, 0xf1, 0x03, 0xf1, 0x13, 0xf1, 0x13, 0xf1,
    0x13, 0xf1, 0x13, 0xf1, 0x13, 0xf1, 0x02, 0xf1, 0x13, 0xf1, 0x13, 0xf1, 0x13, 0xf1, 0x13, 0xf1,
    0x13, 0xf1, 0x13, 0xf1, 0x13, 0xf1, 0x13, 0xf1, 0x13, 0xf1, 0x13, 0xf1, 0x13, 0xf1, 0x13, 0xf1,
    0x13, 0xf1, 0x13, 0xf1, 0x13, 0xf1, 0x13, 0xf1, 0x13, 0xf1, 0x13, 0xf1, 0x13, 0xf1, 0x13, 0xf1,
    0x13, 0xf1, 0x13, 0xf1, 0x14, 0xf1, 0x13, 0xf1, 0x14, 0xf2, 0x14, 0xf2, 0x14, 0xf2, 0x13, 0xf1,
    0x13, 0xf1, 0x13, 0xf1, 0x13, 0xf1, 0x13, 0xf1, 0x13, 0xf1, 0x13, 0xf1, 0x13, 0xf1, 0x13, 0xf1,
    0x13, 0xf1, 0x13, 0xf1, 0x13, 0xf1, 0x13, 0xf1, 0x13, 0xf1, 0x13, 0xf1, 0x13, 0xf1, 0x13, 0xf1,
    0x13, 0xf1, 0x03, 0xf1, 0x13, 0xf1, 0x13, 0xf1, 0x13, 0xf1, 0x13, 0xf1, 0x13, 0xf1, 0x13, 0xf1,
    0x13, 0xf1, 0x13, 0xf1, 0x13, 0xf1, 0x13, 0xf1, 0x13, 0xf1, 0x13, 0xf1, 0x13, 0xf1, 0x13, 0xf1,
    0x13, 0xf1, 0x13, 0xf1, 0x13, 0xf1, 0x13, 0xf1, 0x13, 0xf1, 0x13, 0xf1, 0x13, 0xf1, 0x13, 0xf1,
    0x13, 0xf1, 0x13, 0xf1, 0x13, 0xf1, 0x13, 0xf1, 0x13, 0xf1, 0x13, 0xf1, 0x13, 0xf1, 0x13, 0xf1,
    0x02, 0xf1, 0x02, 0xf1, 0x12, 0xf1, 0x13, 0xf1, 0x13, 0xf1, 0x12, 0xf1, 0x02, 0xf1, 0x02, 0xf1,
    0x02, 0xf1, 0x02, 0xf1, 0x02, 0xf1, 0x02, 0xf1, 0x13, 0xf1, 0x13, 0xf1, 0x12, 0xf1, 0x02, 0xf1,
    0x13, 0xf1, 0x13, 0xf1, 0x13, 0xf1, 0x13, 0xf1, 0x03, 0xf1, 0x03, 0xf1, 0x03, 0xf1, 0x02, 0xf1,
    0x03, 0xf1, 0x03, 0xf1, 0x03, 0xf1, 0x13, 0xf1, 0x13, 0xf1, 0x13, 0xf1, 0x13, 0xf1, 0x13, 0xf1,
    0x13, 0xf1, 0x13, 0xf1, 0x13, 0xf1, 0x13, 0xf1, 0x13, 0xf1, 0x13, 0xf1, 0x13, 0xf1, 0x13, 0xf1,
    0x13, 0xf1, 0x13, 0xf1, 0x02, 0xf1, 0x02, 0xf1, 0x02, 0xf1, 0x02, 0xf1, 0x02, 0xf1, 0x13, 0xf1,
    0x13, 0xf1, 0x13, 0xf1, 0x13, 0xf1, 0x13, 0xf1, 0x13, 0xf1, 0x13, 0xf1, 0x13, 0xf1, 0x13, 0xf1,
    0x03, 0xf1, 0x03, 0xf1, 0x13, 0xf1, 0x13, 0xf1, 0x13, 0xf1, 0x13, 0xf1, 0x13, 0xf1, 0x13, 0xf1,
    0x13, 0xf1, 0x13, 0xf1, 0x13, 0xf1, 0x13, 0xf1, 0x02, 0xf1, 0x03, 0xf1, 0x03, 0xf1, 0x13, 0xf1,
    0x13, 0xf1, 0x13, 0xf1, 0x03, 0xf1, 0x03, 0xf1, 0x03, 0xf1, 0x13, 0xf1, 0x13, 0xf1, 0x13, 0xf1,
    0x03, 0xf1, 0x13, 0xf1, 0x13, 0xf1, 0x13, 0xf1, 0x13, 0xf1, 0x13, 0xf1, 0x13, 0xf1, 0x02, 0xf1,
    0x02, 0xf1, 0x02, 0xf1, 0x12, 0xf1, 0x13, 0xf1, 0x13, 0xf1, 0x13, 0xf1, 0x13, 0xf1, 0x13, 0xf1,
    0x13, 0xf1, 0x13, 0xf1, 0x13, 0xf1, 0x13, 0xf1, 0x13, 0xf1, 0x12, 0xf1, 0x13, 0xf1, 0x13, 0xf1,
    0x02, 0xf1, 0x02, 0xf1, 0x02, 0xf1, 0x02, 0xf1, 0x02, 0xf1, 0x02, 0xf1, 0x02, 0xf1, 0x02, 0xf1,
    0x12, 0xf1, 0x02, 0xf1, 0x13, 0xf1, 0x14, 0xf2, 0x13, 0xf1, 0x02, 0xf1, 0x02, 0xf1, 0x02, 0xf1,
    0x02, 0xf1, 0x02, 0xf1, 0x12, 0xf1, 0x12, 0xf1, 0x02, 0xf1, 0x02, 0xf1, 0x02, 0xf1, 0x02, 0xf1,
    0x02, 0xf1, 0x02, 0xf1, 0x02, 0xf1, 0x02, 0xf1, 0x02, 0xf1, 0x02, 0xf1, 0x02, 0xf1, 0x02, 0xf1,
    0x02, 0xf1, 0x02, 0xf1, 0x02, 0xf1, 0x02, 0xf1, 0x02, 0xf1, 0x02, 0xf1, 0x02, 0xf1, 0x02, 0xf1,
    0x02, 0xf1, 0x02, 0xf1, 0x02, 0xf1, 0x02, 0xf1, 0x02, 0xf1, 0x02, 0xf1, 0x02, 0xf1, 0x02, 0xf1,
    0x13, 0xf1, 0x14, 0xf1, 0x14, 0xf2, 0x13, 0xf1, 0x03, 0xf1, 0x03, 0xf1, 0x03, 0xf1, 0x13, 0xf1,
    0x13, 0xf1, 0x13, 0xf1, 0x02, 0xf1, 0x02, 0xf1, 0x13, 0xf1, 0x13, 0xf1, 0x13, 0xf1, 0x13, 0xf1,
    0x13, 0xf1, 0x13, 0xf1, 0x13, 0xf1, 0x14, 0xf1, 0x14, 0xf2, 0x13, 0xf1, 0x13, 0xf1, 0x13, 0xf1,
    0x13, 0xf1, 0x13, 0xf1, 0x14, 0xf2, 0x14, 0xf2, 0x13, 0xf1, 0x13, 0xf1, 0x13, 0xf1, 0x13, 0xf1,
    0x14, 0xf1, 0x14, 0xf2, 0x14, 0xf2, 0x14, 0xf2, 0x14, 0xf2, 0x14, 0xf2, 0x13, 0xf1, 0x14, 0xf1,
    0x13, 0xf1, 0x13, 0xf1, 0x13, 0xf1, 0x13, 0xf1, 0x13, 0xf1, 0x13, 0xf1, 0x13, 0xf1, 0x13, 0xf1,
    0x13, 0xf1, 0x02, 0xf1, 0x03, 0xf1, 0x03, 0xf1, 0x02, 0xf1, 0x13, 0xf1, 0x13, 0xf1, 0x13, 0xf1,
    0x13, 0xf1, 0x13, 0xf1, 0x13, 0xf1, 0x13, 0xf1, 0x13, 0xf1, 0x13, 0xf1, 0x13, 0xf1, 0x13, 0xf1,
    0x25, 0xf2, 0x13, 0xf1, 0x13, 0xf1, 0x13, 0xf1, 0x13, 0xf1, 0x13, 0xf1, 0x13, 0xf1, 0x13, 0xf1,
    0x13, 0xf1, 0x13, 0xf1, 0x13, 0xf1, 0x13, 0xf1, 0x13, 0xf1, 0x13, 0xf1, 0x13, 0xf1, 0x13, 0xf1,
    0x13, 0xf1, 0x13, 0xf1, 0x13, 0xf1, 0x13, 0xf1, 0x13, 0xf1, 0x13, 0xf1, 0x13, 0xf1, 0x13, 0xf1,
    0x02, 0xf1, 0x12, 0xf1, 0x13, 0xf1, 0x13, 0xf1, 0x13, 0xf1, 0x12, 0xf1, 0x02, 0xf1, 0x02, 0xf1,
    0x02, 0xf1, 0x02, 0xf1, 0x13, 0xf1, 0x02, 0xf1, 0x12, 0xf1, 0x03, 0xf1, 0x13, 0xf1, 0x13, 0xf1,
    0x13, 0xf1, 0x13, 0xf1, 0x13, 0xf1, 0x02, 0xf1, 0x02, 0xf1, 0x02, 0xf1, 0x02, 0xf1, 0x02, 0xf1,
    0x03, 0xf1, 0x03, 0xf1, 0x03, 0xf1, 0x13, 0xf1, 0x13, 0xf1, 0x13, 0xf1, 0x13, 0xf1, 0x13, 0xf1,
    0x13, 0xf1, 0x13, 0xf1, 0x13, 0xf1, 0x13, 0xf1, 0x13, 0xf1, 0x13, 0xf1, 0x13, 0xf1, 0x13, 0xf1,
    0x13, 0xf1, 0x03, 0xf1, 0x03, 0xf1, 0x13, 0xf1, 0x02, 0xf1, 0x02, 0xf1, 0x02, 0xf1, 0x13, 0xf1,
    0x13, 0xf1, 0x14, 0xf2, 0x13, 0xf1, 0x13, 0xf1, 0x13, 0xf1, 0x13, 0xf1, 0x13, 0xf1, 0x13, 0xf1,
    0x13, 0xf1, 0x13, 0xf1, 0x13, 0xf1, 0x13, 0xf1, 0x13, 0xf1, 0x13, 0xf1, 0x13, 0xf1, 0x13, 0xf1,
    0x13, 0xf1, 0x13, 0xf1, 0x13, 0xf1, 0x13, 0xf1, 0x13, 0xf1, 0x02, 0xf1, 0x13, 0xf1, 0x13, 0xf1,
    0x13, 0xf1, 0x13, 0xf1, 0x03, 0xf1, 0x02, 0xf1, 0x02, 0xf1, 0x13, 0xf1, 0x13, 0xf1, 0x13, 0xf1,
    0x13, 0xf1, 0x12, 0xf1, 0x02, 0xf1, 0x03, 0xf1, 0x13, 0xf1, 0x13, 0xf1, 0x03, 0xf1, 0x12, 0xf1,
    0x02, 0xf1, 0x02, 0xf1, 0x02, 0xf1, 0x12, 0xf1, 0x02, 0xf1, 0x13, 0xf1, 0x02, 0xf1, 0x02, 0xf1,
    0x02, 0xf1, 0x13, 0xf1, 0x12, 0xf1, 0x13, 0xf1, 0x13, 0xf1, 0x12, 0xf1, 0x13, 0xf1, 0x13, 0xf1,
    0x02, 0xf1, 0x12, 0xf1, 0x02, 0xf1, 0x02, 0xf1, 0x02, 0xf1, 0x02, 0xf1, 0x02, 0xf1, 0x02, 0xf1,
    0x02, 0xf1, 0x02, 0xf1, 0x02, 0xf1, 0x13, 0xf1, 0x24, 0xf2, 0x13, 0xf1, 0x02, 0xf1, 0x02, 0xf1,
    0x02, 0xf1, 0x02, 0xf1, 0x02, 0xf1, 0x12, 0xf1, 0x02, 0xf1, 0x02, 0xf1, 0x02, 0xf1, 0x02, 0xf1,
    0x02, 0xf1, 0x02, 0xf1, 0x02, 0xf1, 0x02, 0xf1, 0x02, 0xf1, 0x02, 0xf1, 0x02, 0xf1, 0x02, 0xf1,
    0x02, 0xf1, 0x02, 0xf1, 0x02, 0xf1, 0x02, 0xf1, 0x02, 0xf1, 0x02, 0xf1, 0x02, 0xf1, 0x02, 0xf1,
    0x02, 0xf1, 0x02, 0xf1, 0x02, 0xf1, 0x02, 0xf1, 0x02, 0xf1, 0x02, 0xf1, 0x02, 0xf1, 0x02, 0xf1,
    0x13, 0xf1, 0x13, 0xf1, 0x13, 0xf1, 0x13, 0xf1, 0x03, 0xf1, 0x13, 0xf1, 0x03, 0xf1, 0x03, 0xf1,
    0x13, 0xf1, 0x13, 0xf1, 0x13, 0xf1, 0x13, 0xf1, 0x13, 0xf1, 0x13, 0xf1, 0x13, 0xf1, 0x13, 0xf1,
    0x13, 0xf1, 0x13, 0xf1, 0x13, 0xf1, 0x14, 0xf2, 0x25, 0xf2, 0x14, 0xf2, 0x13, 0xf1, 0x14, 0xf1,
    0x14, 0xf1, 0x14, 0xf1, 0x14, 0xf2, 0x14, 0xf2, 0x13, 0xf1, 0x13, 0xf1, 0x14, 0xf1, 0x14, 0xf1,
    0x14, 0xf2, 0x14, 0xf2, 0x14, 0xf2, 0x14, 0xf2, 0x13, 0xf1, 0x14, 0xf2, 0x14, 0xf2, 0x14, 0xf2,
    0x14, 0xf2, 0x14, 0xf1, 0x13, 0xf1, 0x13, 0xf1, 0x13, 0xf1, 0x13, 0xf1, 0x13, 0xf1, 0x13, 0xf1,
    0x13, 0xf1, 0x13, 0xf1, 0x03, 0xf1, 0x03, 0xf1, 0x02, 0xf1, 0x02, 0xf1, 0x13, 0xf1, 0x13, 0xf1,
    0x13, 0xf1, 0x13, 0xf1, 0x13, 0xf1, 0x13, 0xf1, 0x13, 0xf1, 0x13, 0xf1, 0x13, 0xf1, 0x13, 0xf1,
    0x13, 0xf1, 0x13, 0xf1, 0x13, 0xf1, 0x13, 0xf1, 0x13, 0xf1, 0x13, 0xf1, 0x13, 0xf1, 0x13, 0xf1,
    0x13, 0xf1, 0x13, 0xf1, 0x13, 0xf1, 0x13, 0xf1, 0x13, 0xf1, 0x13, 0xf1, 0x13, 0xf1, 0x13, 0xf1,
    0x13, 0xf1, 0x13, 0xf1, 0x13, 0xf1, 0x13, 0xf1, 0x13, 0xf1, 0x13, 0xf1, 0x13, 0xf1, 0x13, 0xf1,
    0x12, 0xf1, 0x12, 0xf1, 0x12, 0xf1, 0x02, 0xf1, 0x02, 0xf1, 0x02, 0xf1, 0x13, 0xf1, 0x02, 0xf1,
    0x02, 0xf1, 0x02, 0xf1, 0x02, 0xf1, 0x02, 0xf1, 0x02, 0xf1, 0x02, 0xf1, 0x13, 0xf1, 0x13, 0xf1,
    0x13, 0xf1, 0x13, 0xf1, 0x13, 0xf1, 0x02, 0xf1, 0x02, 0xf1, 0x02, 0xf1, 0x03, 0xf1, 0x03, 0xf1,
    0x02, 0xf1, 0x02, 0xf1, 0x13, 0xf1, 0x13, 0xf1, 0x13, 0xf1, 0x13, 0xf1, 0x13, 0xf1, 0x13, 0xf1,
    0x13, 0xf1, 0x13, 0xf1, 0x13, 0xf1, 0x13, 0xf1, 0x13, 0xf1, 0x13, 0xf1, 0x13, 0xf1, 0x13, 0xf1,
    0x13, 0xf1, 0x13, 0xf1, 0x03, 0xf1, 0x13, 0xf1, 0x13, 0xf1, 0x13, 0xf1, 0x03, 0xf1, 0x03, 0xf1,
    0x24, 0xf2, 0x47, 0xf2, 0x13, 0xf1, 0x02, 0xf1, 0x02, 0xf1, 0x13, 0xf1, 0x13, 0xf1, 0x03, 0xf1,
    0x13, 0xf1, 0x13, 0xf1, 0x13, 0xf1, 0x13, 0xf1, 0x13, 0xf1, 0x13, 0xf1, 0x13, 0xf1, 0x13, 0xf1,
    0x03, 0xf1, 0x13, 0xf1, 0x13, 0xf1, 0x13, 0xf1, 0x13, 0xf1, 0x13, 0xf1, 0x13, 0xf1, 0x13, 0xf1,
    0x13, 0xf1, 0x13, 0xf1, 0x13, 0xf1, 0x03, 0xf1, 0x02, 0xf1, 0x13, 0xf1, 0x13, 0xf1, 0x13, 0xf1,
    0x03, 0xf1, 0x13, 0xf1, 0x13, 0xf1, 0x13, 0xf1, 0x03, 0xf1, 0x13, 0xf1, 0x12, 0xf1, 0x02, 0xf1,
    0x02, 0xf1, 0x02, 0xf1, 0x12, 0xf1, 0x02, 0xf1, 0x02, 0xf1, 0x13, 0xf1, 0x02, 0xf1, 0x02, 0xf1,
    0x02, 0xf1, 0x03, 0xf1, 0x02, 0xf1, 0x13, 0xf1, 0x13, 0xf1, 0x02, 0xf1, 0x12, 0xf1, 0x02, 0xf1,
    0x02, 0xf1, 0x02, 0xf1, 0x02, 0xf1, 0x02, 0xf1, 0x02, 0xf1, 0x02, 0xf1, 0x02, 0xf1, 0x02, 0xf1,
    0x02, 0xf1, 0x02, 0xf1, 0x02, 0xf1, 0x02, 0xf1, 0x02, 0xf1, 0x02, 0xf1, 0x12, 0xf1, 0x02, 0xf1,
    0x02, 0xf1, 0x02, 0xf1, 0x02, 0xf1, 0x02, 0xf1, 0x02, 0xf1, 0x02, 0xf1, 0x02, 0xf1, 0x02, 0xf1,
    0x02, 0xf1, 0x02, 0xf1, 0x02, 0xf1, 0x02, 0xf1, 0x02, 0xf1, 0x02, 0xf1, 0x02, 0xf1, 0x02, 0xf1,
    0x02, 0xf1, 0x02, 0xf1, 0x02, 0xf1, 0x02, 0xf1, 0x02, 0xf1, 0x02, 0xf1, 0x02, 0xf1, 0x02, 0xf1,
    0x02, 0xf1, 0x02, 0xf1, 0x02, 0xf1, 0x02, 0xf1, 0x02, 0xf1, 0x02, 0xf1, 0x02, 0xf1, 0x02, 0xf1,
    0x13, 0xf1, 0x13, 0xf1, 0x13, 0xf1, 0x13, 0xf1, 0x13, 0xf1, 0x03, 0xf1, 0x13, 0xf1, 0x13, 0xf1,
    0x03, 0xf1, 0x13, 0xf1, 0x13, 0xf1, 0x13, 0xf1, 0x13, 0xf1, 0x13, 0xf1, 0x13, 0xf1, 0x13, 0xf1,
    0x13, 0xf1, 0x13, 0xf1, 0x13, 0xf1, 0x13, 0xf1, 0x14, 0xf2, 0x13, 0xf1, 0x14, 0xf2, 0x14, 0xf2,
    0x14, 0xf2, 0x14, 0xf2, 0x14, 0xf2, 0x14, 0xf1, 0x14, 0xf2, 0x14, 0xf2, 0x14, 0xf1, 0x13, 0xf1,
    0x14, 0xf1, 0x14, 0xf2, 0x14, 0xf2, 0x14, 0xf2, 0x13, 0xf1, 0x13, 0xf1, 0x14, 0xf2, 0x14, 0xf2,
    0x14, 0xf1, 0x14, 0xf1, 0x13, 0xf1, 0x13, 0xf1, 0x13, 0xf1, 0x13, 0xf1, 0x13, 0xf1, 0x13, 0xf1,
    0x13, 0xf1, 0x13, 0xf1, 0x13, 0xf1, 0x13, 0xf1, 0x03, 0xf1, 0x12, 0xf1, 0x13, 0xf1, 0x13, 0xf1,
    0x13, 0xf1, 0x13, 0xf1, 0x13, 0xf1, 0x13, 0xf1, 0x13, 0xf1, 0x13, 0xf1, 0x13, 0xf1, 0x13, 0xf1,
    0x13, 0xf1, 0x13, 0xf1, 0x13, 0xf1, 0x13, 0xf1, 0x13, 0xf1, 0x13, 0xf1, 0x13, 0xf1, 0x13, 0xf1,
    0x13, 0xf1, 0x13, 0xf1, 0x13, 0xf1, 0x13, 0xf1, 0x13, 0xf1, 0x13, 0xf1, 0x13, 0xf1, 0x13, 0xf1,
    0x13, 0xf1, 0x13, 0xf1, 0x13, 0xf1, 0x13, 0xf1, 0x13, 0xf1, 0x13, 0xf1, 0x13, 0xf1, 0x13, 0xf1,
    0x13, 0xf1, 0x02, 0xf1, 0x02, 0xf1, 0x02, 0xf1, 0x02, 0xf1, 0x12, 0xf1, 0x13, 0xf1, 0x13, 0xf1,
    0x12, 0xf1, 0x02, 0xf1, 0x02, 0xf1, 0x02, 0xf1, 0x02, 0xf1, 0x13, 0xf1, 0x13, 0xf1, 0x13, 0xf1,
    0x13, 0xf1, 0x12, 0xf1, 0x03, 0xf1, 0x03, 0xf1, 0x13, 0xf1, 0x13, 0xf1, 0x03, 0xf1, 0x03, 0xf1,
    0x03, 0xf1, 0x03, 0xf1, 0x13, 0xf1, 0x13, 0xf1, 0x13, 0xf1, 0x13, 0xf1, 0x13, 0xf1, 0x13, 0xf1,
    0x13, 0xf1, 0x13, 0xf1, 0x13, 0xf1, 0x13, 0xf1, 0x14, 0xf2, 0x13, 0xf1, 0x13, 0xf1, 0x13, 0xf1,
    0x13, 0xf1, 0x13, 0xf1, 0x13, 0xf1, 0x13, 0xf1, 0x13, 0xf1, 0x13, 0xf1, 0x13, 0xf1, 0x13, 0xf1,
    0x13, 0xf1, 0x14, 0xf2, 0x13, 0xf1, 0x13, 0xf1, 0x13, 0xf1, 0x13, 0xf1, 0x13, 0xf1, 0x13, 0xf1,
    0x13, 0xf1, 0x13, 0xf1, 0x13, 0xf1, 0x13, 0xf1, 0x13, 0xf1, 0x13, 0xf1, 0x13, 0xf1, 0x13, 0xf1,
    0x13, 0xf1, 0x13, 0xf1, 0x13, 0xf1, 0x13, 0xf1, 0x13, 0xf1, 0x13, 0xf1, 0x13, 0xf1, 0x13, 0xf1,
    0x13, 0xf1, 0x13, 0xf1, 0x13, 0xf1, 0x03, 0xf1, 0x13, 0xf1, 0x13, 0xf1, 0x13, 0xf1, 0x03, 0xf1,
    0x03, 0xf1, 0x13, 0xf1, 0x13, 0xf1, 0x13, 0xf1, 0x03, 0xf1, 0x13, 0xf1, 0x13, 0xf1, 0x02, 0xf1,
    0x02, 0xf1, 0x02, 0xf1, 0x02, 0xf1, 0x02, 0xf1, 0x02, 0xf1, 0x02, 0xf1, 0x02, 0xf1, 0x02, 0xf1,
    0x02, 0xf1, 0x13, 0xf1, 0x13, 0xf1, 0x13, 0xf1, 0x13, 0xf1, 0x12, 0xf1, 0x12, 0xf1, 0x12, 0xf1,
    0x12, 0xf1, 0x02, 0xf1, 0x12, 0xf1, 0x02, 0xf1, 0x02, 0xf1, 0x12, 0xf1, 0x02, 0xf1, 0x02, 0xf1,
    0x12, 0xf1, 0x02, 0xf1, 0x02, 0xf1, 0x02, 0xf1, 0x02, 0xf1, 0x02, 0xf1, 0x02, 0xf1, 0x02, 0xf1,
    0x02, 0xf1, 0x02, 0xf1, 0x02, 0xf1, 0x02, 0xf1, 0x02, 0xf1, 0x02, 0xf1, 0x02, 0xf1, 0x02, 0xf1,
    0x02, 0xf1, 0x12, 0xf1, 0x13, 0xf1, 0x13, 0xf1, 0x12, 0xf1, 0x02, 0xf1, 0x02, 0xf1, 0x02, 0xf1,
    0x02, 0xf1, 0x02, 0xf1, 0x02, 0xf1, 0x02, 0xf1, 0x02, 0xf1, 0x02, 0xf1, 0x02, 0xf1, 0x02, 0xf1,
    0x02, 0xf1, 0x02, 0xf1, 0x02, 0xf1, 0x02, 0xf1, 0x02, 0xf1, 0x02, 0xf1, 0x02, 0xf1, 0x02, 0xf1,
    0x13, 0xf1, 0x13, 0xf1, 0x13, 0xf1, 0x13, 0xf1, 0x13, 0xf1, 0x13, 0xf1, 0x13, 0xf1, 0x13, 0xf1,
    0x13, 0xf1, 0x13, 0xf1, 0x13, 0xf1, 0x13, 0xf1, 0x13, 0xf1, 0x13, 0xf1, 0x13, 0xf1, 0x13, 0xf1,
    0x13, 0xf1, 0x13, 0xf1, 0x13, 0xf1, 0x14, 0xf2, 0x14, 0xf2, 0x14, 0xf2, 0x14, 0xf2, 0x24, 0xf2,
    0x24, 0xf2, 0x14, 0xf2, 0x14, 0xf2, 0x14, 0xf1, 0x13, 0xf1, 0x13, 0xf1, 0x13, 0xf1, 0x13, 0xf1,
    0x14, 0xf1, 0x13, 0xf1, 0x14, 0xf2, 0x14, 0xf2, 0x14, 0xf2, 0x14, 0xf2, 0x14, 0xf2, 0x13, 0xf1,
    0x14, 0xf1, 0x13, 0xf1, 0x13, 0xf1, 0x13, 0xf1, 0x13, 0xf1, 0x13, 0xf1, 0x13, 0xf1, 0x13, 0xf1,
    0x13, 0xf1, 0x13, 0xf1, 0x13, 0xf1, 0x13, 0xf1, 0x13, 0xf1, 0x13, 0xf1, 0x13, 0xf1, 0x13, 0xf1,
    0x13, 0xf1, 0x13, 0xf1, 0x13, 0xf1, 0x13, 0xf1, 0x13, 0xf1, 0x13, 0xf1, 0x13, 0xf1, 0x13, 0xf1,
    0x13, 0xf1, 0x13, 0xf1, 0x13, 0xf1, 0x13, 0xf1, 0x13, 0xf1, 0x13, 0xf1, 0x13, 0xf1, 0x13, 0xf1,
    0x13, 0xf1, 0x13, 0xf1, 0x13, 0xf1, 0x13, 0xf1, 0x13, 0xf1, 0x13, 0xf1, 0x13, 0xf1, 0x13, 0xf1,
    0x13, 0xf1, 0x13, 0xf1, 0x13, 0xf1, 0x13, 0xf1, 0x13, 0xf1, 0x13, 0xf1, 0x13, 0xf1, 0x13, 0xf1,
    0x13, 0xf1, 0x13, 0xf1, 0x13, 0xf1, 0x13, 0xf1, 0x13, 0xf1, 0x02, 0xf1, 0x02, 0xf1, 0x02, 0xf1,
    0x02, 0xf1, 0x02, 0xf1, 0x02, 0xf1, 0x02, 0xf1, 0x13, 0xf1, 0x13, 0xf1, 0x13, 0xf1, 0x13, 0xf1,
    0x13, 0xf1, 0x12, 0xf1, 0x02, 0xf1, 0x02, 0xf1, 0x13, 0xf1, 0x13, 0xf1, 0x13, 0xf1, 0x03, 0xf1,
    0x13, 0xf1, 0x13, 0xf1, 0x13, 0xf1, 0x13, 0xf1, 0x13, 0xf1, 0x13, 0xf1, 0x13, 0xf1, 0x13, 0xf1,
    0x13, 0xf1, 0x13, 0xf1, 0x13, 0xf1, 0x13, 0xf1, 0x13, 0xf1, 0x13, 0xf1, 0x13, 0xf1, 0x13, 0xf1,
    0x13, 0xf1, 0x13, 0xf1, 0x35, 0xf2, 0x13, 0xf1, 0x13, 0xf1, 0x13, 0xf1, 0x13, 0xf1, 0x13, 0xf1,
    0x13, 0xf1, 0x13, 0xf1, 0x13, 0xf1, 0x13, 0xf1, 0x13, 0xf1, 0x13, 0xf1, 0x13, 0xf1, 0x13, 0xf1,
    0x13, 0xf1, 0x13, 0xf1, 0x13, 0xf1, 0x13, 0xf1, 0x13, 0xf1, 0x13, 0xf1, 0x13, 0xf1, 0x13, 0xf1,
    0x13, 0xf1, 0x13, 0xf1, 0x13, 0xf1, 0x13, 0xf1, 0x13, 0xf1, 0x13, 0xf1, 0x13, 0xf1, 0x13, 0xf1,
    0x13, 0xf1, 0x13, 0xf1, 0x13, 0xf1, 0x13, 0xf1, 0x13, 0xf1, 0x13, 0xf1, 0x13, 0xf1, 0x03, 0xf1,
    0x12, 0xf1, 0x13, 0xf1, 0x03, 0xf1, 0x12, 0xf1, 0x13, 0xf1, 0x13, 0xf1, 0x03, 0xf1, 0x13, 0xf1,
    0x02, 0xf1, 0x03, 0xf1, 0x02, 0xf1, 0x02, 0xf1, 0x02, 0xf1, 0x02, 0xf1, 0x02, 0xf1, 0x02, 0xf1,
    0x02, 0xf1, 0x12, 0xf1, 0x13, 0xf1, 0x12, 0xf1, 0x02, 0xf1, 0x02, 0xf1, 0x12, 0xf1, 0x02, 0xf1,
    0x02, 0xf1, 0x13, 0xf1, 0x12, 0xf1, 0x13, 0xf1, 0x13, 0xf1, 0x13, 0xf1, 0x02, 0xf1, 0x02, 0xf1,
    0x02, 0xf1, 0x12, 0xf1, 0x02, 0xf1, 0x02, 0xf1, 0x02, 0xf1, 0x02, 0xf1, 0x02, 0xf1, 0x02, 0xf1,
    0x02, 0xf1, 0x02, 0xf1, 0x02, 0xf1, 0x02, 0xf1, 0x02, 0xf1, 0x02, 0xf1, 0x02, 0xf1, 0x02, 0xf1,
    0x02, 0xf1, 0x13, 0xf1, 0x46, 0xf2, 0x46, 0xf2, 0x13, 0xf1, 0x02, 0xf1, 0x02, 0xf1, 0x02, 0xf1,
    0x02, 0xf1, 0x02, 0xf1, 0x02, 0xf1, 0x02, 0xf1, 0x02, 0xf1, 0x02, 0xf1, 0x02, 0xf1, 0x02, 0xf1,
    0x02, 0xf1, 0x02, 0xf1, 0x02, 0xf1, 0x02, 0xf1, 0x02, 0xf1, 0x02, 0xf1, 0x02, 0xf1, 0x02, 0xf1,
    0x13, 0xf1, 0x13, 0xf1, 0x13, 0xf1, 0x13, 0xf1, 0x13, 0xf1, 0x13, 0xf1, 0x13, 0xf1, 0x13, 0xf1,
    0x13, 0xf1, 0x13, 0xf1, 0x13, 0xf1, 0x13, 0xf1, 0x13, 0xf1, 0x14, 0xf2, 0x13, 0xf1, 0x13, 0xf1,
    0x13, 0xf1, 0x13, 0xf1, 0x13, 0xf1, 0x14, 0xf2, 0x14, 0xf2, 0x14, 0xf2, 0x24, 0xf2, 0x14, 0xf2,
    0x24, 0xf2, 0x14, 0xf2, 0x14, 0xf2, 0x14, 0xf1, 0x13, 0xf1, 0x13, 0xf1, 0x13, 0xf1, 0x14, 0xf1,
    0x14, 0xf2, 0x14, 0xf2, 0x14, 0xf2, 0x14, 0xf2, 0x14, 0xf2, 0x14, 0xf2, 0x14, 0xf1, 0x14, 0xf2,
    0x14, 0xf2, 0x14, 0xf2, 0x13, 0xf1, 0x13, 0xf1, 0x13, 0xf1, 0x14, 0xf2, 0x14, 0xf2, 0x14, 0xf2,
    0x13, 0xf1, 0x13, 0xf1, 0x13, 0xf1, 0x13, 0xf1, 0x13, 0xf1, 0x13, 0xf1, 0x13, 0xf1, 0x13, 0xf1,
    0x13, 0xf1, 0x13, 0xf1, 0x13, 0xf1, 0x13, 0xf1, 0x13, 0xf1, 0x13, 0xf1, 0x13, 0xf1, 0x13, 0xf1,
    0x13, 0xf1, 0x13, 0xf1, 0x13, 0xf1, 0x13, 0xf1, 0x13, 0xf1, 0x13, 0xf1, 0x13, 0xf1, 0x13, 0xf1,
    0x13, 0xf1, 0x13, 0xf1, 0x13, 0xf2, 0x24, 0xf2, 0x13, 0xf1, 0x13, 0xf1, 0x13, 0xf1, 0x13, 0xf1,
    0x13, 0xf1, 0x13, 0xf1, 0x13, 0xf1, 0x13, 0xf1, 0x13, 0xf1, 0x13, 0xf1, 0x13, 0xf1, 0x13, 0xf1,
    0x13, 0xf1, 0x13, 0xf1, 0x13, 0xf1, 0x13, 0xf1, 0x13, 0xf1, 0x12, 0xf1, 0x02, 0xf1, 0x03, 0xf1,
    0x13, 0xf1, 0x13, 0xf1, 0x03, 0xf1, 0x12, 0xf1, 0x13, 0xf1, 0x24, 0xf2, 0x35, 0xf2, 0x13, 0xf1,
    0x12, 0xf1, 0x02, 0xf1, 0x02, 0xf1, 0x13, 0xf1, 0x13, 0xf1, 0x13, 0xf1, 0x13, 0xf1, 0x13, 0xf1,
    0x13, 0xf1, 0x13, 0xf1, 0x13, 0xf1, 0x03, 0xf1, 0x13, 0xf1, 0x13, 0xf1, 0x13, 0xf1, 0x13, 0xf1,
    0x13, 0xf1, 0x13, 0xf1, 0x13, 0xf1, 0x13, 0xf1, 0x13, 0xf1, 0x13, 0xf1, 0x13, 0xf1, 0x13, 0xf1,
    0x13, 0xf1, 0x13, 0xf1, 0x14, 0xf1, 0x13, 0xf1, 0x13, 0xf1, 0x13, 0xf1, 0x13, 0xf1, 0x13, 0xf1,
    0x13, 0xf1, 0x13, 0xf1, 0x13, 0xf1, 0x13, 0xf1, 0x13, 0xf1, 0x13, 0xf1, 0x13, 0xf1, 0x13, 0xf1,
    0x13, 0xf1, 0x13, 0xf1, 0x13, 0xf1, 0x13, 0xf1, 0x13, 0xf1, 0x13, 0xf1, 0x13, 0xf1, 0x13, 0xf1,
    0x13, 0xf1, 0x13, 0xf1, 0x13, 0xf1, 0x13, 0xf1, 0x13, 0xf1, 0x13, 0xf1, 0x13, 0xf1, 0x13, 0xf1,
    0x13, 0xf1, 0x13, 0xf1, 0x13, 0xf1, 0x13, 0xf1, 0x13, 0xf1, 0x13, 0xf1, 0x02, 0xf1, 0x02, 0xf1,
    0x02, 0xf1, 0x03, 0xf1, 0x13, 0xf1, 0x13, 0xf1, 0x13, 0xf1, 0x13, 0xf1, 0x13, 0xf1, 0x13, 0xf1,
    0x13, 0xf1, 0x13, 0xf1, 0x13, 0xf1, 0x02, 0xf1, 0x12, 0xf1, 0x12, 0xf1, 0x02, 0xf1, 0x02, 0xf1,
    0x12, 0xf1, 0x13, 0xf1, 0x12, 0xf1, 0x02, 0xf1, 0x02, 0xf1, 0x02, 0xf1, 0x02, 0xf1, 0x02, 0xf1,
    0x13, 0xf1, 0x13, 0xf1, 0x02, 0xf1, 0x13, 0xf1, 0x13, 0xf1, 0x02, 0xf1, 0x02, 0xf1, 0x02, 0xf1,
    0x02, 0xf1, 0x02, 0xf1, 0x02, 0xf1, 0x02, 0xf1, 0x02, 0xf1, 0x02, 0xf1, 0x02, 0xf1, 0x02, 0xf1,
    0x02, 0xf1, 0x02, 0xf1, 0x02, 0xf1, 0x02, 0xf1, 0x02, 0xf1, 0x02, 0xf1, 0x02, 0xf1, 0x02, 0xf1,
    0x02, 0xf1, 0x13, 0xf1, 0x78, 0xf4, 0x68, 0xf3, 0x13, 0xf1, 0x02, 0xf1, 0x02, 0xf1, 0x02, 0xf1,
    0x02, 0xf1, 0x02, 0xf1, 0x02, 0xf1, 0x02, 0xf1, 0x02, 0xf1, 0x02, 0xf1, 0x02, 0xf1, 0x02, 0xf1,
    0x02, 0xf1, 0x02, 0xf1, 0x02, 0xf1, 0x02, 0xf1, 0x02, 0xf1, 0x02, 0xf1, 0x02, 0xf1, 0x02, 0xf1,
    0x13, 0xf1, 0x13, 0xf1, 0x13, 0xf1, 0x13, 0xf1, 0x13, 0xf1, 0x13, 0xf1, 0x14, 0xf2, 0x14, 0xf2,
    0x13, 0xf1, 0x13, 0xf1, 0x12, 0xf1, 0x13, 0xf1, 0x13, 0xf1, 0x13, 0xf1, 0x13, 0xf1, 0x13, 0xf1,
    0x13, 0xf1, 0x13, 0xf1, 0x13, 0xf1, 0x14, 0xf2, 0x14, 0xf1, 0x14, 0xf2, 0x14, 0xf2, 0x14, 0xf2,
    0x14, 0xf2, 0x14, 0xf2, 0x14, 0xf2, 0x14, 0xf1, 0x13, 0xf1, 0x13, 0xf1, 0x13, 0xf1, 0x14, 0xf1,
    0x14, 0xf2, 0x14, 0xf2, 0x14, 0xf2, 0x14, 0xf2, 0x25, 0xf2, 0x24, 0xf2, 0x14, 0xf2, 0x14, 0xf2,
    0x14, 0xf2, 0x14, 0xf2, 0x14, 0xf2, 0x14, 0xf2, 0x14, 0xf2, 0x14, 0xf2, 0x14, 0xf2, 0x24, 0xf2,
    0x14, 0xf2, 0x14, 0xf2, 0x13, 0xf1, 0x13, 0xf1, 0x14, 0xf1, 0x13, 0xf2, 0x13, 0xf1, 0x13, 0xf1,
    0x13, 0xf1, 0x13, 0xf1, 0x13, 0xf1, 0x13, 0xf1, 0x13, 0xf1, 0x13, 0xf1, 0x13, 0xf1, 0x13, 0xf1,
    0x13, 0xf1, 0x13, 0xf1, 0x13, 0xf1, 0x13, 0xf1, 0x13, 0xf1, 0x13, 0xf1, 0x13, 0xf1, 0x13, 0xf1,
    0x13, 0xf1, 0x13, 0xf1, 0x13, 0xf1, 0x13, 0xf1, 0x13, 0xf1, 0x13, 0xf1, 0x13, 0xf1, 0x13, 0xf1,
    0x13, 0xf1, 0x13, 0xf1, 0x13, 0xf1, 0x13, 0xf1, 0x13, 0xf1, 0x13, 0xf1, 0x13, 0xf1, 0x13, 0xf1,
    0x13, 0xf1, 0x13, 0xf1, 0x13, 0xf1, 0x13, 0xf1, 0x13, 0xf1, 0x13, 0xf1, 0x13, 0xf1, 0x13, 0xf1,
    0x13, 0xf1, 0x13, 0xf1, 0x13, 0xf1, 0x13, 0xf1, 0x13, 0xf1, 0x13, 0xf2, 0x24, 0xf2, 0x13, 0xf1,
    0x13, 0xf1, 0x13, 0xf1, 0x02, 0xf1, 0x03, 0xf1, 0x13, 0xf1, 0x13, 0xf1, 0x03, 0xf1, 0x13, 0xf1,
    0x13, 0xf1, 0x13, 0xf1, 0x13, 0xf1, 0x13, 0xf1, 0x13, 0xf1, 0x13, 0xf1, 0x13, 0xf1, 0x13, 0xf1,
    0x13, 0xf1, 0x13, 0xf1, 0x13, 0xf1, 0x13, 0xf1, 0x14, 0xf2, 0x14, 0xf2, 0x13, 0xf1, 0x13, 0xf1,
    0x13, 0xf1, 0x13, 0xf1, 0x13, 0xf1, 0x13, 0xf1, 0x13, 0xf1, 0x13, 0xf1, 0x13, 0xf1, 0x13, 0xf1,
    0x13, 0xf1, 0x13, 0xf1, 0x13, 0xf1, 0x13, 0xf1, 0x13, 0xf1, 0x13, 0xf1, 0x13, 0xf1, 0x13, 0xf1,
    0x13, 0xf1, 0x13, 0xf1, 0x13, 0xf1, 0x13, 0xf1, 0x13, 0xf1, 0x13, 0xf1, 0x13, 0xf1, 0x13, 0xf1,
    0x13, 0xf1, 0x13, 0xf1, 0x13, 0xf1, 0x03, 0xf1, 0x13, 0xf1, 0x13, 0xf1, 0x13, 0xf1, 0x13, 0xf1,
    0x13, 0xf1, 0x13, 0xf1, 0x13, 0xf1, 0x13, 0xf1, 0x13, 0xf1, 0x13, 0xf1, 0x02, 0xf1, 0x13, 0xf1,
    0x13, 0xf1, 0x13, 0xf1, 0x02, 0xf1, 0x12, 0xf1, 0x13, 0xf1, 0x13, 0xf1, 0x12, 0xf1, 0x03, 0xf1,
    0x02, 0xf1, 0x02, 0xf1, 0x02, 0xf1, 0x12, 0xf1, 0x12, 0xf1, 0x12, 0xf1, 0x02, 0xf1, 0x02, 0xf1,
    0x02, 0xf1, 0x12, 0xf1, 0x02, 0xf1, 0x02, 0xf1, 0x02, 0xf1, 0x02, 0xf1, 0x02, 0xf1, 0x13, 0xf1,
    0x13, 0xf1, 0x12, 0xf1, 0x02, 0xf1, 0x02, 0xf1, 0x02, 0xf1, 0x02, 0xf1, 0x02, 0xf1, 0x02, 0xf1,
    0x02, 0xf1, 0x13, 0xf1, 0x13, 0xf2, 0x02, 0xf1, 0x02, 0xf1, 0x02, 0xf1, 0x02, 0xf1, 0x02, 0xf1,
    0x02, 0xf1, 0x02, 0xf1, 0x02, 0xf1, 0x02, 0xf1, 0x02, 0xf1, 0x02, 0xf1, 0x02, 0xf1, 0x02, 0xf1,
    0x02, 0xf1, 0x12, 0xf1, 0x23, 0xf2, 0x23, 0xf2, 0x12, 0xf1, 0x02, 0xf1, 0x02, 0xf1, 0x02, 0xf1,
    0x02, 0xf1, 0x02, 0xf1, 0x02, 0xf1, 0x02, 0xf1, 0x02, 0xf1, 0x02, 0xf1, 0x02, 0xf1, 0x02, 0xf1,
    0x02, 0xf1, 0x02, 0xf1, 0x02, 0xf1, 0x02, 0xf1, 0x02, 0xf1, 0x02, 0xf1, 0x02, 0xf1, 0x02, 0xf1,
    0x13, 0xf1, 0x13, 0xf1, 0x13, 0xf1, 0x13, 0xf1, 0x13, 0xf1, 0x14, 0xf2, 0x14, 0xf2, 0x35, 0xf2,
    0x13, 0xf1, 0x13, 0xf1, 0x13, 0xf1, 0x13, 0xf1, 0x13, 0xf1, 0x13, 0xf1, 0x13, 0xf1, 0x13, 0xf1,
    0x13, 0xf1, 0x13, 0xf1, 0x13, 0xf1, 0x13, 0xf1, 0x14, 0xf1, 0x13, 0xf1, 0x13, 0xf1, 0x13, 0xf1,
    0x14, 0xf2, 0x14, 0xf2, 0x14, 0xf2, 0x13, 0xf1, 0x13, 0xf1, 0x13, 0xf1, 0x13, 0xf1, 0x14, 0xf2,
    0x14, 0xf2, 0x14, 0xf2, 0x14, 0xf2, 0x14, 0xf2, 0x14, 0xf2, 0x14, 0xf2, 0x24, 0xf2, 0x14, 0xf2,
    0x24, 0xf2, 0x25, 0xf2, 0x14, 0xf2, 0x14, 0xf2, 0x14, 0xf2, 0x24, 0xf2, 0x14, 0xf2, 0x14, 0xf2,
    0x14, 0xf1, 0x14, 0xf1, 0x14, 0xf2, 0x14, 0xf2, 0x24, 0xf2, 0x14, 0xf2, 0x14, 0xf2, 0x13, 0xf1,
    0x13, 0xf1, 0x13, 0xf1, 0x13, 0xf1, 0x13, 0xf1, 0x13, 0xf1, 0x13, 0xf1, 0x13, 0xf1, 0x13, 0xf1,
    0x13, 0xf1, 0x13, 0xf1, 0x13, 0xf1, 0x13, 0xf1, 0x13, 0xf1, 0x13, 0xf1, 0x13, 0xf1, 0x13, 0xf1,
    0x13, 0xf1, 0x13, 0xf1, 0x13, 0xf1, 0x13, 0xf1, 0x13, 0xf1, 0x14, 0xf2, 0x13, 0xf1, 0x13, 0xf1,
    0x13, 0xf1, 0x13, 0xf1, 0x13, 0xf1, 0x13, 0xf1, 0x13, 0xf1, 0x13, 0xf1, 0x13, 0xf1, 0x13, 0xf1,
    0x13, 0xf1, 0x13, 0xf1, 0x13, 0xf1, 0x13, 0xf1, 0x13, 0xf1, 0x13, 0xf1, 0x13, 0xf1, 0x13, 0xf1,
    0x13, 0xf1, 0x13, 0xf1, 0x13, 0xf1, 0x13, 0xf1, 0x13, 0xf1, 0x13, 0xf1, 0x13, 0xf1, 0x13, 0xf1,
    0x13, 0xf1, 0x13, 0xf1, 0x02, 0xf1, 0x02, 0xf1, 0x13, 0xf1, 0x13, 0xf1, 0x13, 0xf1, 0x13, 0xf1,
    0x13, 0xf1, 0x13, 0xf1, 0x13, 0xf1, 0x13, 0xf1, 0x13, 0xf1, 0x13, 0xf1, 0x13, 0xf1, 0x13, 0xf1,
    0x13, 0xf2, 0x13, 0xf1, 0x13, 0xf1, 0x13, 0xf1, 0x13, 0xf1, 0x14, 0xf1, 0x13, 0xf1, 0x13, 0xf1,
    0x13, 0xf1, 0x13, 0xf1, 0x13, 0xf1, 0x13, 0xf1, 0x13, 0xf1, 0x13, 0xf1, 0x13, 0xf1, 0x13, 0xf1,
    0x13, 0xf1, 0x13, 0xf1, 0x13, 0xf1, 0x13, 0xf1, 0x13, 0xf1, 0x13, 0xf1, 0x35, 0xf2, 0x24, 0xf2,
    0x13, 0xf1, 0x13, 0xf1, 0x13, 0xf1, 0x13, 0xf1, 0x13, 0xf1, 0x13, 0xf1, 0x13, 0xf1, 0x13, 0xf1,
    0x13, 0xf1, 0x14, 0xf2, 0x13, 0xf1, 0x24, 0xf2, 0x13, 0xf1, 0x13, 0xf1, 0x13, 0xf1, 0x13, 0xf1,
    0x13, 0xf1, 0x02, 0xf1, 0x12, 0xf1, 0x13, 0xf1, 0x03, 0xf1, 0x13, 0xf1, 0x13, 0xf1, 0x13, 0xf1,
    0x13, 0xf1, 0x13, 0xf1, 0x13, 0xf1, 0x02, 0xf1, 0x13, 0xf1, 0x13, 0xf1, 0x13, 0xf1, 0x13, 0xf1,
    0x02, 0xf1, 0x02, 0xf1, 0x02, 0xf1, 0x02, 0xf1, 0x12, 0xf1, 0x12, 0xf1, 0x12, 0xf1, 0x02, 0xf1,
    0x12, 0xf1, 0x12, 0xf1, 0x12, 0xf1, 0x02, 0xf1, 0x12, 0xf1, 0x02, 0xf1, 0x12, 0xf1, 0x13, 0xf1,
    0x02, 0xf1, 0x02, 0xf1, 0x02, 0xf1, 0x02, 0xf1, 0x02, 0xf1, 0x12, 0xf1, 0x02, 0xf1, 0x02, 0xf1,
    0x02, 0xf1, 0x13, 0xf1, 0x24, 0xf2, 0x02, 0xf1, 0x02, 0xf1, 0x02, 0xf1, 0x02, 0xf1, 0x02, 0xf1,
    0x13, 0xf1, 0x24, 0xf2, 0x02, 0xf1, 0x02, 0xf1, 0x02, 0xf1, 0x02, 0xf1, 0x02, 0xf1, 0x02, 0xf1,
    0x02, 0xf1, 0x02, 0xf1, 0x02, 0xf1, 0x12, 0xf1, 0x02, 0xf1, 0x02, 0xf1, 0x02, 0xf1, 0x02, 0xf1,
    0x02, 0xf1, 0x02, 0xf1, 0x02, 0xf1, 0x02, 0xf1, 0x02, 0xf1, 0x02, 0xf1, 0x02, 0xf1, 0x02, 0xf1,
    0x02, 0xf1, 0x02, 0xf1, 0x02, 0xf1, 0x02, 0xf1, 0x02, 0xf1, 0x02, 0xf1, 0x02, 0xf1, 0x02, 0xf1,
    0x14, 0xf2, 0x14, 0xf2, 0x14, 0xf2, 0x13, 0xf1, 0x14, 0xf2, 0x14, 0xf2, 0x13, 0xf1, 0x13, 0xf1,
    0x13, 0xf1, 0x13, 0xf1, 0x13, 0xf1, 0x13, 0xf1, 0x13, 0xf1, 0x14, 0xf1, 0x13, 0xf1, 0x13, 0xf1,
    0x13, 0xf1, 0x13, 0xf1, 0x13, 0xf1, 0x13, 0xf1, 0x14, 0xf2, 0x13, 0xf1, 0x13, 0xf1, 0x14, 0xf1,
    0x14, 0xf2, 0x14, 0xf2, 0x14, 0xf2, 0x14, 0xf1, 0x13, 0xf1, 0x13, 0xf1, 0x13, 0xf1, 0x14, 0xf2,
    0x14, 0xf2, 0x14, 0xf2, 0x14, 0xf1, 0x14, 0xf2, 0x14, 0xf2, 0x13, 0xf1, 0x14, 0xf2, 0x14, 0xf2,
    0x14, 0xf2, 0x24, 0xf2, 0x14, 0xf2, 0x14, 0xf2, 0x14, 0xf2, 0x14, 0xf2, 0x14, 0xf2, 0x14, 0xf2,
    0x13, 0xf1, 0x13, 0xf1, 0x13, 0xf1, 0x14, 0xf2, 0x35, 0xf2, 0x14, 0xf2, 0x13, 0xf1, 0x13, 0xf1,
    0x13, 0xf1, 0x13, 0xf1, 0x13, 0xf1, 0x13, 0xf1, 0x13, 0xf1, 0x13, 0xf1, 0x03, 0xf1, 0x13, 0xf1,
    0x13, 0xf1, 0x13, 0xf1, 0x13, 0xf1, 0x13, 0xf1, 0x14, 0xf2, 0x13, 0xf1, 0x13, 0xf1, 0x13, 0xf1,
    0x13, 0xf1, 0x13, 0xf1, 0x13, 0xf1, 0x13, 0xf1, 0x13, 0xf1, 0x13, 0xf1, 0x13, 0xf1, 0x13, 0xf1,
    0x13, 0xf1, 0x13, 0xf1, 0x13, 0xf1, 0x13, 0xf1, 0x13, 0xf1, 0x13, 0xf1, 0x13, 0xf1, 0x13, 0xf1,
    0x13, 0xf1, 0x13, 0xf1, 0x13, 0xf1, 0x13, 0xf1, 0x13, 0xf1, 0x13, 0xf1, 0x13, 0xf1, 0x13, 0xf1,
    0x13, 0xf1, 0x13, 0xf1, 0x13, 0xf1, 0x13, 0xf1, 0x12, 0xf1, 0x13, 0xf1, 0x13, 0xf1, 0x13, 0xf1,
    0x13, 0xf1, 0x13, 0xf1, 0x13, 0xf1, 0x13, 0xf1, 0x13, 0xf1, 0x13, 0xf1, 0x13, 0xf1, 0x13, 0xf1,
    0x13, 0xf1, 0x13, 0xf1, 0x13, 0xf1, 0x13, 0xf1, 0x13, 0xf1, 0x13, 0xf1, 0x13, 0xf1, 0x13, 0xf1,
    0x13, 0xf1, 0x13, 0xf1, 0x13, 0xf1, 0x13, 0xf1, 0x13, 0xf1, 0x13, 0xf1, 0x14, 0xf1, 0x13, 0xf1,
    0x13, 0xf1, 0x13, 0xf1, 0x13, 0xf1, 0x13, 0xf1, 0x13, 0xf1, 0x13, 0xf1, 0x13, 0xf1, 0x02, 0xf1,
    0x13, 0xf1, 0x13, 0xf1, 0x13, 0xf1, 0x13, 0xf1, 0x13, 0xf1, 0x13, 0xf1, 0x13, 0xf1, 0x13, 0xf1,
    0x13, 0xf1, 0x13, 0xf1, 0x13, 0xf1, 0x13, 0xf1, 0x13, 0xf1, 0x13, 0xf1, 0x13, 0xf1, 0x13, 0xf1,
    0x13, 0xf1, 0x13, 0xf1, 0x13, 0xf1, 0x35, 0xf2, 0x24, 0xf2, 0x13, 0xf1, 0x13, 0xf1, 0x13, 0xf1,
    0x13, 0xf1, 0x13, 0xf1, 0x13, 0xf1, 0x02, 0xf1, 0x12, 0xf1, 0x13, 0xf1, 0x13, 0xf1, 0x13, 0xf1,
    0x13, 0xf1, 0x13, 0xf1, 0x13, 0xf1, 0x13, 0xf1, 0x13, 0xf1, 0x13, 0xf1, 0x13, 0xf1, 0x02, 0xf1,
    0x02, 0xf1, 0x02, 0xf1, 0x02, 0xf1, 0x02, 0xf1, 0x12, 0xf1, 0x12, 0xf1, 0x02, 0xf1, 0x02, 0xf1,
    0x12, 0xf1, 0x13, 0xf1, 0x12, 0xf1, 0x12, 0xf1, 0x12, 0xf1, 0x13, 0xf1, 0x02, 0xf1, 0x02, 0xf1,
    0x02, 0xf1, 0x02, 0xf1, 0x02, 0xf1, 0x02, 0xf1, 0x02, 0xf1, 0x02, 0xf1, 0x02, 0xf1, 0x12, 0xf1,
    0x02, 0xf1, 0x02, 0xf1, 0x02, 0xf1, 0x02, 0xf1, 0x02, 0xf1, 0x02, 0xf1, 0x02, 0xf1, 0x02, 0xf1,
    0x02, 0xf1, 0x13, 0xf1, 0x02, 0xf1, 0x02, 0xf1, 0x12, 0xf1, 0x02, 0xf1, 0x02, 0xf1, 0x02, 0xf1,
    0x02, 0xf1, 0x02, 0xf1, 0x02, 0xf1, 0x02, 0xf1, 0x02, 0xf1, 0x02, 0xf1, 0x02, 0xf1, 0x02, 0xf1,
    0x02, 0xf1, 0x02, 0xf1, 0x02, 0xf1, 0x02, 0xf1, 0x02, 0xf1, 0x02, 0xf1, 0x02, 0xf1, 0x02, 0xf1,
    0x02, 0xf1, 0x02, 0xf1, 0x02, 0xf1, 0x02, 0xf1, 0x02, 0xf1, 0x02, 0xf1, 0x02, 0xf1, 0x02, 0xf1,
    0x14, 0xf2, 0x14, 0xf2, 0x14, 0xf2, 0x14, 0xf2, 0x14, 0xf2, 0x13, 0xf1, 0x13, 0xf1, 0x24, 0xf2,
    0x25, 0xf2, 0x13, 0xf1, 0x13, 0xf1, 0x13, 0xf1, 0x13, 0xf1, 0x13, 0xf1, 0x13, 0xf1, 0x13, 0xf1,
    0x13, 0xf1, 0x13, 0xf1, 0x13, 0xf1, 0x13, 0xf1, 0x13, 0xf1, 0x13, 0xf1, 0x13, 0xf1, 0x14, 0xf2,
    0x14, 0xf2, 0x14, 0xf2, 0x14, 0xf1, 0x14, 0xf2, 0x14, 0xf1, 0x13, 0xf1, 0x13, 0xf1, 0x13, 0xf1,
    0x13, 0xf1, 0x13, 0xf1, 0x13, 0xf1, 0x13, 0xf1, 0x14, 0xf2, 0x14, 0xf2, 0x14, 0xf2, 0x14, 0xf2,
    0x14, 0xf2, 0x14, 0xf2, 0x14, 0xf2, 0x14, 0xf2, 0x14, 0xf2, 0x14, 0xf2, 0x14, 0xf2, 0x13, 0xf1,
    0x13, 0xf1, 0x13, 0xf1, 0x13, 0xf1, 0x13, 0xf1, 0x24, 0xf2, 0x13, 0xf1, 0x13, 0xf1, 0x13, 0xf1,
    0x13, 0xf1, 0x13, 0xf1, 0x13, 0xf1, 0x13, 0xf1, 0x13, 0xf1, 0x13, 0xf1, 0x03, 0xf1, 0x13, 0xf1,
    0x13, 0xf1, 0x13, 0xf1, 0x13, 0xf1, 0x13, 0xf1, 0x13, 0xf1, 0x13, 0xf1, 0x13, 0xf1, 0x13, 0xf1,
    0x13, 0xf1, 0x13, 0xf1, 0x13, 0xf1, 0x13, 0xf1, 0x13, 0xf1, 0x13, 0xf1, 0x13, 0xf1, 0x13, 0xf1,
    0x13, 0xf1, 0x13, 0xf1, 0x13, 0xf1, 0x13, 0xf1, 0x13, 0xf1, 0x13, 0xf1, 0x13, 0xf1, 0x13, 0xf1,
    0x13, 0xf1, 0x13, 0xf1, 0x13, 0xf1, 0x13, 0xf1, 0x13, 0xf1, 0x13, 0xf1, 0x13, 0xf1, 0x13, 0xf1,
    0x13, 0xf1, 0x12, 0xf1, 0x13, 0xf1, 0x13, 0xf1, 0x13, 0xf1, 0x13, 0xf1, 0x13, 0xf1, 0x13, 0xf1,
    0x13, 0xf1, 0x13, 0xf1, 0x13, 0xf1, 0x13, 0xf1, 0x13, 0xf1, 0x13, 0xf1, 0x13, 0xf1, 0x13, 0xf1,
    0x13, 0xf1, 0x13, 0xf1, 0x13, 0xf1, 0x13, 0xf1, 0x13, 0xf1, 0x13, 0xf1, 0x13, 0xf1, 0x13, 0xf1,
    0x13, 0xf1, 0x13, 0xf1, 0x13, 0xf1, 0x13, 0xf1, 0x13, 0xf1, 0x13, 0xf1, 0x13, 0xf1, 0x13, 0xf1,
    0x13, 0xf1, 0x13, 0xf1, 0x13, 0xf1, 0x13, 0xf1, 0x13, 0xf1, 0x13, 0xf1, 0x03, 0xf1, 0x02, 0xf1,
    0x13, 0xf1, 0x13, 0xf1, 0x13, 0xf1, 0x13, 0xf1, 0x13, 0xf1, 0x13, 0xf1, 0x13, 0xf1, 0x13, 0xf1,
    0x13, 0xf1, 0x13, 0xf1, 0x13, 0xf1, 0x13, 0xf1, 0x13, 0xf1, 0x13, 0xf1, 0x13, 0xf1, 0x13, 0xf1,
    0x13, 0xf1, 0x13, 0xf1, 0x13, 0xf1, 0x13, 0xf1, 0x13, 0xf1, 0x13, 0xf1, 0x13, 0xf1, 0x13, 0xf1,
    0x13, 0xf1, 0x13, 0xf1, 0x24, 0xf2, 0x13, 0xf1, 0x13, 0xf1, 0x13, 0xf1, 0x13, 0xf1, 0x13, 0xf1,
    0x13, 0xf1, 0x13, 0xf1, 0x13, 0xf1, 0x13, 0xf1, 0x13, 0xf1, 0x13, 0xf1, 0x13, 0xf1, 0x13, 0xf1,
    0x12, 0xf1, 0x12, 0xf1, 0x02, 0xf1, 0x12, 0xf1, 0x12, 0xf1, 0x12, 0xf1, 0x12, 0xf1, 0x12, 0xf1,
    0x12, 0xf1, 0x02, 0xf1, 0x12, 0xf1, 0x12, 0xf1, 0x13, 0xf1, 0x13, 0xf1, 0x12, 0xf1, 0x02, 0xf1,
    0x02, 0xf1, 0x02, 0xf1, 0x02, 0xf1, 0x02, 0xf1, 0x12, 0xf1, 0x02, 0xf1, 0x02, 0xf1, 0x02, 0xf1,
    0x02, 0xf1, 0x02, 0xf1, 0x02, 0xf1, 0x02, 0xf1, 0x02, 0xf1, 0x02, 0xf1, 0x02, 0xf1, 0x02, 0xf1,
    0x02, 0xf1, 0x02, 0xf1, 0x12, 0xf1, 0x02, 0xf1, 0x02, 0xf1, 0x02, 0xf1, 0x02, 0xf1, 0x12, 0xf1,
    0x02, 0xf1, 0x02, 0xf1, 0x02, 0xf1, 0x02, 0xf1, 0x02, 0xf1, 0x02, 0xf1, 0x02, 0xf1, 0x02, 0xf1,
    0x02, 0xf1, 0x02, 0xf1, 0x02, 0xf1, 0x02, 0xf1, 0x02, 0xf1, 0x02, 0xf1, 0x02, 0xf1, 0x02, 0xf1,
    0x02, 0xf1, 0x02, 0xf1, 0x02, 0xf1, 0x02, 0xf1, 0x02, 0xf1, 0x02, 0xf1, 0x02, 0xf1, 0x02, 0xf1,
    0x14, 0xf2, 0x13, 0xf1, 0x13, 0xf1, 0x13, 0xf1, 0x13, 0xf1, 0x13, 0xf1, 0x13, 0xf1, 0x14, 0xf2,
    0x25, 0xf2, 0x13, 0xf1, 0x13, 0xf1, 0x13, 0xf1, 0x14, 0xf1, 0x14, 0xf1, 0x13, 0xf1, 0x13, 0xf1,
    0x13, 0xf1, 0x13, 0xf1, 0x13, 0xf1, 0x13, 0xf1, 0x14, 0xf2, 0x13, 0xf1, 0x14, 0xf2, 0x14, 0xf2,
    0x14, 0xf2, 0x14, 0xf2, 0x13, 0xf1, 0x14, 0xf2, 0x14, 0xf2, 0x13, 0xf1, 0x13, 0xf1, 0x13, 0xf1,
    0x13, 0xf1, 0x13, 0xf1, 0x14, 0xf2, 0x13, 0xf1, 0x14, 0xf2, 0x14, 0xf2, 0x14, 0xf2, 0x14, 0xf2,
    0x14, 0xf2, 0x14, 0xf2, 0x14, 0xf2, 0x14, 0xf2, 0x14, 0xf2, 0x25, 0xf2, 0x25, 0xf2, 0x14, 0xf2,
    0x14, 0xf2, 0x14, 0xf1, 0x14, 0xf2, 0x13, 0xf1, 0x13, 0xf1, 0x13, 0xf1, 0x13, 0xf1, 0x13, 0xf1,
    0x13, 0xf1, 0x13, 0xf1, 0x13, 0xf1, 0x13, 0xf1, 0x13, 0xf1, 0x13, 0xf1, 0x13, 0xf1, 0x13, 0xf1,
    0x13, 0xf1, 0x13, 0xf1, 0x13, 0xf1, 0x13, 0xf1, 0x13, 0xf1, 0x13, 0xf1, 0x13, 0xf1, 0x13, 0xf1,
    0x13, 0xf1, 0x13, 0xf1, 0x13, 0xf1, 0x13, 0xf1, 0x13, 0xf1, 0x13, 0xf1, 0x13, 0xf1, 0x13, 0xf1,
    0x13, 0xf1, 0x13, 0xf1, 0x13, 0xf1, 0x13, 0xf1, 0x13, 0xf1, 0x13, 0xf1, 0x13, 0xf1, 0x13, 0xf1,
    0x13, 0xf1, 0x13, 0xf1, 0x13, 0xf1, 0x13, 0xf1, 0x13, 0xf1, 0x13, 0xf1, 0x13, 0xf1, 0x13, 0xf1,
    0x13, 0xf1, 0x13, 0xf1, 0x13, 0xf1, 0x13, 0xf1, 0x13, 0xf1, 0x13, 0xf1, 0x12, 0xf1, 0x13, 0xf1,
    0x13, 0xf1, 0x13, 0xf1, 0x13, 0xf1, 0x13, 0xf1, 0x13, 0xf1, 0x13, 0xf1, 0x13, 0xf1, 0x13, 0xf1,
    0x13, 0xf1, 0x13, 0xf1, 0x13, 0xf1, 0x13, 0xf1, 0x13, 0xf1, 0x13, 0xf1, 0x13, 0xf1, 0x13, 0xf1,
    0x13, 0xf1, 0x13, 0xf1, 0x13, 0xf1, 0x13, 0xf1, 0x14, 0xf2, 0x14, 0xf2, 0x13, 0xf1, 0x13, 0xf1,
    0x13, 0xf1, 0x13, 0xf1, 0x13, 0xf1, 0x13, 0xf1, 0x13, 0xf1, 0x13, 0xf1, 0x13, 0xf1, 0x13, 0xf1,
    0x13, 0xf1, 0x13, 0xf1, 0x13, 0xf1, 0x13, 0xf1, 0x13, 0xf1, 0x13, 0xf1, 0x13, 0xf1, 0x13, 0xf1,
    0x13, 0xf1, 0x13, 0xf1, 0x13, 0xf1, 0x13, 0xf1, 0x13, 0xf1, 0x13, 0xf1, 0x13, 0xf1, 0x13, 0xf1,
    0x13, 0xf1, 0x13, 0xf1, 0x13, 0xf1, 0x13, 0xf1, 0x13, 0xf1, 0x13, 0xf1, 0x13, 0xf1, 0x13, 0xf1,
    0x13, 0xf1, 0x36, 0xf2, 0x35, 0xf2, 0x13, 0xf1, 0x13, 0xf1, 0x13, 0xf1, 0x13, 0xf1, 0x13, 0xf1,
    0x13, 0xf1, 0x13, 0xf1, 0x13, 0xf1, 0x02, 0xf1, 0x13, 0xf1, 0x13, 0xf1, 0x02, 0xf1, 0x02, 0xf1,
    0x02, 0xf1, 0x12, 0xf1, 0x02, 0xf1, 0x02, 0xf1, 0x02, 0xf1, 0x02, 0xf1, 0x12, 0xf1, 0x02, 0xf1,
    0x12, 0xf1, 0x02, 0xf1, 0x12, 0xf1, 0x12, 0xf1, 0x13, 0xf1, 0x02, 0xf1, 0x02, 0xf1, 0x02, 0xf1,
    0x02, 0xf1, 0x02, 0xf1, 0x02, 0xf1, 0x02, 0xf1, 0x02, 0xf1, 0x02, 0xf1, 0x02, 0xf1, 0x02, 0xf1,
    0x02, 0xf1, 0x02, 0xf1, 0x02, 0xf1, 0x02, 0xf1, 0x02, 0xf1, 0x02, 0xf1, 0x02, 0xf1, 0x02, 0xf1,
    0x02, 0xf1, 0x02, 0xf1, 0x02, 0xf1, 0x02, 0xf1, 0x02, 0xf1, 0x02, 0xf1, 0x02, 0xf1, 0x02, 0xf1,
    0x02, 0xf1, 0x02, 0xf1, 0x02, 0xf1, 0x02, 0xf1, 0x02, 0xf1, 0x02, 0xf1, 0x02, 0xf1, 0x02, 0xf1,
    0x02, 0xf1, 0x02, 0xf1, 0x02, 0xf1, 0x02, 0xf1, 0x02, 0xf1, 0x02, 0xf1, 0x02, 0xf1, 0x02, 0xf1,
    0x02, 0xf1, 0x02, 0xf1, 0x02, 0xf1, 0x02, 0xf1, 0x02, 0xf1, 0x02, 0xf1, 0x02, 0xf1, 0x02, 0xf1,
    0x14, 0xf2, 0x14, 0xf2, 0x13, 0xf1, 0x13, 0xf1, 0x13, 0xf1, 0x13, 0xf1, 0x13, 0xf1, 0x13, 0xf1,
    0x13, 0xf1, 0x13, 0xf1, 0x13, 0xf1, 0x13, 0xf1, 0x13, 0xf1, 0x14, 0xf1, 0x14, 0xf2, 0x13, 0xf1,
    0x13, 0xf1, 0x13, 0xf1, 0x13, 0xf1, 0x13, 0xf1, 0x14, 0xf2, 0x24, 0xf2, 0x14, 0xf2, 0x13, 0xf1,
    0x13, 0xf1, 0x13, 0xf1, 0x13, 0xf1, 0x14, 0xf1, 0x13, 0xf1, 0x13, 0xf1, 0x13, 0xf1, 0x13, 0xf1,
    0x13, 0xf1, 0x13, 0xf1, 0x14, 0xf2, 0x14, 0xf2, 0x13, 0xf1, 0x13, 0xf1, 0x13, 0xf1, 0x14, 0xf2,
    0x14, 0xf2, 0x13, 0xf1, 0x14, 0xf2, 0x14, 0xf2, 0x14, 0xf2, 0x35, 0xf2, 0x36, 0xf2, 0x14, 0xf2,
    0x14, 0xf2, 0x14, 0xf2, 0x14, 0xf2, 0x14, 0xf2, 0x14, 0xf1, 0x13, 0xf1, 0x13, 0xf1, 0x13, 0xf1,
    0x13, 0xf1, 0x13, 0xf1, 0x13, 0xf1, 0x13, 0xf1, 0x13, 0xf1, 0x13, 0xf1, 0x13, 0xf1, 0x13, 0xf1,
    0x13, 0xf1, 0x13, 0xf1, 0x13, 0xf1, 0x13, 0xf1, 0x13, 0xf1, 0x13, 0xf1, 0x13, 0xf1, 0x13, 0xf1,
    0x13, 0xf1, 0x13, 0xf1, 0x13, 0xf1, 0x13, 0xf1, 0x13, 0xf1, 0x13, 0xf1, 0x13, 0xf1, 0x13, 0xf1,
    0x13, 0xf1, 0x13, 0xf1, 0x13, 0xf1, 0x13, 0xf1, 0x13, 0xf1, 0x13, 0xf1, 0x13, 0xf1, 0x13, 0xf1,
    0x13, 0xf1, 0x13, 0xf1, 0x13, 0xf1, 0x13, 0xf1, 0x13, 0xf1, 0x13, 0xf1, 0x13, 0xf1, 0x13, 0xf1,
    0x03, 0xf1, 0x13, 0xf1, 0x13, 0xf1, 0x13, 0xf1, 0x13, 0xf1, 0x12, 0xf1, 0x12, 0xf1, 0x13, 0xf1,
    0x13, 0xf1, 0x13, 0xf1, 0x13, 0xf1, 0x13, 0xf1, 0x13, 0xf1, 0x13, 0xf1, 0x13, 0xf1, 0x13, 0xf1,
    0x13, 0xf1, 0x13, 0xf1, 0x13, 0xf1, 0x13, 0xf1, 0x13, 0xf1, 0x13, 0xf1, 0x13, 0xf1, 0x13, 0xf1,
    0x13, 0xf1, 0x13, 0xf1, 0x13, 0xf1, 0x13, 0xf1, 0x14, 0xf2, 0x13, 0xf1, 0x13, 0xf1, 0x13, 0xf1,
    0x13, 0xf1, 0x13, 0xf1, 0x13, 0xf1, 0x13, 0xf1, 0x13, 0xf1, 0x13, 0xf1, 0x13, 0xf1, 0x13, 0xf1,
    0x13, 0xf1, 0x13, 0xf1, 0x13, 0xf1, 0x13, 0xf1, 0x13, 0xf1, 0x13, 0xf1, 0x13, 0xf1, 0x13, 0xf1,
    0x13, 0xf1, 0x13, 0xf1, 0x13, 0xf1, 0x13, 0xf1, 0x13, 0xf1, 0x13, 0xf1, 0x13, 0xf1, 0x13, 0xf1,
    0x13, 0xf1, 0x13, 0xf1, 0x13, 0xf1, 0x13, 0xf1, 0x13, 0xf1, 0x13, 0xf1, 0x13, 0xf1, 0x13, 0xf1,
    0x13, 0xf1, 0x35, 0xf2, 0x35, 0xf2, 0x12, 0xf1, 0x12, 0xf1, 0x13, 0xf1, 0x13, 0xf1, 0x13, 0xf1,
    0x13, 0xf1, 0x13, 0xf1, 0x13, 0xf1, 0x02, 0xf1, 0x13, 0xf1, 0x13, 0xf1, 0x02, 0xf1, 0x12, 0xf1,
    0x12, 0xf1, 0x02, 0xf1, 0x12, 0xf1, 0x02, 0xf1, 0x02, 0xf1, 0x12, 0xf1, 0x12, 0xf1, 0x12, 0xf1,
    0x12, 0xf1, 0x12, 0xf1, 0x12, 0xf1, 0x12, 0xf1, 0x13, 0xf1, 0x02, 0xf1, 0x02, 0xf1, 0x02, 0xf1,
    0x02, 0xf1, 0x02, 0xf1, 0x02, 0xf1, 0x02, 0xf1, 0x02, 0xf1, 0x02, 0xf1, 0x02, 0xf1, 0x02, 0xf1,
    0x12, 0xf1, 0x12, 0xf1, 0x02, 0xf1, 0x02, 0xf1, 0x02, 0xf1, 0x02, 0xf1, 0x02, 0xf1, 0x02, 0xf1,
    0x13, 0xf1, 0x13, 0xf1, 0x12, 0xf1, 0x02, 0xf1, 0x02, 0xf1, 0x02, 0xf1, 0x02, 0xf1, 0x02, 0xf1,
    0x02, 0xf1, 0x02, 0xf1, 0x02, 0xf1, 0x02, 0xf1, 0x02, 0xf1, 0x02, 0xf1, 0x02, 0xf1, 0x02, 0xf1,
    0x02, 0xf1, 0x02, 0xf1, 0x02, 0xf1, 0x02, 0xf1, 0x02, 0xf1, 0x02, 0xf1, 0x02, 0xf1, 0x02, 0xf1,
    0x02, 0xf1, 0x02, 0xf1, 0x02, 0xf1, 0x02, 0xf1, 0x02, 0xf1, 0x02, 0xf1, 0x02, 0xf1, 0x02, 0xf1,
    0x14, 0xf2, 0x14, 0xf2, 0x13, 0xf1, 0x13, 0xf1, 0x13, 0xf1, 0x13, 0xf1, 0x13, 0xf1, 0x13, 0xf1,
    0x13, 0xf1, 0x13, 0xf1, 0x13, 0xf1, 0x13, 0xf1, 0x14, 0xf1, 0x14, 0xf1, 0x14, 0xf1, 0x13, 0xf1,
    0x13, 0xf1, 0x13, 0xf1, 0x13, 0xf1, 0x14, 0xf2, 0x14, 0xf2, 0x14, 0xf2, 0x13, 0xf1, 0x14, 0xf2,
    0x14, 0xf2, 0x13, 0xf1, 0x13, 0xf1, 0x13, 0xf1, 0x13, 0xf1, 0x13, 0xf1, 0x13, 0xf1, 0x14, 0xf1,
    0x13, 0xf1, 0x13, 0xf1, 0x13, 0xf1, 0x13, 0xf1, 0x14, 0xf2, 0x14, 0xf2, 0x13, 0xf1, 0x14, 0xf2,
    0x14, 0xf1, 0x13, 0xf1, 0x13, 0xf1, 0x13, 0xf1, 0x13, 0xf1, 0x14, 0xf2, 0x14, 0xf2, 0x14, 0xf2,
    0x14, 0xf2, 0x14, 0xf2, 0x14, 0xf2, 0x14, 0xf2, 0x14, 0xf1, 0x13, 0xf1, 0x13, 0xf1, 0x13, 0xf1,
    0x13, 0xf1, 0x14, 0xf1, 0x13, 0xf1, 0x13, 0xf1, 0x13, 0xf1, 0x13, 0xf1, 0x13, 0xf1, 0x13, 0xf1,
    0x13, 0xf1, 0x13, 0xf1, 0x13, 0xf1, 0x13, 0xf1, 0x13, 0xf1, 0x13, 0xf1, 0x13, 0xf1, 0x13, 0xf1,
    0x13, 0xf1, 0x13, 0xf1, 0x13, 0xf1, 0x13, 0xf1, 0x13, 0xf1, 0x13, 0xf1, 0x13, 0xf1, 0x13, 0xf1,
    0x13, 0xf1, 0x13, 0xf1, 0x13, 0xf1, 0x13, 0xf1, 0x13, 0xf1, 0x13, 0xf1, 0x13, 0xf1, 0x13, 0xf1,
    0x13, 0xf1, 0x13, 0xf1, 0x13, 0xf1, 0x13, 0xf1, 0x13, 0xf1, 0x13, 0xf1, 0x13, 0xf1, 0x13, 0xf1,
    0x13, 0xf1, 0x13, 0xf1, 0x13, 0xf1, 0x12, 0xf1, 0x12, 0xf1, 0x12, 0xf1, 0x13, 0xf1, 0x24, 0xf2,
    0x13, 0xf1, 0x13, 0xf1, 0x13, 0xf1, 0x13, 0xf1, 0x13, 0xf1, 0x13, 0xf1, 0x13, 0xf1, 0x13, 0xf1,
    0x13, 0xf1, 0x13, 0xf1, 0x13, 0xf1, 0x13, 0xf1, 0x13, 0xf1, 0x13, 0xf1, 0x13, 0xf1, 0x13, 0xf1,
    0x13, 0xf1, 0x13, 0xf1, 0x13, 0xf1, 0x13, 0xf1, 0x13, 0xf1, 0x13, 0xf1, 0x13, 0xf1, 0x13, 0xf1,
    0x13, 0xf1, 0x13, 0xf1, 0x13, 0xf1, 0x13, 0xf1, 0x13, 0xf1, 0x13, 0xf1, 0x13, 0xf1, 0x03, 0xf1,
    0x03, 0xf1, 0x13, 0xf1, 0x13, 0xf1, 0x13, 0xf1, 0x13, 0xf1, 0x13, 0xf1, 0x13, 0xf1, 0x13, 0xf1,
    0x13, 0xf1, 0x13, 0xf1, 0x13, 0xf1, 0x13, 0xf1, 0x13, 0xf1, 0x13, 0xf1, 0x13, 0xf1, 0x13, 0xf1,
    0x13, 0xf1, 0x13, 0xf1, 0x13, 0xf1, 0x13, 0xf1, 0x13, 0xf1, 0x13, 0xf1, 0x13, 0xf1, 0x13, 0xf1,
    0x12, 0xf1, 0x02, 0xf1, 0x12, 0xf1, 0x13, 0xf1, 0x12, 0xf1, 0x13, 0xf1, 0x13, 0xf1, 0x13, 0xf1,
    0x13, 0xf1, 0x13, 0xf1, 0x13, 0xf1, 0x02, 0xf1, 0x13, 0xf1, 0x13, 0xf1, 0x02, 0xf1, 0x02, 0xf1,
    0x02, 0xf1, 0x02, 0xf1, 0x02, 0xf1, 0x02, 0xf1, 0x02, 0xf1, 0x12, 0xf1, 0x12, 0xf1, 0x13, 0xf1,
    0x12, 0xf1, 0x12, 0xf1, 0x12, 0xf1, 0x02, 0xf1, 0x13, 0xf1, 0x12, 0xf1, 0x02, 0xf1, 0x02, 0xf1,
    0x02, 0xf1, 0x02, 0xf1, 0x02, 0xf1, 0x02, 0xf1, 0x02, 0xf1, 0x12, 0xf1, 0x02, 0xf1, 0x02, 0xf1,
    0x02, 0xf1, 0x02, 0xf1, 0x13, 0xf1, 0x12, 0xf1, 0x02, 0xf1, 0x02, 0xf1, 0x02, 0xf1, 0x02, 0xf1,
    0x02, 0xf1, 0x02, 0xf1, 0x02, 0xf1, 0x02, 0xf1, 0x12, 0xf1, 0x02, 0xf1, 0x02, 0xf1, 0x02, 0xf1,
    0x02, 0xf1, 0x02, 0xf1, 0x02, 0xf1, 0x02, 0xf1, 0x02, 0xf1, 0x02, 0xf1, 0x02, 0xf1, 0x02, 0xf1,
    0x02, 0xf1, 0x02, 0xf1, 0x02, 0xf1, 0x02, 0xf1, 0x02, 0xf1, 0x02, 0xf1, 0x02, 0xf1, 0x02, 0xf1,
    0x02, 0xf1, 0x02, 0xf1, 0x02, 0xf1, 0x02, 0xf1, 0x02, 0xf1, 0x02, 0xf1, 0x02, 0xf1, 0x02, 0xf1,
    0x14, 0xf2, 0x14, 0xf2, 0x13, 0xf1, 0x13, 0xf1, 0x13, 0xf1, 0x13, 0xf1, 0x13, 0xf1, 0x13, 0xf1,
    0x14, 0xf2, 0x13, 0xf1, 0x13, 0xf1, 0x13, 0xf1, 0x14, 0xf1, 0x14, 0xf2, 0x14, 0xf2, 0x13, 0xf1,
    0x14, 0xf1, 0x14, 0xf2, 0x13, 0xf1, 0x14, 0xf2, 0x14, 0xf2, 0x14, 0xf2, 0x14, 0xf2, 0x14, 0xf2,
    0x14, 0xf2, 0x14, 0xf2, 0x13, 0xf1, 0x13, 0xf1, 0x13, 0xf1, 0x13, 0xf1, 0x13, 0xf1, 0x14, 0xf1,
    0x13, 0xf1, 0x13, 0xf1, 0x13, 0xf1, 0x14, 0xf2, 0x14, 0xf2, 0x14, 0xf2, 0x13, 0xf1, 0x13, 0xf1,
    0x13, 0xf1, 0x13, 0xf1, 0x13, 0xf1, 0x13, 0xf1, 0x13, 0xf1, 0x14, 0xf1, 0x14, 0xf1, 0x14, 0xf2,
    0x14, 0xf2, 0x14, 0xf2, 0x24, 0xf2, 0x24, 0xf2, 0x14, 0xf2, 0x13, 0xf1, 0x13, 0xf1, 0x13, 0xf1,
    0x14, 0xf2, 0x14, 0xf2, 0x14, 0xf2, 0x13, 0xf1, 0x13, 0xf1, 0x13, 0xf1, 0x13, 0xf1, 0x13, 0xf1,
    0x13, 0xf1, 0x13, 0xf1, 0x13, 0xf1, 0x13, 0xf1, 0x13, 0xf1, 0x13, 0xf1, 0x13, 0xf1, 0x13, 0xf1,
    0x13, 0xf1, 0x13, 0xf1, 0x13, 0xf1, 0x13, 0xf1, 0x13, 0xf1, 0x13, 0xf1, 0x13, 0xf1, 0x13, 0xf1,
    0x13, 0xf1, 0x13, 0xf1, 0x13, 0xf1, 0x13, 0xf1, 0x13, 0xf1, 0x13, 0xf1, 0x13, 0xf1, 0x13, 0xf1,
    0x13, 0xf1, 0x13, 0xf1, 0x13, 0xf1, 0x13, 0xf1, 0x13, 0xf1, 0x13, 0xf1, 0x13, 0xf1, 0x13, 0xf1,
    0x13, 0xf1, 0x13, 0xf1, 0x13, 0xf1, 0x13, 0xf1, 0x13, 0xf1, 0x13, 0xf1, 0x13, 0xf1, 0x24, 0xf2,
    0x13, 0xf1, 0x13, 0xf1, 0x13, 0xf1, 0x13, 0xf1, 0x13, 0xf1, 0x13, 0xf1, 0x13, 0xf1, 0x13, 0xf1,
    0x13, 0xf1, 0x13, 0xf1, 0x13, 0xf1, 0x13, 0xf1, 0x13, 0xf1, 0x13, 0xf1, 0x13, 0xf1, 0x13, 0xf1,
    0x13, 0xf1, 0x13, 0xf1, 0x13, 0xf1, 0x13, 0xf1, 0x13, 0xf1, 0x13, 0xf1, 0x13, 0xf1, 0x13, 0xf1,
    0x13, 0xf1, 0x13, 0xf1, 0x13, 0xf1, 0x13, 0xf1, 0x13, 0xf1, 0x13, 0xf1, 0x13, 0xf1, 0x13, 0xf1,
    0x13, 0xf1, 0x03, 0xf1, 0x13, 0xf1, 0x13, 0xf1, 0x13, 0xf1, 0x13, 0xf1, 0x13, 0xf1, 0x13, 0xf1,
    0x13, 0xf1, 0x13, 0xf1, 0x13, 0xf1, 0x13, 0xf1, 0x13, 0xf1, 0x13, 0xf1, 0x13, 0xf1, 0x13, 0xf1,
    0x13, 0xf1, 0x13, 0xf1, 0x13, 0xf1, 0x13, 0xf1, 0x13, 0xf1, 0x13, 0xf1, 0x13, 0xf1, 0x13, 0xf1,
    0x03, 0xf1, 0x13, 0xf1, 0x13, 0xf1, 0x13, 0xf1, 0x03, 0xf1, 0x13, 0xf1, 0x13, 0xf1, 0x13, 0xf1,
    0x13, 0xf1, 0x13, 0xf1, 0x13, 0xf1, 0x13, 0xf1, 0x12, 0xf1, 0x12, 0xf1, 0x02, 0xf1, 0x02, 0xf1,
    0x02, 0xf1, 0x02, 0xf1, 0x12, 0xf1, 0x02, 0xf1, 0x02, 0xf1, 0x02, 0xf1, 0x12, 0xf1, 0x12, 0xf1,
    0x02, 0xf1, 0x12, 0xf1, 0x12, 0xf1, 0x02, 0xf1, 0x02, 0xf1, 0x02, 0xf1, 0x02, 0xf1, 0x02, 0xf1,
    0x02, 0xf1, 0x02, 0xf1, 0x02, 0xf1, 0x02, 0xf1, 0x12, 0xf1, 0x12, 0xf1, 0x02, 0xf1, 0x02, 0xf1,
    0x02, 0xf1, 0x02, 0xf1, 0x13, 0xf1, 0x02, 0xf1, 0x02, 0xf1, 0x02, 0xf1, 0x02, 0xf1, 0x02, 0xf1,
    0x03, 0xf1, 0x02, 0xf1, 0x02, 0xf1, 0x02, 0xf1, 0x02, 0xf1, 0x02, 0xf1, 0x02, 0xf1, 0x02, 0xf1,
    0x02, 0xf1, 0x02, 0xf1, 0x02, 0xf1, 0x02, 0xf1, 0x02, 0xf1, 0x02, 0xf1, 0x02, 0xf1, 0x02, 0xf1,
    0x02, 0xf1, 0x02, 0xf1, 0x02, 0xf1, 0x02, 0xf1, 0x02, 0xf1, 0x02, 0xf1, 0x02, 0xf1, 0x02, 0xf1,
    0x02, 0xf1, 0x02, 0xf1, 0x02, 0xf1, 0x02, 0xf1, 0x02, 0xf1, 0x02, 0xf1, 0x02, 0xf1, 0x02, 0xf1,
    0x14, 0xf1, 0x13, 0xf1, 0x14, 0xf1, 0x14, 0xf2, 0x13, 0xf1, 0x14, 0xf1, 0x14, 0xf2, 0x14, 0xf2,
    0x24, 0xf2, 0x14, 0xf2, 0x14, 0xf1, 0x14, 0xf2, 0x14, 0xf2, 0x14, 0xf2, 0x14, 0xf2, 0x14, 0xf1,
    0x13, 0xf1, 0x13, 0xf1, 0x14, 0xf2, 0x14, 0xf2, 0x14, 0xf2, 0x14, 0xf2, 0x14, 0xf2, 0x13, 0xf1,
    0x14, 0xf2, 0x14, 0xf1, 0x14, 0xf2, 0x14, 0xf1, 0x14, 0xf1, 0x13, 0xf1, 0x13, 0xf1, 0x13, 0xf1,
    0x13, 0xf1, 0x14, 0xf1, 0x13, 0xf1, 0x13, 0xf1, 0x14, 0xf1, 0x13, 0xf1, 0x14, 0xf2, 0x13, 0xf1,
    0x13, 0xf1, 0x13, 0xf1, 0x13, 0xf1, 0x13, 0xf1, 0x13, 0xf1, 0x13, 0xf1, 0x14, 0xf2, 0x14, 0xf2,
    0x14, 0xf2, 0x14, 0xf2, 0x14, 0xf2, 0x14, 0xf2, 0x14, 0xf2, 0x14, 0xf2, 0x14, 0xf2, 0x14, 0xf2,
    0x14, 0xf2, 0x14, 0xf2, 0x13, 0xf1, 0x13, 0xf1, 0x13, 0xf1, 0x13, 0xf1, 0x13, 0xf1, 0x13, 0xf1,
    0x13, 0xf1, 0x03, 0xf1, 0x13, 0xf1, 0x13, 0xf1, 0x13, 0xf1, 0x13, 0xf1, 0x13, 0xf1, 0x13, 0xf1,
    0x13, 0xf1, 0x13, 0xf1, 0x13, 0xf1, 0x36, 0xf2, 0x36, 0xf2, 0x13, 0xf1, 0x13, 0xf1, 0x13, 0xf1,
    0x13, 0xf1, 0x13, 0xf1, 0x13, 0xf1, 0x13, 0xf1, 0x13, 0xf1, 0x13, 0xf1, 0x13, 0xf1, 0x13, 0xf1,
    0x13, 0xf1, 0x13, 0xf1, 0x13, 0xf1, 0x13, 0xf1, 0x13, 0xf1, 0x13, 0xf1, 0x13, 0xf1, 0x13, 0xf1,
    0x13, 0xf1, 0x13, 0xf1, 0x13, 0xf1, 0x13, 0xf1, 0x13, 0xf1, 0x13, 0xf1, 0x13, 0xf1, 0x13, 0xf1,
    0x13, 0xf1, 0x13, 0xf1, 0x13, 0xf1, 0x13, 0xf1, 0x13, 0xf1, 0x13, 0xf1, 0x13, 0xf1, 0x13, 0xf1,
    0x13, 0xf1, 0x13, 0xf1, 0x13, 0xf1, 0x13, 0xf1, 0x13, 0xf1, 0x13, 0xf1, 0x13, 0xf1, 0x13, 0xf1,
    0x13, 0xf1, 0x13, 0xf1, 0x13, 0xf1, 0x13, 0xf1, 0x13, 0xf1, 0x13, 0xf1, 0x13, 0xf1, 0x13, 0xf1,
    0x13, 0xf1, 0x13, 0xf1, 0x13, 0xf1, 0x13, 0xf1, 0x13, 0xf1, 0x13, 0xf1, 0x13, 0xf1, 0x03, 0xf1,
    0x13, 0xf1, 0x13, 0xf1, 0x13, 0xf1, 0x13, 0xf1, 0x13, 0xf1, 0x13, 0xf1, 0x13, 0xf1, 0x13, 0xf1,
    0x13, 0xf1, 0x13, 0xf1, 0x13, 0xf1, 0x13, 0xf1, 0x13, 0xf1, 0x13, 0xf1, 0x13, 0xf1, 0x13, 0xf1,
    0x13, 0xf1, 0x13, 0xf1, 0x13, 0xf1, 0x13, 0xf1, 0x13, 0xf1, 0x13, 0xf1, 0x13, 0xf1, 0x13, 0xf1,
    0x13, 0xf1, 0x13, 0xf1, 0x13, 0xf1, 0x12, 0xf1, 0x13, 0xf1, 0x13, 0xf1, 0x13, 0xf1, 0x13, 0xf1,
    0x13, 0xf1, 0x13, 0xf1, 0x13, 0xf1, 0x13, 0xf1, 0x12, 0xf1, 0x12, 0xf1, 0x02, 0xf1, 0x02, 0xf1,
    0x12, 0xf1, 0x12, 0xf1, 0x12, 0xf1, 0x02, 0xf1, 0x12, 0xf1, 0x12, 0xf1, 0x02, 0xf1, 0x12, 0xf1,
    0x12, 0xf1, 0x12, 0xf1, 0x12, 0xf1, 0x12, 0xf1, 0x02, 0xf1, 0x02, 0xf1, 0x02, 0xf1, 0x02, 0xf1,
    0x02, 0xf1, 0x02, 0xf1, 0x02, 0xf1, 0x02, 0xf1, 0x12, 0xf1, 0x12, 0xf1, 0x02, 0xf1, 0x02, 0xf1,
    0x02, 0xf1, 0x13, 0xf1, 0x13, 0xf1, 0x12, 0xf1, 0x13, 0xf1, 0x02, 0xf1, 0x02, 0xf1, 0x12, 0xf1,
    0x12, 0xf1, 0x02, 0xf1, 0x02, 0xf1, 0x02, 0xf1, 0x02, 0xf1, 0x02, 0xf1, 0x02, 0xf1, 0x02, 0xf1,
    0x02, 0xf1, 0x02, 0xf1, 0x02, 0xf1, 0x02, 0xf1, 0x02, 0xf1, 0x02, 0xf1, 0x02, 0xf1, 0x02, 0xf1,
    0x02, 0xf1, 0x02, 0xf1, 0x02, 0xf1, 0x02, 0xf1, 0x02, 0xf1, 0x02, 0xf1, 0x02, 0xf1, 0x02, 0xf1,
    0x02, 0xf1, 0x02, 0xf1, 0x02, 0xf1, 0x02, 0xf1, 0x02, 0xf1, 0x02, 0xf1, 0x02, 0xf1, 0x02, 0xf1,
    0x13, 0xf1, 0x13, 0xf1, 0x14, 0xf2, 0x14, 0xf2, 0x14, 0xf2, 0x14, 0xf2, 0x14, 0xf2, 0x14, 0xf2,
    0x14, 0xf2, 0x14, 0xf2, 0x14, 0xf2, 0x14, 0xf2, 0x14, 0xf1, 0x14, 0xf2, 0x14, 0xf2, 0x14, 0xf1,
    0x13, 0xf1, 0x13, 0xf1, 0x13, 0xf1, 0x13, 0xf1, 0x14, 0xf2, 0x14, 0xf2, 0x13, 0xf1, 0x13, 0xf1,
    0x14, 0xf1, 0x14, 0xf2, 0x14, 0xf2, 0x14, 0xf2, 0x14, 0xf1, 0x13, 0xf1, 0x13, 0xf1, 0x13, 0xf1,
    0x13, 0xf1, 0x14, 0xf1, 0x14, 0xf2, 0x14, 0xf2, 0x14, 0xf2, 0x14, 0xf2, 0x25, 0xf2, 0x14, 0xf2,
    0x13, 0xf1, 0x13, 0xf1, 0x13, 0xf1, 0x13, 0xf1, 0x13, 0xf1, 0x13, 0xf1, 0x13, 0xf2, 0x14, 0xf2,
    0x14, 0xf2, 0x14, 0xf2, 0x14, 0xf2, 0x14, 0xf2, 0x14, 0xf2, 0x14, 0xf2, 0x14, 0xf2, 0x14, 0xf2,
    0x14, 0xf2, 0x14, 0xf2, 0x13, 0xf1, 0x13, 0xf1, 0x14, 0xf2, 0x14, 0xf2, 0x13, 0xf1, 0x13, 0xf1,
    0x14, 0xf2, 0x14, 0xf2, 0x14, 0xf2, 0x13, 0xf1, 0x13, 0xf1, 0x13, 0xf1, 0x13, 0xf1, 0x13, 0xf1,
    0x13, 0xf1, 0x13, 0xf1, 0x13, 0xf1, 0x25, 0xf2, 0x24, 0xf2, 0x13, 0xf1, 0x13, 0xf1, 0x13, 0xf1,
    0x13, 0xf1, 0x13, 0xf1, 0x13, 0xf1, 0x13, 0xf1, 0x13, 0xf1, 0x13, 0xf1, 0x13, 0xf1, 0x13, 0xf1,
    0x13, 0xf1, 0x13, 0xf1, 0x13, 0xf1, 0x13, 0xf1, 0x13, 0xf1, 0x13, 0xf1, 0x13, 0xf1, 0x13, 0xf1,
    0x13, 0xf1, 0x13, 0xf1, 0x13, 0xf1, 0x13, 0xf1, 0x13, 0xf1, 0x13, 0xf1, 0x13, 0xf1, 0x13, 0xf1,
    0x13, 0xf1, 0x13, 0xf1, 0x13, 0xf1, 0x13, 0xf1, 0x13, 0xf1, 0x13, 0xf1, 0x13, 0xf1, 0x13, 0xf1,
    0x13, 0xf1, 0x13, 0xf1, 0x13, 0xf1, 0x13, 0xf1, 0x13, 0xf1, 0x13, 0xf1, 0x13, 0xf1, 0x13, 0xf1,
    0x13, 0xf1, 0x13, 0xf1, 0x13, 0xf1, 0x13, 0xf1, 0x13, 0xf1, 0x13, 0xf1, 0x13, 0xf1, 0x13, 0xf1,
    0x13, 0xf1, 0x13, 0xf1, 0x13, 0xf1, 0x13, 0xf1, 0x13, 0xf1, 0x13, 0xf1, 0x13, 0xf1, 0x13, 0xf1,
    0x13, 0xf1, 0x13, 0xf1, 0x13, 0xf1, 0x13, 0xf1, 0x13, 0xf1, 0x13, 0xf1, 0x13, 0xf1, 0x13, 0xf1,
    0x13, 0xf1, 0x13, 0xf1, 0x13, 0xf1, 0x13, 0xf1, 0x13, 0xf1, 0x13, 0xf1, 0x13, 0xf1, 0x13, 0xf1,
    0x13, 0xf1, 0x13, 0xf1, 0x13, 0xf1, 0x13, 0xf1, 0x13, 0xf1, 0x13, 0xf1, 0x13, 0xf1, 0x13, 0xf1,
    0x13, 0xf1, 0x35, 0xf2, 0x24, 0xf2, 0x12, 0xf1, 0x13, 0xf1, 0x13, 0xf1, 0x13, 0xf1, 0x13, 0xf1,
    0x13, 0xf1, 0x12, 0xf1, 0x13, 0xf1, 0x12, 0xf1, 0x12, 0xf1, 0x02, 0xf1, 0x13, 0xf1, 0x13, 0xf1,
    0x02, 0xf1, 0x02, 0xf1, 0x02, 0xf1, 0x12, 0xf1, 0x12, 0xf1, 0x13, 0xf1, 0x12, 0xf1, 0x12, 0xf1,
    0x13, 0xf1, 0x13, 0xf1, 0x12, 0xf1, 0x02, 0xf1, 0x02, 0xf1, 0x02, 0xf1, 0x02, 0xf1, 0x02, 0xf1,
    0x02, 0xf1, 0x02, 0xf1, 0x02, 0xf1, 0x02, 0xf1, 0x02, 0xf1, 0x02, 0xf1, 0x02, 0xf1, 0x02, 0xf1,
    0x02, 0xf1, 0x13, 0xf1, 0x13, 0xf1, 0x13, 0xf1, 0x13, 0xf1, 0x02, 0xf1, 0x02, 0xf1, 0x02, 0xf1,
    0x02, 0xf1, 0x12, 0xf1, 0x02, 0xf1, 0x02, 0xf1, 0x02, 0xf1, 0x12, 0xf1, 0x02, 0xf1, 0x12, 0xf1,
    0x02, 0xf1, 0x02, 0xf1, 0x02, 0xf1, 0x02, 0xf1, 0x02, 0xf1, 0x02, 0xf1, 0x02, 0xf1, 0x12, 0xf1,
    0x12, 0xf1, 0x02, 0xf1, 0x02, 0xf1, 0x02, 0xf1, 0x02, 0xf1, 0x02, 0xf1, 0x02, 0xf1, 0x02, 0xf1,
    0x02, 0xf1, 0x02, 0xf1, 0x02, 0xf1, 0x02, 0xf1, 0x02, 0xf1, 0x02, 0xf1, 0x02, 0xf1, 0x02, 0xf1,
    0x14, 0xf1, 0x13, 0xf1, 0x14, 0xf1, 0x25, 0xf2, 0x25, 0xf2, 0x14, 0xf2, 0x14, 0xf2, 0x14, 0xf2,
    0x14, 0xf2, 0x14, 0xf2, 0x14, 0xf2, 0x14, 0xf2, 0x14, 0xf2, 0x13, 0xf1, 0x14, 0xf1, 0x14, 0xf2,
    0x13, 0xf1, 0x13, 0xf1, 0x13, 0xf1, 0x13, 0xf1, 0x13, 0xf1, 0x14, 0xf2, 0x14, 0xf2, 0x13, 0xf1,
    0x14, 0xf1, 0x14, 0xf2, 0x14, 0xf2, 0x14, 0xf1, 0x13, 0xf1, 0x13, 0xf1, 0x14, 0xf1, 0x13, 0xf1,
    0x13, 0xf1, 0x13, 0xf1, 0x14, 0xf2, 0x13, 0xf1, 0x14, 0xf2, 0x13, 0xf1, 0x14, 0xf2, 0x14, 0xf1,
    0x13, 0xf1, 0x13, 0xf1, 0x13, 0xf1, 0x13, 0xf1, 0x13, 0xf1, 0x13, 0xf1, 0x13, 0xf1, 0x14, 0xf2,
    0x14, 0xf2, 0x13, 0xf1, 0x13, 0xf1, 0x13, 0xf1, 0x14, 0xf2, 0x14, 0xf2, 0x14, 0xf2, 0x14, 0xf2,
    0x14, 0xf2, 0x14, 0xf2, 0x14, 0xf2, 0x14, 0xf2, 0x14, 0xf2, 0x25, 0xf2, 0x25, 0xf2, 0x24, 0xf2,
    0x25, 0xf2, 0x25, 0xf2, 0x25, 0xf2, 0x14, 0xf2, 0x13, 0xf1, 0x13, 0xf1, 0x13, 0xf1, 0x13, 0xf1,
    0x13, 0xf1, 0x13, 0xf1, 0x13, 0xf1, 0x13, 0xf1, 0x13, 0xf1, 0x13, 0xf1, 0x13, 0xf1, 0x13, 0xf1,
    0x13, 0xf1, 0x13, 0xf1, 0x13, 0xf1, 0x13, 0xf1, 0x13, 0xf1, 0x13, 0xf1, 0x13, 0xf1, 0x13, 0xf1,
    0x13, 0xf1, 0x13, 0xf1, 0x13, 0xf1, 0x13, 0xf1, 0x13, 0xf1, 0x13, 0xf1, 0x13, 0xf1, 0x13, 0xf1,
    0x13, 0xf1, 0x13, 0xf1, 0x13, 0xf1, 0x13, 0xf1, 0x13, 0xf1, 0x13, 0xf1, 0x13, 0xf1, 0x14, 0xf2,
    0x14, 0xf2, 0x13, 0xf1, 0x13, 0xf1, 0x13, 0xf1, 0x13, 0xf1, 0x13, 0xf1, 0x13, 0xf1, 0x13, 0xf1,
    0x13, 0xf1, 0x13, 0xf1, 0x13, 0xf1, 0x13, 0xf1, 0x13, 0xf1, 0x13, 0xf1, 0x13, 0xf1, 0x13, 0xf1,
    0x13, 0xf1, 0x13, 0xf1, 0x13, 0xf1, 0x13, 0xf1, 0x13, 0xf1, 0x13, 0xf1, 0x13, 0xf1, 0x13, 0xf1,
    0x13, 0xf1, 0x13, 0xf1, 0x13, 0xf1, 0x13, 0xf1, 0x13, 0xf1, 0x13, 0xf1, 0x13, 0xf1, 0x13, 0xf1,
    0x13, 0xf1, 0x13, 0xf1, 0x13, 0xf1, 0x13, 0xf1, 0x13, 0xf1, 0x13, 0xf1, 0x13, 0xf1, 0x13, 0xf1,
    0x13, 0xf1, 0x13, 0xf1, 0x13, 0xf1, 0x13, 0xf1, 0x13, 0xf1, 0x13, 0xf1, 0x13, 0xf1, 0x13, 0xf1,
    0x13, 0xf1, 0x13, 0xf1, 0x13, 0xf1, 0x13, 0xf1, 0x13, 0xf1, 0x13, 0xf1, 0x13, 0xf1, 0x13, 0xf1,
    0x14, 0xf2, 0x68, 0xf3, 0x35, 0xf2, 0x13, 0xf1, 0x12, 0xf1, 0x13, 0xf1, 0x13, 0xf1, 0x13, 0xf1,
    0x13, 0xf1, 0x13, 0xf1, 0x13, 0xf1, 0x02, 0xf1, 0x12, 0xf1, 0x13, 0xf1, 0x13, 0xf1, 0x12, 0xf1,
    0x12, 0xf1, 0x02, 0xf1, 0x02, 0xf1, 0x12, 0xf1, 0x12, 0xf1, 0x12, 0xf1, 0x12, 0xf1, 0x13, 0xf1,
    0x13, 0xf1, 0x12, 0xf1, 0x12, 0xf1, 0x02, 0xf1, 0x02, 0xf1, 0x02, 0xf1, 0x02, 0xf1, 0x02, 0xf1,
    0x02, 0xf1, 0x12, 0xf1, 0x02, 0xf1, 0x12, 0xf1, 0x12, 0xf1, 0x02, 0xf1, 0x13, 0xf1, 0x02, 0xf1,
    0x13, 0xf1, 0x13, 0xf1, 0x13, 0xf1, 0x13, 0xf1, 0x02, 0xf1, 0x12, 0xf1, 0x02, 0xf1, 0x02, 0xf1,
    0x02, 0xf1, 0x02, 0xf1, 0x02, 0xf1, 0x02, 0xf1, 0x02, 0xf1, 0x02, 0xf1, 0x02, 0xf1, 0x02, 0xf1,
    0x02, 0xf1, 0x02, 0xf1, 0x02, 0xf1, 0x02, 0xf1, 0x02, 0xf1, 0x02, 0xf1, 0x02, 0xf1, 0x13, 0xf1,
    0x12, 0xf1, 0x02, 0xf1, 0x02, 0xf1, 0x02, 0xf1, 0x02, 0xf1, 0x02, 0xf1, 0x02, 0xf1, 0x02, 0xf1,
    0x02, 0xf1, 0x02, 0xf1, 0x02, 0xf1, 0x02, 0xf1, 0x02, 0xf1, 0x02, 0xf1, 0x02, 0xf1, 0x02, 0xf1,
    0x13, 0xf1, 0x13, 0xf1, 0x14, 0xf2, 0x14, 0xf2, 0x14, 0xf2, 0x14, 0xf2, 0x14, 0xf2, 0x14, 0xf2,
    0x14, 0xf2, 0x14, 0xf2, 0x14, 0xf2, 0x14, 0xf1, 0x13, 0xf1, 0x13, 0xf1, 0x13, 0xf1, 0x14, 0xf2,
    0x13, 0xf1, 0x13, 0xf1, 0x13, 0xf1, 0x13, 0xf1, 0x14, 0xf2, 0x14, 0xf2, 0x14, 0xf2, 0x14, 0xf2,
    0x14, 0xf2, 0x14, 0xf2, 0x14, 0xf2, 0x14, 0xf2, 0x13, 0xf1, 0x13, 0xf1, 0x14, 0xf1, 0x13, 0xf1,
    0x13, 0xf1, 0x14, 0xf2, 0x14, 0xf2, 0x14, 0xf1, 0x14, 0xf2, 0x14, 0xf1, 0x25, 0xf2, 0x25, 0xf2,
    0x13, 0xf1, 0x13, 0xf1, 0x13, 0xf1, 0x13, 0xf1, 0x13, 0xf1, 0x13, 0xf1, 0x13, 0xf1, 0x13, 0xf1,
    0x14, 0xf1, 0x13, 0xf1, 0x13, 0xf1, 0x13, 0xf1, 0x13, 0xf1, 0x13, 0xf1, 0x14, 0xf1, 0x13, 0xf1,
    0x14, 0xf1, 0x13, 0xf1, 0x13, 0xf1, 0x13, 0xf1, 0x13, 0xf1, 0x14, 0xf2, 0x14, 0xf2, 0x14, 0xf2,
    0x14, 0xf2, 0x24, 0xf2, 0x14, 0xf2, 0x14, 0xf2, 0x14, 0xf2, 0x13, 0xf1, 0x13, 0xf1, 0x13, 0xf1,
    0x13, 0xf1, 0x13, 0xf1, 0x13, 0xf1, 0x13, 0xf1, 0x13, 0xf1, 0x13, 0xf1, 0x13, 0xf1, 0x13, 0xf1,
    0x13, 0xf1, 0x13, 0xf1, 0x13, 0xf1, 0x24, 0xf2, 0x14, 0xf2, 0x13, 0xf1, 0x13, 0xf1, 0x13, 0xf1,
    0x13, 0xf1, 0x13, 0xf1, 0x13, 0xf1, 0x13, 0xf1, 0x13, 0xf1, 0x13, 0xf1, 0x13, 0xf1, 0x13, 0xf1,
    0x13, 0xf1, 0x13, 0xf1, 0x13, 0xf1, 0x13, 0xf1, 0x13, 0xf1, 0x13, 0xf1, 0x13, 0xf1, 0x13, 0xf1,
    0x14, 0xf2, 0x13, 0xf1, 0x13, 0xf1, 0x13, 0xf1, 0x13, 0xf1, 0x13, 0xf1, 0x13, 0xf1, 0x13, 0xf1,
    0x13, 0xf1, 0x13, 0xf1, 0x13, 0xf1, 0x13, 0xf1, 0x13, 0xf1, 0x13, 0xf1, 0x13, 0xf1, 0x13, 0xf1,
    0x13, 0xf1, 0x13, 0xf1, 0x13, 0xf1, 0x13, 0xf1, 0x13, 0xf1, 0x13, 0xf1, 0x13, 0xf1, 0x13, 0xf1,
    0x13, 0xf1, 0x13, 0xf1, 0x13, 0xf1, 0x13, 0xf1, 0x13, 0xf1, 0x13, 0xf1, 0x13, 0xf1, 0x13, 0xf1,
    0x14, 0xf2, 0x13, 0xf1, 0x13, 0xf1, 0x13, 0xf1, 0x13, 0xf1, 0x13, 0xf1, 0x13, 0xf1, 0x13, 0xf1,
    0x13, 0xf1, 0x13, 0xf1, 0x13, 0xf1, 0x13, 0xf1, 0x13, 0xf1, 0x13, 0xf1, 0x13, 0xf1, 0x13, 0xf1,
    0x14, 0xf2, 0x14, 0xf2, 0x14, 0xf2, 0x13, 0xf1, 0x13, 0xf1, 0x13, 0xf1, 0x13, 0xf1, 0x13, 0xf1,
    0x13, 0xf1, 0x24, 0xf2, 0x13, 0xf1, 0x13, 0xf1, 0x13, 0xf1, 0x13, 0xf1, 0x13, 0xf1, 0x13, 0xf1,
    0x13, 0xf1, 0x13, 0xf1, 0x13, 0xf1, 0x13, 0xf1, 0x13, 0xf1, 0x13, 0xf1, 0x12, 0xf1, 0x12, 0xf1,
    0x12, 0xf1, 0x12, 0xf1, 0x13, 0xf1, 0x12, 0xf1, 0x02, 0xf1, 0x12, 0xf1, 0x12, 0xf1, 0x03, 0xf1,
    0x12, 0xf1, 0x12, 0xf1, 0x12, 0xf1, 0x02, 0xf1, 0x02, 0xf1, 0x02, 0xf1, 0x02, 0xf1, 0x12, 0xf1,
    0x02, 0xf1, 0x02, 0xf1, 0x02, 0xf1, 0x02, 0xf1, 0x02, 0xf1, 0x02, 0xf1, 0x13, 0xf1, 0x13, 0xf1,
    0x13, 0xf1, 0x13, 0xf1, 0x13, 0xf1, 0x13, 0xf1, 0x12, 0xf1, 0x02, 0xf1, 0x02, 0xf1, 0x02, 0xf1,
    0x02, 0xf1, 0x02, 0xf1, 0x02, 0xf1, 0x02, 0xf1, 0x02, 0xf1, 0x02, 0xf1, 0x02, 0xf1, 0x02, 0xf1,
    0x02, 0xf1, 0x02, 0xf1, 0x02, 0xf1, 0x02, 0xf1, 0x02, 0xf1, 0x02, 0xf1, 0x02, 0xf1, 0x02, 0xf1,
    0x12, 0xf1, 0x02, 0xf1, 0x02, 0xf1, 0x02, 0xf1, 0x02, 0xf1, 0x02, 0xf1, 0x02, 0xf1, 0x02, 0xf1,
    0x02, 0xf1, 0x02, 0xf1, 0x02, 0xf1, 0x02, 0xf1, 0x02, 0xf1, 0x02, 0xf1, 0x02, 0xf1, 0x02, 0xf1,
    0x14, 0xf2, 0x13, 0xf1, 0x14, 0xf1, 0x14, 0xf2, 0x14, 0xf1, 0x14, 0xf1, 0x14, 0xf1, 0x14, 0xf2,
    0x14, 0xf2, 0x14, 0xf2, 0x14, 0xf2, 0x14, 0xf1, 0x14, 0xf2, 0x14, 0xf2, 0x13, 0xf1, 0x13, 0xf1,
    0x13, 0xf1, 0x13, 0xf1, 0x13, 0xf1, 0x13, 0xf1, 0x14, 0xf1, 0x14, 0xf1, 0x14, 0xf2, 0x14, 0xf2,
    0x14, 0xf2, 0x14, 0xf2, 0x14, 0xf2, 0x14, 0xf1, 0x14, 0xf1, 0x13, 0xf1, 0x13, 0xf1, 0x13, 0xf1,
    0x14, 0xf2, 0x14, 0xf2, 0x14, 0xf2, 0x14, 0xf2, 0x14, 0xf2, 0x14, 0xf1, 0x24, 0xf2, 0x25, 0xf2,
    0x13, 0xf1, 0x13, 0xf1, 0x13, 0xf1, 0x14, 0xf2, 0x14, 0xf1, 0x13, 0xf1, 0x13, 0xf1, 0x13, 0xf1,
    0x13, 0xf1, 0x13, 0xf1, 0x13, 0xf1, 0x13, 0xf1, 0x13, 0xf1, 0x13, 0xf1, 0x13, 0xf1, 0x13, 0xf1,
    0x13, 0xf1, 0x13, 0xf1, 0x13, 0xf1, 0x13, 0xf1, 0x13, 0xf1, 0x13, 0xf1, 0x13, 0xf1, 0x13, 0xf1,
    0x13, 0xf1, 0x13, 0xf1, 0x14, 0xf1, 0x14, 0xf2, 0x14, 0xf2, 0x14, 0xf2, 0x14, 0xf2, 0x14, 0xf1,
    0x13, 0xf1, 0x13, 0xf1, 0x13, 0xf1, 0x13, 0xf1, 0x13, 0xf1, 0x13, 0xf1, 0x13, 0xf1, 0x13, 0xf1,
    0x13, 0xf1, 0x13, 0xf1, 0x13, 0xf1, 0x14, 0xf2, 0x13, 0xf1, 0x13, 0xf1, 0x13, 0xf1, 0x13, 0xf1,
    0x13, 0xf1, 0x14, 0xf2, 0x14, 0xf2, 0x14, 0xf2, 0x13, 0xf1, 0x14, 0xf1, 0x13, 0xf1, 0x13, 0xf1,
    0x13, 0xf1, 0x13, 0xf1, 0x13, 0xf1, 0x13, 0xf1, 0x13, 0xf1, 0x13, 0xf1, 0x14, 0xf2, 0x13, 0xf1,
    0x13, 0xf1, 0x13, 0xf1, 0x13, 0xf1, 0x13, 0xf1, 0x13, 0xf1, 0x13, 0xf1, 0x13, 0xf1, 0x13, 0xf1,
    0x13, 0xf1, 0x13, 0xf1, 0x13, 0xf1, 0x13, 0xf1, 0x13, 0xf1, 0x13, 0xf1, 0x13, 0xf1, 0x13, 0xf1,
    0x13, 0xf1, 0x13, 0xf1, 0x14, 0xf2, 0x13, 0xf1, 0x13, 0xf1, 0x13, 0xf1, 0x13, 0xf1, 0x13, 0xf1,
    0x13, 0xf1, 0x13, 0xf1, 0x13, 0xf1, 0x13, 0xf1, 0x13, 0xf1, 0x13, 0xf1, 0x13, 0xf1, 0x13, 0xf1,
    0x14, 0xf2, 0x14, 0xf2, 0x13, 0xf1, 0x13, 0xf1, 0x13, 0xf1, 0x13, 0xf1, 0x13, 0xf1, 0x13, 0xf1,
    0x13, 0xf1, 0x13, 0xf1, 0x13, 0xf1, 0x13, 0xf1, 0x13, 0xf1, 0x13, 0xf1, 0x13, 0xf1, 0x13, 0xf1,
    0x13, 0xf1, 0x13, 0xf1, 0x13, 0xf1, 0x13, 0xf1, 0x13, 0xf1, 0x13, 0xf1, 0x13, 0xf1, 0x13, 0xf1,
    0x13, 0xf1, 0x13, 0xf1, 0x24, 0xf2, 0x13, 0xf1, 0x13, 0xf1, 0x13, 0xf1, 0x13, 0xf1, 0x13, 0xf1,
    0x13, 0xf1, 0x13, 0xf1, 0x13, 0xf1, 0x13, 0xf1, 0x13, 0xf1, 0x13, 0xf1, 0x12, 0xf1, 0x02, 0xf1,
    0x12, 0xf1, 0x12, 0xf1, 0x12, 0xf1, 0x13, 0xf1, 0x02, 0xf1, 0x02, 0xf1, 0x12, 0xf1, 0x03, 0xf1,
    0x12, 0xf1, 0x12, 0xf1, 0x02, 0xf1, 0x02, 0xf1, 0x02, 0xf1, 0x02, 0xf1, 0x02, 0xf1, 0x12, 0xf1,
    0x13, 0xf1, 0x12, 0xf1, 0x02, 0xf1, 0x02, 0xf1, 0x02, 0xf1, 0x02, 0xf1, 0x13, 0xf1, 0x13, 0xf1,
    0x13, 0xf1, 0x13, 0xf1, 0x13, 0xf1, 0x13, 0xf1, 0x13, 0xf1, 0x02, 0xf1, 0x02, 0xf1, 0x02, 0xf1,
    0x02, 0xf1, 0x02, 0xf1, 0x02, 0xf1, 0x12, 0xf1, 0x13, 0xf1, 0x13, 0xf1, 0x12, 0xf1, 0x02, 0xf1,
    0x02, 0xf1, 0x02, 0xf1, 0x02, 0xf1, 0x02, 0xf1, 0x02, 0xf1, 0x02, 0xf1, 0x02, 0xf1, 0x02, 0xf1,
    0x02, 0xf1, 0x02, 0xf1, 0x02, 0xf1, 0x02, 0xf1, 0x02, 0xf1, 0x02, 0xf1, 0x02, 0xf1, 0x02, 0xf1,
    0x02, 0xf1, 0x02, 0xf1, 0x02, 0xf1, 0x02, 0xf1, 0x02, 0xf1, 0x02, 0xf1, 0x02, 0xf1, 0x02, 0xf1,
    0x14, 0xf2, 0x14, 0xf2, 0x13, 0xf1, 0x13, 0xf1, 0x14, 0xf1, 0x14, 0xf2, 0x14, 0xf2, 0x13, 0xf1,
    0x14, 0xf1, 0x13, 0xf1, 0x13, 0xf1, 0x14, 0xf2, 0x14, 0xf2, 0x13, 0xf1, 0x13, 0xf1, 0x13, 0xf1,
    0x13, 0xf1, 0x13, 0xf1, 0x13, 0xf1, 0x14, 0xf2, 0x14, 0xf1, 0x13, 0xf1, 0x14, 0xf2, 0x25, 0xf2,
    0x25, 0xf2, 0x14, 0xf1, 0x14, 0xf1, 0x13, 0xf1, 0x13, 0xf1, 0x13, 0xf1, 0x13, 0xf1, 0x14, 0xf2,
    0x14, 0xf2, 0x14, 0xf2, 0x13, 0xf1, 0x13, 0xf1, 0x14, 0xf1, 0x13, 0xf1, 0x13, 0xf1, 0x13, 0xf1,
    0x13, 0xf1, 0x13, 0xf1, 0x14, 0xf1, 0x14, 0xf2, 0x14, 0xf2, 0x14, 0xf1, 0x13, 0xf1, 0x13, 0xf1,
    0x13, 0xf1, 0x13, 0xf1, 0x13, 0xf1, 0x13, 0xf1, 0x13, 0xf1, 0x13, 0xf1, 0x13, 0xf1, 0x13, 0xf1,
    0x13, 0xf1, 0x13, 0xf1, 0x13, 0xf1, 0x13, 0xf1, 0x13, 0xf1, 0x13, 0xf1, 0x13, 0xf1, 0x13, 0xf1,
    0x13, 0xf1, 0x13, 0xf1, 0x13, 0xf1, 0x13, 0xf1, 0x13, 0xf1, 0x14, 0xf2, 0x14, 0xf2, 0x13, 0xf1,
    0x13, 0xf1, 0x13, 0xf1, 0x13, 0xf1, 0x13, 0xf1, 0x14, 0xf2, 0x13, 0xf1, 0x13, 0xf1, 0x13, 0xf1,
    0x13, 0xf1, 0x13, 0xf1, 0x14, 0xf2, 0x14, 0xf2, 0x13, 0xf1, 0x13, 0xf1, 0x13, 0xf1, 0x14, 0xf2,
    0x14, 0xf2, 0x14, 0xf2, 0x14, 0xf2, 0x13, 0xf1, 0x13, 0xf1, 0x14, 0xf2, 0x14, 0xf2, 0x14, 0xf2,
    0x14, 0xf2, 0x13, 0xf1, 0x13, 0xf1, 0x13, 0xf1, 0x13, 0xf1, 0x13, 0xf1, 0x14, 0xf2, 0x14, 0xf2,
    0x13, 0xf1, 0x13, 0xf1, 0x13, 0xf1, 0x13, 0xf1, 0x13, 0xf1, 0x13, 0xf1, 0x13, 0xf1, 0x14, 0xf2,
    0x13, 0xf1, 0x13, 0xf1, 0x13, 0xf1, 0x13, 0xf1, 0x13, 0xf1, 0x13, 0xf1, 0x13, 0xf1, 0x13, 0xf1,
    0x13, 0xf1, 0x13, 0xf1, 0x14, 0xf2, 0x14, 0xf2, 0x14, 0xf2, 0x13, 0xf1, 0x13, 0xf1, 0x13, 0xf1,
    0x13, 0xf1, 0x13, 0xf1, 0x13, 0xf1, 0x13, 0xf1, 0x13, 0xf1, 0x13, 0xf1, 0x13, 0xf1, 0x13, 0xf1,
    0x13, 0xf1, 0x13, 0xf1, 0x14, 0xf1, 0x13, 0xf1, 0x13, 0xf1, 0x13, 0xf1, 0x13, 0xf1, 0x13, 0xf1,
    0x13, 0xf1, 0x13, 0xf1, 0x13, 0xf1, 0x13, 0xf1, 0x13, 0xf1, 0x13, 0xf1, 0x13, 0xf1, 0x13, 0xf1,
    0x13, 0xf1, 0x13, 0xf1, 0x13, 0xf1, 0x13, 0xf1, 0x13, 0xf1, 0x13, 0xf1, 0x13, 0xf1, 0x13, 0xf1,
    0x13, 0xf1, 0x14, 0xf2, 0x24, 0xf2, 0x13, 0xf1, 0x13, 0xf1, 0x13, 0xf1, 0x13, 0xf1, 0x13, 0xf1,
    0x13, 0xf1, 0x13, 0xf1, 0x13, 0xf2, 0x13, 0xf1, 0x12, 0xf1, 0x13, 0xf1, 0x12, 0xf1, 0x12, 0xf1,
    0x13, 0xf1, 0x13, 0xf1, 0x12, 0xf1, 0x12, 0xf1, 0x12, 0xf1, 0x12, 0xf1, 0x12, 0xf1, 0x13, 0xf1,
    0x13, 0xf1, 0x12, 0xf1, 0x02, 0xf1, 0x12, 0xf1, 0x12, 0xf1, 0x02, 0xf1, 0x02, 0xf1, 0x02, 0xf1,
    0x02, 0xf1, 0x02, 0xf1, 0x02, 0xf1, 0x02, 0xf1, 0x12, 0xf1, 0x02, 0xf1, 0x02, 0xf1, 0x13, 0xf1,
    0x13, 0xf1, 0x12, 0xf1, 0x02, 0xf1, 0x13, 0xf1, 0x12, 0xf1, 0x02, 0xf1, 0x02, 0xf1, 0x02, 0xf1,
    0x02, 0xf1, 0x02, 0xf1, 0x02, 0xf1, 0x13, 0xf1, 0x57, 0xf3, 0x57, 0xf3, 0x13, 0xf1, 0x02, 0xf1,
    0x02, 0xf1, 0x02, 0xf1, 0x02, 0xf1, 0x02, 0xf1, 0x02, 0xf1, 0x02, 0xf1, 0x02, 0xf1, 0x02, 0xf1,
    0x02, 0xf1, 0x02, 0xf1, 0x02, 0xf1, 0x02, 0xf1, 0x02, 0xf1, 0x02, 0xf1, 0x02, 0xf1, 0x02, 0xf1,
    0x02, 0xf1, 0x02, 0xf1, 0x02, 0xf1, 0x02, 0xf1, 0x02, 0xf1, 0x02, 0xf1, 0x02, 0xf1, 0x02, 0xf1,
    0x14, 0xf1, 0x14, 0xf2, 0x14, 0xf2, 0x14, 0xf2, 0x14, 0xf2, 0x14, 0xf2, 0x14, 0xf2, 0x14, 0xf2,
    0x14, 0xf2, 0x14, 0xf2, 0x14, 0xf1, 0x14, 0xf1, 0x13, 0xf1, 0x13, 0xf1, 0x13, 0xf1, 0x13, 0xf1,
    0x13, 0xf1, 0x13, 0xf1, 0x14, 0xf2, 0x14, 0xf2, 0x13, 0xf1, 0x14, 0xf2, 0x14, 0xf2, 0x24, 0xf2,
    0x24, 0xf2, 0x13, 0xf1, 0x13, 0xf1, 0x14, 0xf1, 0x13, 0xf1, 0x13, 0xf1, 0x14, 0xf1, 0x14, 0xf2,
    0x14, 0xf2, 0x14, 0xf2, 0x14, 0xf2, 0x14, 0xf2, 0x13, 0xf1, 0x13, 0xf1, 0x13, 0xf1, 0x13, 0xf1,
    0x13, 0xf1, 0x13, 0xf1, 0x14, 0xf1, 0x13, 0xf1, 0x13, 0xf1, 0x13, 0xf1, 0x13, 0xf1, 0x13, 0xf1,
    0x13, 0xf1, 0x13, 0xf1, 0x13, 0xf1, 0x13, 0xf1, 0x13, 0xf1, 0x13, 0xf1, 0x13, 0xf1, 0x13, 0xf1,
    0x13, 0xf1, 0x13, 0xf1, 0x13, 0xf1, 0x13, 0xf1, 0x13, 0xf1, 0x13, 0xf1, 0x13, 0xf1, 0x13, 0xf1,
    0x13, 0xf1, 0x13, 0xf1, 0x13, 0xf1, 0x13, 0xf1, 0x13, 0xf1, 0x13, 0xf1, 0x13, 0xf1, 0x13, 0xf1,
    0x13, 0xf1, 0x13, 0xf1, 0x13, 0xf1, 0x24, 0xf2, 0x14, 0xf1, 0x13, 0xf1, 0x13, 0xf1, 0x13, 0xf1,
    0x14, 0xf2, 0x14, 0xf2, 0x24, 0xf2, 0x25, 0xf2, 0x24, 0xf2, 0x14, 0xf2, 0x13, 0xf2, 0x14, 0xf2,
    0x14, 0xf2, 0x14, 0xf2, 0x13, 0xf1, 0x13, 0xf1, 0x13, 0xf1, 0x13, 0xf1, 0x14, 0xf2, 0x13, 0xf1,
    0x14, 0xf2, 0x14, 0xf2, 0x14, 0xf2, 0x14, 0xf2, 0x13, 0xf1, 0x13, 0xf1, 0x14, 0xf2, 0x14, 0xf2,
    0x14, 0xf2, 0x14, 0xf2, 0x14, 0xf2, 0x13, 0xf1, 0x13, 0xf1, 0x13, 0xf1, 0x14, 0xf2, 0x14, 0xf2,
    0x14, 0xf1, 0x13, 0xf1, 0x13, 0xf1, 0x13, 0xf1, 0x13, 0xf1, 0x13, 0xf1, 0x13, 0xf1, 0x13, 0xf1,
    0x13, 0xf1, 0x13, 0xf1, 0x13, 0xf1, 0x14, 0xf2, 0x14, 0xf2, 0x13, 0xf1, 0x13, 0xf1, 0x13, 0xf1,
    0x13, 0xf1, 0x13, 0xf1, 0x13, 0xf1, 0x13, 0xf1, 0x14, 0xf2, 0x14, 0xf1, 0x13, 0xf1, 0x13, 0xf1,
    0x14, 0xf1, 0x14, 0xf2, 0x14, 0xf2, 0x14, 0xf2, 0x13, 0xf1, 0x13, 0xf1, 0x13, 0xf1, 0x13, 0xf1,
    0x13, 0xf1, 0x13, 0xf1, 0x13, 0xf1, 0x13, 0xf1, 0x13, 0xf1, 0x13, 0xf1, 0x13, 0xf1, 0x13, 0xf1,
    0x13, 0xf1, 0x13, 0xf1, 0x13, 0xf1, 0x13, 0xf1, 0x13, 0xf1, 0x13, 0xf1, 0x13, 0xf1, 0x13, 0xf1,
    0x13, 0xf1, 0x13, 0xf1, 0x13, 0xf1, 0x13, 0xf1, 0x13, 0xf1, 0x13, 0xf1, 0x13, 0xf1, 0x13, 0xf1,
    0x13, 0xf1, 0x13, 0xf1, 0x13, 0xf1, 0x13, 0xf1, 0x13, 0xf1, 0x13, 0xf1, 0x13, 0xf1, 0x13, 0xf1,
    0x13, 0xf1, 0x02, 0xf1, 0x12, 0xf1, 0x13, 0xf1, 0x13, 0xf1, 0x13, 0xf1, 0x12, 0xf1, 0x13, 0xf1,
    0x13, 0xf1, 0x12, 0xf1, 0x12, 0xf1, 0x12, 0xf1, 0x02, 0xf1, 0x02, 0xf1, 0x02, 0xf1, 0x02, 0xf1,
    0x02, 0xf1, 0x02, 0xf1, 0x02, 0xf1, 0x02, 0xf1, 0x12, 0xf1, 0x02, 0xf1, 0x13, 0xf1, 0x13, 0xf1,
    0x13, 0xf1, 0x03, 0xf1, 0x02, 0xf1, 0x02, 0xf1, 0x12, 0xf1, 0x02, 0xf1, 0x02, 0xf1, 0x02, 0xf1,
    0x02, 0xf1, 0x02, 0xf1, 0x02, 0xf1, 0x02, 0xf1, 0x35, 0xf2, 0x46, 0xf2, 0x12, 0xf1, 0x02, 0xf1,
    0x12, 0xf1, 0x02, 0xf1, 0x02, 0xf1, 0x02, 0xf1, 0x02, 0xf1, 0x02, 0xf1, 0x02, 0xf1, 0x02, 0xf1,
    0x02, 0xf1, 0x02, 0xf1, 0x12, 0xf1, 0x12, 0xf1, 0x02, 0xf1, 0x02, 0xf1, 0x12, 0xf1, 0x02, 0xf1,
    0x02, 0xf1, 0x02, 0xf1, 0x02, 0xf1, 0x02, 0xf1, 0x02, 0xf1, 0x02, 0xf1, 0x02, 0xf1, 0x02, 0xf1,
    0x14, 0xf1, 0x14, 0xf2, 0x14, 0xf2, 0x14, 0xf2, 0x14, 0xf2, 0x14, 0xf2, 0x14, 0xf2, 0x14, 0xf2,
    0x14, 0xf2, 0x14, 0xf1, 0x14, 0xf2, 0x14, 0xf2, 0x14, 0xf1, 0x13, 0xf1, 0x13, 0xf1, 0x13, 0xf1,
    0x13, 0xf1, 0x13, 0xf1, 0x14, 0xf1, 0x14, 0xf2, 0x14, 0xf2, 0x14, 0xf2, 0x14, 0xf2, 0x14, 0xf2,
    0x13, 0xf1, 0x13, 0xf1, 0x13, 0xf1, 0x14, 0xf1, 0x14, 0xf2, 0x14, 0xf2, 0x14, 0xf2, 0x14, 0xf2,
    0x14, 0xf2, 0x14, 0xf2, 0x14, 0xf2, 0x14, 0xf2, 0x14, 0xf1, 0x13, 0xf1, 0x13, 0xf1, 0x14, 0xf2,
    0x14, 0xf2, 0x13, 0xf1, 0x13, 0xf1, 0x13, 0xf1, 0x13, 0xf1, 0x13, 0xf1, 0x13, 0xf1, 0x13, 0xf1,
    0x13, 0xf1, 0x13, 0xf1, 0x13, 0xf1, 0x14, 0xf1, 0x13, 0xf1, 0x13, 0xf1, 0x13, 0xf1, 0x13, 0xf1,
    0x14, 0xf2, 0x14, 0xf1, 0x13, 0xf1, 0x13, 0xf1, 0x13, 0xf1, 0x13, 0xf1, 0x13, 0xf1, 0x13, 0xf1,
    0x13, 0xf1, 0x13, 0xf1, 0x13, 0xf1, 0x13, 0xf1, 0x13, 0xf1, 0x14, 0xf2, 0x14, 0xf2, 0x14, 0xf1,
    0x13, 0xf1, 0x13, 0xf1, 0x13, 0xf1, 0x25, 0xf2, 0x13, 0xf1, 0x13, 0xf1, 0x14, 0xf1, 0x13, 0xf1,
    0x14, 0xf2, 0x24, 0xf2, 0x46, 0xf2, 0x57, 0xf3, 0x36, 0xf2, 0x24, 0xf2, 0x13, 0xf1, 0x13, 0xf1,
    0x14, 0xf2, 0x13, 0xf1, 0x13, 0xf1, 0x13, 0xf1, 0x13, 0xf1, 0x13, 0xf1, 0x13, 0xf1, 0x13, 0xf1,
    0x13, 0xf1, 0x14, 0xf2, 0x14, 0xf2, 0x13, 0xf1, 0x13, 0xf1, 0x14, 0xf2, 0x13, 0xf1, 0x14, 0xf1,
    0x14, 0xf2, 0x14, 0xf2, 0x14, 0xf2, 0x13, 0xf1, 0x13, 0xf1, 0x13, 0xf1, 0x13, 0xf1, 0x14, 0xf1,
    0x14, 0xf2, 0x14, 0xf1, 0x13, 0xf1, 0x13, 0xf1, 0x13, 0xf1, 0x13, 0xf1, 0x13, 0xf1, 0x14, 0xf1,
    0x13, 0xf1, 0x13, 0xf1, 0x13, 0xf1, 0x13, 0xf1, 0x14, 0xf2, 0x13, 0xf1, 0x13, 0xf1, 0x13, 0xf1,
    0x13, 0xf1, 0x13, 0xf1, 0x13, 0xf1, 0x14, 0xf2, 0x14, 0xf2, 0x13, 0xf1, 0x14, 0xf2, 0x14, 0xf2,
    0x14, 0xf2, 0x14, 0xf2, 0x14, 0xf2, 0x14, 0xf2, 0x13, 0xf1, 0x13, 0xf1, 0x13, 0xf1, 0x13, 0xf1,
    0x13, 0xf1, 0x13, 0xf1, 0x14, 0xf2, 0x13, 0xf1, 0x13, 0xf1, 0x13, 0xf1, 0x13, 0xf1, 0x13, 0xf1,
    0x13, 0xf1, 0x13, 0xf1, 0x13, 0xf1, 0x13, 0xf1, 0x13, 0xf1, 0x14, 0xf1, 0x14, 0xf1, 0x13, 0xf1,
    0x13, 0xf1, 0x13, 0xf1, 0x13, 0xf1, 0x13, 0xf1, 0x13, 0xf1, 0x13, 0xf1, 0x13, 0xf1, 0x13, 0xf1,
    0x13, 0xf1, 0x13, 0xf1, 0x13, 0xf1, 0x13, 0xf1, 0x13, 0xf1, 0x13, 0xf1, 0x13, 0xf1, 0x13, 0xf1,
    0x13, 0xf1, 0x13, 0xf1, 0x12, 0xf1, 0x13, 0xf1, 0x13, 0xf1, 0x13, 0xf1, 0x12, 0xf1, 0x13, 0xf1,
    0x12, 0xf1, 0x12, 0xf1, 0x12, 0xf1, 0x12, 0xf1, 0x12, 0xf1, 0x02, 0xf1, 0x02, 0xf1, 0x02, 0xf1,
    0x02, 0xf1, 0x02, 0xf1, 0x02, 0xf1, 0x12, 0xf1, 0x02, 0xf1, 0x02, 0xf1, 0x12, 0xf1, 0x13, 0xf1,
    0x13, 0xf1, 0x13, 0xf1, 0x02, 0xf1, 0x02, 0xf1, 0x02, 0xf1, 0x02, 0xf1, 0x02, 0xf1, 0x02, 0xf1,
    0x02, 0xf1, 0x02, 0xf1, 0x02, 0xf1, 0x02, 0xf1, 0x02, 0xf1, 0x02, 0xf1, 0x02, 0xf1, 0x02, 0xf1,
    0x02, 0xf1, 0x02, 0xf1, 0x02, 0xf1, 0x02, 0xf1, 0x02, 0xf1, 0x02, 0xf1, 0x02, 0xf1, 0x02, 0xf1,
    0x02, 0xf1, 0x02, 0xf1, 0x02, 0xf1, 0x02, 0xf1, 0x02, 0xf1, 0x02, 0xf1, 0x12, 0xf1, 0x02, 0xf1,
    0x02, 0xf1, 0x02, 0xf1, 0x02, 0xf1, 0x02, 0xf1, 0x02, 0xf1, 0x02, 0xf1, 0x02, 0xf1, 0x02, 0xf1,
    0x14, 0xf2, 0x14, 0xf2, 0x14, 0xf2, 0x14, 0xf1, 0x14, 0xf2, 0x14, 0xf2, 0x14, 0xf1, 0x14, 0xf2,
    0x14, 0xf2, 0x14, 0xf2, 0x14, 0xf2, 0x14, 0xf2, 0x14, 0xf2, 0x14, 0xf2, 0x14, 0xf2, 0x13, 0xf1,
    0x13, 0xf1, 0x13, 0xf1, 0x13, 0xf1, 0x14, 0xf2, 0x14, 0xf2, 0x14, 0xf2, 0x14, 0xf2, 0x14, 0xf2,
    0x14, 0xf2, 0x13, 0xf1, 0x14, 0xf1, 0x13, 0xf1, 0x13, 0xf1, 0x14, 0xf2, 0x14, 0xf2, 0x14, 0xf2,
    0x14, 0xf2, 0x24, 0xf2, 0x14, 0xf2, 0x14, 0xf2, 0x14, 0xf2, 0x14, 0xf1, 0x14, 0xf1, 0x14, 0xf2,
    0x14, 0xf2, 0x14, 0xf2, 0x14, 0xf1, 0x14, 0xf1, 0x13, 0xf1, 0x13, 0xf1, 0x13, 0xf1, 0x13, 0xf1,
    0x13, 0xf1, 0x13, 0xf1, 0x14, 0xf1, 0x14, 0xf1, 0x13, 0xf1, 0x13, 0xf1, 0x13, 0xf1, 0x13, 0xf1,
    0x13, 0xf1, 0x13, 0xf1, 0x13, 0xf1, 0x13, 0xf1, 0x13, 0xf1, 0x13, 0xf1, 0x13, 0xf1, 0x13, 0xf1,
    0x13, 0xf1, 0x13, 0xf1, 0x13, 0xf1, 0x13, 0xf1, 0x13, 0xf1, 0x13, 0xf1, 0x24, 0xf2, 0x14, 0xf2,
    0x14, 0xf2, 0x13, 0xf1, 0x13, 0xf1, 0x13, 0xf1, 0x13, 0xf1, 0x14, 0xf2, 0x14, 0xf2, 0x14, 0xf2,
    0x14, 0xf2, 0x25, 0xf2, 0x57, 0xf3, 0x78, 0xf4, 0x57, 0xf3, 0x24, 0xf2, 0x13, 0xf1, 0x13, 0xf1,
    0x13, 0xf1, 0x13, 0xf1, 0x13, 0xf1, 0x13, 0xf1, 0x13, 0xf1, 0x13, 0xf1, 0x13, 0xf1, 0x13, 0xf1,
    0x24, 0xf2, 0x14, 0xf2, 0x13, 0xf2, 0x14, 0xf2, 0x13, 0xf1, 0x13, 0xf1, 0x13, 0xf1, 0x13, 0xf1,
    0x14, 0xf2, 0x14, 0xf2, 0x14, 0xf2, 0x14, 0xf2, 0x13, 0xf2, 0x14, 0xf2, 0x14, 0xf2, 0x14, 0xf2,
    0x14, 0xf2, 0x14, 0xf2, 0x14, 0xf2, 0x14, 0xf2, 0x14, 0xf2, 0x24, 0xf2, 0x14, 0xf2, 0x14, 0xf2,
    0x13, 0xf1, 0x13, 0xf1, 0x13, 0xf1, 0x13, 0xf1, 0x13, 0xf1, 0x13, 0xf1, 0x13, 0xf1, 0x13, 0xf1,
    0x13, 0xf1, 0x13, 0xf1, 0x13, 0xf1, 0x13, 0xf1, 0x14, 0xf2, 0x13, 0xf1, 0x14, 0xf2, 0x14, 0xf2,
    0x14, 0xf2, 0x14, 0xf2, 0x24, 0xf2, 0x13, 0xf1, 0x13, 0xf1, 0x13, 0xf1, 0x13, 0xf1, 0x14, 0xf2,
    0x13, 0xf1, 0x13, 0xf1, 0x13, 0xf1, 0x13, 0xf1, 0x13, 0xf1, 0x13, 0xf1, 0x13, 0xf1, 0x13, 0xf1,
    0x13, 0xf1, 0x13, 0xf1, 0x13, 0xf1, 0x13, 0xf1, 0x13, 0xf1, 0x14, 0xf2, 0x14, 0xf2, 0x13, 0xf1,
    0x13, 0xf1, 0x13, 0xf1, 0x13, 0xf1, 0x13, 0xf1, 0x13, 0xf1, 0x13, 0xf1, 0x13, 0xf1, 0x13, 0xf1,
    0x13, 0xf1, 0x13, 0xf1, 0x13, 0xf1, 0x13, 0xf1, 0x13, 0xf1, 0x13, 0xf1, 0x13, 0xf1, 0x13, 0xf1,
    0x12, 0xf1, 0x12, 0xf1, 0x12, 0xf1, 0x12, 0xf1, 0x13, 0xf1, 0x13, 0xf1, 0x13, 0xf1, 0x13, 0xf1,
    0x12, 0xf1, 0x12, 0xf1, 0x02, 0xf1, 0x02, 0xf1, 0x12, 0xf1, 0x02, 0xf1, 0x02, 0xf1, 0x12, 0xf1,
    0x02, 0xf1, 0x02, 0xf1, 0x02, 0xf1, 0x02, 0xf1, 0x02, 0xf1, 0x12, 0xf1, 0x02, 0xf1, 0x13, 0xf1,
    0x13, 0xf1, 0x02, 0xf1, 0x02, 0xf1, 0x12, 0xf1, 0x02, 0xf1, 0x02, 0xf1, 0x02, 0xf1, 0x02, 0xf1,
    0x02, 0xf1, 0x02, 0xf1, 0x02, 0xf1, 0x02, 0xf1, 0x02, 0xf1, 0x02, 0xf1, 0x02, 0xf1, 0x02, 0xf1,
    0x02, 0xf1, 0x02, 0xf1, 0x02, 0xf1, 0x02, 0xf1, 0x02, 0xf1, 0x02, 0xf1, 0x02, 0xf1, 0x02, 0xf1,
    0x02, 0xf1, 0x02, 0xf1, 0x02, 0xf1, 0x02, 0xf1, 0x02, 0xf1, 0x12, 0xf1, 0x02, 0xf1, 0x02, 0xf1,
    0x02, 0xf1, 0x02, 0xf1, 0x02, 0xf1, 0x02, 0xf1, 0x02, 0xf1, 0x02, 0xf1, 0x02, 0xf1, 0x12, 0xf1,
    0x14, 0xf2, 0x14, 0xf2, 0x14, 0xf2, 0x14, 0xf1, 0x14, 0xf2, 0x14, 0xf2, 0x14, 0xf2, 0x14, 0xf2,
    0x14, 0xf2, 0x14, 0xf2, 0x14, 0xf2, 0x14, 0xf2, 0x14, 0xf2, 0x14, 0xf2, 0x14, 0xf2, 0x13, 0xf1,
    0x13, 0xf1, 0x13, 0xf1, 0x13, 0xf1, 0x14, 0xf2, 0x14, 0xf2, 0x24, 0xf2, 0x25, 0xf2, 0x14, 0xf2,
    0x14, 0xf2, 0x14, 0xf2, 0x14, 0xf1, 0x13, 0xf1, 0x13, 0xf1, 0x14, 0xf1, 0x14, 0xf2, 0x14, 0xf2,
    0x14, 0xf2, 0x14, 0xf2, 0x14, 0xf2, 0x14, 0xf2, 0x14, 0xf2, 0x14, 0xf2, 0x14, 0xf2, 0x14, 0xf2,
    0x14, 0xf2, 0x14, 0xf2, 0x14, 0xf2, 0x14, 0xf1, 0x13, 0xf1, 0x13, 0xf1, 0x13, 0xf1, 0x13, 0xf1,
    0x13, 0xf1, 0x13, 0xf1, 0x13, 0xf1, 0x13, 0xf1, 0x13, 0xf1, 0x13, 0xf1, 0x13, 0xf1, 0x13, 0xf1,
    0x13, 0xf1, 0x13, 0xf1, 0x13, 0xf1, 0x13, 0xf1, 0x13, 0xf1, 0x13, 0xf1, 0x13, 0xf1, 0x13, 0xf1,
    0x13, 0xf1, 0x13, 0xf1, 0x13, 0xf1, 0x14, 0xf2, 0x14, 0xf2, 0x14, 0xf1, 0x25, 0xf2, 0x24, 0xf2,
    0x13, 0xf1, 0x13, 0xf1, 0x13, 0xf1, 0x13, 0xf1, 0x13, 0xf1, 0x13, 0xf1, 0x14, 0xf2, 0x14, 0xf2,
    0x14, 0xf2, 0x25, 0xf2, 0x46, 0xf2, 0x57, 0xf3, 0x35, 0xf2, 0x14, 0xf2, 0x13, 0xf1, 0x13, 0xf1,
    0x13, 0xf1, 0x13, 0xf1, 0x13, 0xf1, 0x13, 0xf1, 0x13, 0xf1, 0x13, 0xf1, 0x13, 0xf1, 0x13, 0xf1,
    0x24, 0xf2, 0x13, 0xf1, 0x13, 0xf1, 0x13, 0xf1, 0x13, 0xf1, 0x13, 0xf1, 0x13, 0xf1, 0x13, 0xf1,
    0x13, 0xf1, 0x13, 0xf1, 0x14, 0xf2, 0x14, 0xf2, 0x14, 0xf2, 0x13, 0xf2, 0x14, 0xf2, 0x14, 0xf2,
    0x14, 0xf2, 0x14, 0xf1, 0x14, 0xf2, 0x14, 0xf2, 0x25, 0xf2, 0x36, 0xf2, 0x36, 0xf2, 0x14, 0xf2,
    0x13, 0xf1, 0x13, 0xf1, 0x14, 0xf2, 0x35, 0xf2, 0x14, 0xf2, 0x13, 0xf1, 0x14, 0xf1, 0x13, 0xf1,
    0x14, 0xf1, 0x13, 0xf1, 0x13, 0xf1, 0x13, 0xf1, 0x13, 0xf1, 0x14, 0xf2, 0x14, 0xf2, 0x14, 0xf2,
    0x14, 0xf2, 0x13, 0xf1, 0x14, 0xf2, 0x13, 0xf1, 0x13, 0xf1, 0x13, 0xf1, 0x13, 0xf1, 0x13, 0xf1,
    0x13, 0xf1, 0x13, 0xf1, 0x13, 0xf1, 0x13, 0xf1, 0x13, 0xf1, 0x13, 0xf1, 0x13, 0xf1, 0x13, 0xf1,
    0x13, 0xf1, 0x14, 0xf2, 0x14, 0xf2, 0x13, 0xf1, 0x13, 0xf1, 0x13, 0xf1, 0x13, 0xf1, 0x13, 0xf1,
    0x13, 0xf1, 0x13, 0xf1, 0x13, 0xf1, 0x13, 0xf1, 0x13, 0xf1, 0x13, 0xf1, 0x13, 0xf1, 0x13, 0xf1,
    0x13, 0xf1, 0x13, 0xf1, 0x13, 0xf1, 0x13, 0xf1, 0x13, 0xf1, 0x13, 0xf1, 0x13, 0xf1, 0x12, 0xf1,
    0x12, 0xf1, 0x12, 0xf1, 0x12, 0xf1, 0x12, 0xf1, 0x13, 0xf1, 0x13, 0xf2, 0x14, 0xf2, 0x13, 0xf1,
    0x13, 0xf1, 0x12, 0xf1, 0x12, 0xf1, 0x02, 0xf1, 0x12, 0xf1, 0x02, 0xf1, 0x02, 0xf1, 0x02, 0xf1,
    0x02, 0xf1, 0x13, 0xf1, 0x02, 0xf1, 0x12, 0xf1, 0x02, 0xf1, 0x12, 0xf1, 0x12, 0xf1, 0x13, 0xf1,
    0x14, 0xf2, 0x02, 0xf1, 0x02, 0xf1, 0x12, 0xf1, 0x02, 0xf1, 0x02, 0xf1, 0x02, 0xf1, 0x02, 0xf1,
    0x02, 0xf1, 0x02, 0xf1, 0x02, 0xf1, 0x02, 0xf1, 0x02, 0xf1, 0x02, 0xf1, 0x02, 0xf1, 0x02, 0xf1,
    0x02, 0xf1, 0x02, 0xf1, 0x02, 0xf1, 0x02, 0xf1, 0x02, 0xf1, 0x02, 0xf1, 0x02, 0xf1, 0x02, 0xf1,
    0x02, 0xf1, 0x02, 0xf1, 0x02, 0xf1, 0x02, 0xf1, 0x02, 0xf1, 0x02, 0xf1, 0x02, 0xf1, 0x02, 0xf1,
    0x02, 0xf1, 0x02, 0xf1, 0x02, 0xf1, 0x02, 0xf1, 0x12, 0xf1, 0x02, 0xf1, 0x02, 0xf1, 0x02, 0xf1,
    0x14, 0xf1, 0x14, 0xf2, 0x14, 0xf2, 0x14, 0xf2, 0x14, 0xf2, 0x14, 0xf2, 0x14, 0xf2, 0x14, 0xf2,
    0x14, 0xf2, 0x14, 0xf2, 0x14, 0xf2, 0x14, 0xf2, 0x14, 0xf2, 0x14, 0xf2, 0x14, 0xf1, 0x13, 0xf1,
    0x13, 0xf1, 0x13, 0xf1, 0x13, 0xf1, 0x14, 0xf2, 0x14, 0xf2, 0x14, 0xf1, 0x14, 0xf2, 0x14, 0xf2,
    0x14, 0xf2, 0x14, 0xf2, 0x14, 0xf1, 0x14, 0xf2, 0x14, 0xf2, 0x14, 0xf1, 0x14, 0xf1, 0x14, 0xf2,
    0x14, 0xf2, 0x14, 0xf2, 0x14, 0xf2, 0x14, 0xf2, 0x14, 0xf2, 0x14, 0xf2, 0x14, 0xf2, 0x14, 0xf2,
    0x14, 0xf2, 0x14, 0xf2, 0x14, 0xf2, 0x13, 0xf1, 0x13, 0xf1, 0x13, 0xf1, 0x13, 0xf1, 0x13, 0xf1,
    0x13, 0xf1, 0x13, 0xf1, 0x13, 0xf1, 0x13, 0xf1, 0x13, 0xf1, 0x14, 0xf1, 0x14, 0xf2, 0x13, 0xf1,
    0x14, 0xf2, 0x13, 0xf1, 0x14, 0xf2, 0x13, 0xf1, 0x13, 0xf1, 0x13, 0xf1, 0x13, 0xf1, 0x13, 0xf1,
    0x13, 0xf1, 0x13, 0xf1, 0x13, 0xf1, 0x14, 0xf2, 0x24, 0xf2, 0x14, 0xf2, 0x14, 0xf2, 0x14, 0xf2,
    0x13, 0xf1, 0x13, 0xf1, 0x13, 0xf1, 0x13, 0xf1, 0x14, 0xf2, 0x14, 0xf2, 0x14, 0xf2, 0x13, 0xf2,
    0x14, 0xf2, 0x24, 0xf2, 0x24, 0xf2, 0x24, 0xf2, 0x14, 0xf2, 0x13, 0xf1, 0x13, 0xf1, 0x13, 0xf1,
    0x13, 0xf1, 0x13, 0xf1, 0x13, 0xf1, 0x13, 0xf1, 0x13, 0xf1, 0x13, 0xf1, 0x13, 0xf1, 0x13, 0xf1,
    0x13, 0xf1, 0x13, 0xf1, 0x13, 0xf1, 0x13, 0xf1, 0x13, 0xf1, 0x13, 0xf1, 0x13, 0xf1, 0x13, 0xf1,
    0x13, 0xf1, 0x13, 0xf1, 0x13, 0xf2, 0x14, 0xf2, 0x14, 0xf2, 0x14, 0xf2, 0x14, 0xf2, 0x14, 0xf2,
    0x14, 0xf2, 0x14, 0xf2, 0x14, 0xf2, 0x14, 0xf2, 0x25, 0xf2, 0x57, 0xf3, 0x57, 0xf3, 0x25, 0xf2,
    0x13, 0xf1, 0x13, 0xf1, 0x14, 0xf2, 0x35, 0xf2, 0x14, 0xf2, 0x13, 0xf1, 0x14, 0xf2, 0x14, 0xf1,
    0x13, 0xf1, 0x14, 0xf1, 0x13, 0xf1, 0x14, 0xf2, 0x13, 0xf1, 0x14, 0xf2, 0x14, 0xf2, 0x14, 0xf2,
    0x14, 0xf2, 0x13, 0xf1, 0x13, 0xf1, 0x13, 0xf1, 0x13, 0xf1, 0x14, 0xf2, 0x13, 0xf1, 0x13, 0xf1,
    0x13, 0xf1, 0x13, 0xf1, 0x13, 0xf1, 0x13, 0xf1, 0x13, 0xf1, 0x13, 0xf1, 0x13, 0xf1, 0x13, 0xf1,
    0x13, 0xf1, 0x14, 0xf1, 0x14, 0xf2, 0x14, 0xf2, 0x14, 0xf2, 0x13, 0xf1, 0x13, 0xf1, 0x14, 0xf2,
    0x13, 0xf1, 0x13, 0xf1, 0x13, 0xf1, 0x13, 0xf1, 0x13, 0xf1, 0x13, 0xf1, 0x13, 0xf1, 0x13, 0xf1,
    0x13, 0xf1, 0x13, 0xf1, 0x13, 0xf1, 0x13, 0xf1, 0x13, 0xf1, 0x13, 0xf1, 0x14, 0xf2, 0x13, 0xf1,
    0x13, 0xf1, 0x12, 0xf1, 0x12, 0xf1, 0x12, 0xf1, 0x12, 0xf1, 0x12, 0xf1, 0x13, 0xf1, 0x13, 0xf1,
    0x13, 0xf1, 0x13, 0xf1, 0x13, 0xf1, 0x12, 0xf1, 0x12, 0xf1, 0x02, 0xf1, 0x02, 0xf1, 0x02, 0xf1,
    0x12, 0xf1, 0x13, 0xf1, 0x02, 0xf1, 0x12, 0xf1, 0x02, 0xf1, 0x02, 0xf1, 0x12, 0xf1, 0x13, 0xf1,
    0x14, 0xf2, 0x13, 0xf1, 0x02, 0xf1, 0x12, 0xf1, 0x02, 0xf1, 0x02, 0xf1, 0x02, 0xf1, 0x02, 0xf1,
    0x02, 0xf1, 0x02, 0xf1, 0x02, 0xf1, 0x02, 0xf1, 0x02, 0xf1, 0x02, 0xf1, 0x02, 0xf1, 0x02, 0xf1,
    0x02, 0xf1, 0x02, 0xf1, 0x02, 0xf1, 0x02, 0xf1, 0x02, 0xf1, 0x02, 0xf1, 0x02, 0xf1, 0x02, 0xf1,
    0x02, 0xf1, 0x02, 0xf1, 0x02, 0xf1, 0x02, 0xf1, 0x02, 0xf1, 0x02, 0xf1, 0x02, 0xf1, 0x02, 0xf1,
    0x02, 0xf1, 0x02, 0xf1, 0x02, 0xf1, 0x02, 0xf1, 0x12, 0xf1, 0x02, 0xf1, 0x02, 0xf1, 0x02, 0xf1,
    0x14, 0xf1, 0x14, 0xf2, 0x14, 0xf2, 0x14, 0xf2, 0x14, 0xf2, 0x14, 0xf2, 0x14, 0xf2, 0x14, 0xf2,
    0x14, 0xf2, 0x14, 0xf2, 0x14, 0xf2, 0x14, 0xf2, 0x14, 0xf2, 0x14, 0xf2, 0x14, 0xf2, 0x13, 0xf1,
    0x13, 0xf1, 0x13, 0xf1, 0x13, 0xf1, 0x13, 0xf1, 0x14, 0xf1, 0x14, 0xf2, 0x14, 0xf1, 0x14, 0xf2,
    0x14, 0xf2, 0x14, 0xf2, 0x14, 0xf2, 0x14, 0xf1, 0x13, 0xf1, 0x14, 0xf1, 0x14, 0xf2, 0x14, 0xf2,
    0x24, 0xf2, 0x14, 0xf2, 0x14, 0xf2, 0x14, 0xf2, 0x14, 0xf2, 0x14, 0xf2, 0x14, 0xf2, 0x14, 0xf2,
    0x14, 0xf2, 0x14, 0xf2, 0x14, 0xf1, 0x13, 0xf1, 0x13, 0xf1, 0x14, 0xf2, 0x14, 0xf1, 0x14, 0xf2,
    0x13, 0xf1, 0x13, 0xf1, 0x13, 0xf1, 0x13, 0xf1, 0x13, 0xf1, 0x13, 0xf1, 0x14, 0xf2, 0x14, 0xf2,
    0x14, 0xf2, 0x13, 0xf1, 0x13, 0xf1, 0x13, 0xf1, 0x13, 0xf1, 0x13, 0xf1, 0x13, 0xf1, 0x13, 0xf1,
    0x13, 0xf1, 0x13, 0xf1, 0x13, 0xf1, 0x13, 0xf2, 0x14, 0xf2, 0x14, 0xf2, 0x14, 0xf2, 0x14, 0xf2,
    0x13, 0xf1, 0x13, 0xf1, 0x13, 0xf1, 0x13, 0xf1, 0x14, 0xf2, 0x14, 0xf2, 0x14, 0xf2, 0x14, 0xf1,
    0x13, 0xf1, 0x14, 0xf2, 0x14, 0xf2, 0x14, 0xf2, 0x14, 0xf2, 0x13, 0xf1, 0x13, 0xf1, 0x13, 0xf1,
    0x13, 0xf1, 0x13, 0xf1, 0x13, 0xf1, 0x13, 0xf1, 0x14, 0xf2, 0x14, 0xf2, 0x14, 0xf2, 0x14, 0xf2,
    0x14, 0xf2, 0x13, 0xf1, 0x13, 0xf1, 0x13, 0xf1, 0x13, 0xf1, 0x13, 0xf1, 0x13, 0xf1, 0x14, 0xf1,
    0x14, 0xf2, 0x14, 0xf2, 0x14, 0xf2, 0x14, 0xf2, 0x14, 0xf2, 0x14, 0xf2, 0x14, 0xf2, 0x14, 0xf2,
    0x14, 0xf2, 0x24, 0xf2, 0x14, 0xf2, 0x14, 0xf2, 0x25, 0xf2, 0x46, 0xf2, 0x46, 0xf2, 0x25, 0xf2,
    0x13, 0xf1, 0x13, 0xf1, 0x13, 0xf1, 0x13, 0xf1, 0x13, 0xf1, 0x13, 0xf1, 0x13, 0xf1, 0x13, 0xf1,
    0x13, 0xf1, 0x13, 0xf1, 0x14, 0xf1, 0x13, 0xf1, 0x13, 0xf1, 0x14, 0xf2, 0x13, 0xf1, 0x13, 0xf1,
    0x13, 0xf1, 0x13, 0xf1, 0x13, 0xf1, 0x13, 0xf1, 0x13, 0xf1, 0x13, 0xf1, 0x13, 0xf1, 0x13, 0xf1,
    0x13, 0xf1, 0x13, 0xf1, 0x14, 0xf1, 0x13, 0xf1, 0x13, 0xf1, 0x13, 0xf1, 0x13, 0xf1, 0x13, 0xf1,
    0x13, 0xf1, 0x13, 0xf1, 0x13, 0xf1, 0x14, 0xf2, 0x13, 0xf1, 0x13, 0xf1, 0x14, 0xf2, 0x14, 0xf2,
    0x13, 0xf1, 0x13, 0xf1, 0x13, 0xf1, 0x13, 0xf1, 0x13, 0xf1, 0x13, 0xf1, 0x13, 0xf1, 0x13, 0xf1,
    0x13, 0xf1, 0x13, 0xf1, 0x13, 0xf1, 0x13, 0xf1, 0x13, 0xf1, 0x13, 0xf1, 0x13, 0xf1, 0x13, 0xf1,
    0x13, 0xf1, 0x13, 0xf1, 0x13, 0xf1, 0x12, 0xf1, 0x02, 0xf1, 0x13, 0xf1, 0x13, 0xf1, 0x12, 0xf1,
    0x13, 0xf1, 0x13, 0xf1, 0x13, 0xf1, 0x12, 0xf1, 0x12, 0xf1, 0x02, 0xf1, 0x02, 0xf1, 0x02, 0xf1,
    0x12, 0xf1, 0x13, 0xf1, 0x12, 0xf1, 0x02, 0xf1, 0x02, 0xf1, 0x02, 0xf1, 0x02, 0xf1, 0x13, 0xf1,
    0x14, 0xf2, 0x13, 0xf1, 0x02, 0xf1, 0x02, 0xf1, 0x02, 0xf1, 0x02, 0xf1, 0x02, 0xf1, 0x02, 0xf1,
    0x02, 0xf1, 0x02, 0xf1, 0x02, 0xf1, 0x02, 0xf1, 0x12, 0xf1, 0x02, 0xf1, 0x02, 0xf1, 0x02, 0xf1,
    0x02, 0xf1, 0x02, 0xf1, 0x02, 0xf1, 0x02, 0xf1, 0x02, 0xf1, 0x02, 0xf1, 0x02, 0xf1, 0x02, 0xf1,
    0x02, 0xf1, 0x02, 0xf1, 0x02, 0xf1, 0x02, 0xf1, 0x02, 0xf1, 0x02, 0xf1, 0x02, 0xf1, 0x02, 0xf1,
    0x02, 0xf1, 0x02, 0xf1, 0x02, 0xf1, 0x02, 0xf1, 0x02, 0xf1, 0x02, 0xf1, 0x02, 0xf1, 0x02, 0xf1,
    0x14, 0xf2, 0x14, 0xf2, 0x14, 0xf2, 0x14, 0xf2, 0x14, 0xf2, 0x14, 0xf2, 0x14, 0xf2, 0x14, 0xf2,
    0x14, 0xf2, 0x14, 0xf2, 0x14, 0xf2, 0x14, 0xf2, 0x14, 0xf2, 0x14, 0xf2, 0x14, 0xf2, 0x13, 0xf1,
    0x13, 0xf1, 0x13, 0xf1, 0x14, 0xf2, 0x14, 0xf2, 0x14, 0xf1, 0x14, 0xf1, 0x14, 0xf2, 0x14, 0xf2,
    0x14, 0xf2, 0x14, 0xf2, 0x14, 0xf2, 0x14, 0xf1, 0x13, 0xf1, 0x14, 0xf2, 0x14, 0xf2, 0x14, 0xf2,
    0x14, 0xf2, 0x14, 0xf2, 0x14, 0xf2, 0x14, 0xf2, 0x14, 0xf2, 0x14, 0xf2, 0x14, 0xf2, 0x14, 0xf1,
    0x14, 0xf2, 0x14, 0xf2, 0x13, 0xf1, 0x13, 0xf1, 0x13, 0xf1, 0x14, 0xf2, 0x14, 0xf2, 0x14, 0xf2,
    0x14, 0xf2, 0x14, 0xf1, 0x13, 0xf1, 0x14, 0xf2, 0x13, 0xf1, 0x13, 0xf1, 0x13, 0xf1, 0x13, 0xf1,
    0x13, 0xf1, 0x13, 0xf1, 0x13, 0xf1, 0x13, 0xf1, 0x13, 0xf1, 0x13, 0xf1, 0x13, 0xf1, 0x13, 0xf1,
    0x14, 0xf2, 0x13, 0xf1, 0x13, 0xf1, 0x13, 0xf1, 0x13, 0xf1, 0x14, 0xf1, 0x14, 0xf2, 0x13, 0xf1,
    0x13, 0xf1, 0x13, 0xf1, 0x14, 0xf1, 0x14, 0xf2, 0x14, 0xf2, 0x14, 0xf2, 0x14, 0xf2, 0x13, 0xf1,
    0x13, 0xf1, 0x14, 0xf1, 0x13, 0xf1, 0x13, 0xf1, 0x13, 0xf1, 0x13, 0xf1, 0x13, 0xf1, 0x13, 0xf1,
    0x13, 0xf1, 0x13, 0xf1, 0x13, 0xf1, 0x13, 0xf1, 0x14, 0xf2, 0x14, 0xf2, 0x24, 0xf2, 0x24, 0xf2,
    0x24, 0xf2, 0x14, 0xf2, 0x13, 0xf1, 0x13, 0xf1, 0x13, 0xf1, 0x13, 0xf1, 0x13, 0xf1, 0x13, 0xf1,
    0x14, 0xf2, 0x14, 0xf2, 0x24, 0xf2, 0x14, 0xf2, 0x14, 0xf2, 0x14, 0xf2, 0x14, 0xf2, 0x14, 0xf2,
    0x14, 0xf2, 0x14, 0xf2, 0x14, 0xf2, 0x14, 0xf2, 0x24, 0xf2, 0x25, 0xf2, 0x24, 0xf2, 0x14, 0xf2,
    0x13, 0xf1, 0x13, 0xf1, 0x13, 0xf1, 0x13, 0xf1, 0x13, 0xf1, 0x13, 0xf1, 0x13, 0xf1, 0x13, 0xf1,
    0x14, 0xf2, 0x24, 0xf2, 0x14, 0xf2, 0x14, 0xf2, 0x13, 0xf1, 0x13, 0xf1, 0x14, 0xf2, 0x14, 0xf2,
    0x13, 0xf1, 0x13, 0xf1, 0x13, 0xf1, 0x13, 0xf1, 0x13, 0xf1, 0x14, 0xf1, 0x13, 0xf1, 0x13, 0xf1,
    0x13, 0xf1, 0x13, 0xf1, 0x13, 0xf1, 0x13, 0xf1, 0x13, 0xf1, 0x13, 0xf1, 0x13, 0xf1, 0x13, 0xf1,
    0x13, 0xf1, 0x13, 0xf1, 0x13, 0xf1, 0x13, 0xf1, 0x13, 0xf1, 0x13, 0xf1, 0x13, 0xf1, 0x13, 0xf1,
    0x13, 0xf1, 0x13, 0xf1, 0x13, 0xf1, 0x13, 0xf1, 0x13, 0xf1, 0x13, 0xf1, 0x13, 0xf1, 0x13, 0xf1,
    0x13, 0xf1, 0x13, 0xf1, 0x13, 0xf1, 0x13, 0xf1, 0x13, 0xf1, 0x13, 0xf1, 0x12, 0xf1, 0x13, 0xf1,
    0x13, 0xf1, 0x13, 0xf1, 0x13, 0xf1, 0x12, 0xf1, 0x12, 0xf1, 0x12, 0xf1, 0x13, 0xf1, 0x12, 0xf1,
    0x12, 0xf1, 0x12, 0xf1, 0x12, 0xf1, 0x12, 0xf1, 0x02, 0xf1, 0x12, 0xf1, 0x02, 0xf1, 0x02, 0xf1,
    0x12, 0xf1, 0x13, 0xf1, 0x02, 0xf1, 0x02, 0xf1, 0x02, 0xf1, 0x02, 0xf1, 0x12, 0xf1, 0x13, 0xf1,
    0x13, 0xf1, 0x13, 0xf1, 0x02, 0xf1, 0x02, 0xf1, 0x02, 0xf1, 0x02, 0xf1, 0x02, 0xf1, 0x02, 0xf1,
    0x02, 0xf1, 0x02, 0xf1, 0x02, 0xf1, 0x02, 0xf1, 0x02, 0xf1, 0x02, 0xf1, 0x02, 0xf1, 0x02, 0xf1,
    0x02, 0xf1, 0x02, 0xf1, 0x02, 0xf1, 0x02, 0xf1, 0x02, 0xf1, 0x02, 0xf1, 0x02, 0xf1, 0x02, 0xf1,
    0x02, 0xf1, 0x02, 0xf1, 0x02, 0xf1, 0x02, 0xf1, 0x02, 0xf1, 0x02, 0xf1, 0x02, 0xf1, 0x02, 0xf1,
    0x02, 0xf1, 0x02, 0xf1, 0x02, 0xf1, 0x02, 0xf1, 0x02, 0xf1, 0x02, 0xf1, 0x02, 0xf1, 0x02, 0xf1,
    0x14, 0xf2, 0x14, 0xf2, 0x14, 0xf2, 0x14, 0xf2, 0x14, 0xf2, 0x14, 0xf2, 0x14, 0xf2, 0x14, 0xf2,
    0x14, 0xf2, 0x14, 0xf1, 0x14, 0xf2, 0x14, 0xf2, 0x14, 0xf2, 0x14, 0xf2, 0x14, 0xf2, 0x13, 0xf1,
    0x13, 0xf1, 0x13, 0xf1, 0x13, 0xf1, 0x14, 0xf1, 0x14, 0xf2, 0x14, 0xf2, 0x14, 0xf2, 0x14, 0xf2,
    0x14, 0xf2, 0x14, 0xf2, 0x14, 0xf2, 0x13, 0xf1, 0x13, 0xf1, 0x14, 0xf2, 0x14, 0xf2, 0x15, 0xf2,
    0x25, 0xf2, 0x14, 0xf2, 0x14, 0xf2, 0x14, 0xf2, 0x14, 0xf2, 0x14, 0xf2, 0x14, 0xf2, 0x13, 0xf1,
    0x13, 0xf1, 0x14, 0xf1, 0x14, 0xf2, 0x13, 0xf1, 0x13, 0xf1, 0x13, 0xf1, 0x13, 0xf1, 0x14, 0xf1,
    0x14, 0xf2, 0x14, 0xf1, 0x13, 0xf1, 0x14, 0xf1, 0x14, 0xf2, 0x14, 0xf1, 0x14, 0xf1, 0x14, 0xf1,
    0x13, 0xf1, 0x13, 0xf1, 0x13, 0xf1, 0x13, 0xf1, 0x13, 0xf1, 0x13, 0xf1, 0x13, 0xf1, 0x13, 0xf1,
    0x25, 0xf2, 0x14, 0xf2, 0x13, 0xf1, 0x13, 0xf1, 0x13, 0xf1, 0x13, 0xf1, 0x13, 0xf1, 0x13, 0xf1,
    0x13, 0xf1, 0x13, 0xf1, 0x13, 0xf1, 0x13, 0xf1, 0x14, 0xf2, 0x14, 0xf2, 0x14, 0xf2, 0x13, 0xf1,
    0x13, 0xf1, 0x13, 0xf1, 0x14, 0xf2, 0x14, 0xf2, 0x14, 0xf2, 0x13, 0xf1, 0x14, 0xf2, 0x14, 0xf2,
    0x14, 0xf2, 0x14, 0xf2, 0x14, 0xf2, 0x24, 0xf2, 0x25, 0xf2, 0x24, 0xf2, 0x14, 0xf2, 0x14, 0xf2,
    0x14, 0xf2, 0x14, 0xf2, 0x14, 0xf2, 0x13, 0xf1, 0x13, 0xf1, 0x13, 0xf1, 0x13, 0xf1, 0x14, 0xf2,
    0x14, 0xf2, 0x14, 0xf2, 0x24, 0xf2, 0x14, 0xf2, 0x14, 0xf2, 0x14, 0xf2, 0x14, 0xf2, 0x14, 0xf2,
    0x14, 0xf2, 0x14, 0xf2, 0x14, 0xf2, 0x14, 0xf2, 0x14, 0xf2, 0x14, 0xf2, 0x14, 0xf2, 0x13, 0xf1,
    0x13, 0xf1, 0x14, 0xf1, 0x13, 0xf1, 0x13, 0xf1, 0x13, 0xf1, 0x14, 0xf2, 0x14, 0xf2, 0x14, 0xf1,
    0x14, 0xf2, 0x25, 0xf2, 0x24, 0xf2, 0x24, 0xf2, 0x13, 0xf1, 0x13, 0xf1, 0x14, 0xf2, 0x13, 0xf1,
    0x13, 0xf1, 0x13, 0xf1, 0x13, 0xf1, 0x13, 0xf1, 0x14, 0xf1, 0x13, 0xf1, 0x13, 0xf1, 0x13, 0xf1,
    0x13, 0xf1, 0x13, 0xf1, 0x13, 0xf1, 0x13, 0xf1, 0x13, 0xf1, 0x13, 0xf1, 0x13, 0xf1, 0x13, 0xf1,
    0x13, 0xf1, 0x14, 0xf2, 0x14, 0xf2, 0x13, 0xf1, 0x13, 0xf1, 0x13, 0xf1, 0x13, 0xf2, 0x13, 0xf1,
    0x13, 0xf1, 0x13, 0xf1, 0x13, 0xf1, 0x13, 0xf1, 0x13, 0xf1, 0x13, 0xf1, 0x13, 0xf1, 0x13, 0xf1,
    0x13, 0xf1, 0x13, 0xf1, 0x13, 0xf1, 0x13, 0xf1, 0x13, 0xf1, 0x13, 0xf1, 0x13, 0xf1, 0x13, 0xf1,
    0x13, 0xf1, 0x13, 0xf1, 0x13, 0xf1, 0x12, 0xf1, 0x02, 0xf1, 0x12, 0xf1, 0x12, 0xf1, 0x12, 0xf1,
    0x12, 0xf1, 0x12, 0xf1, 0x13, 0xf1, 0x13, 0xf1, 0x24, 0xf2, 0x12, 0xf1, 0x02, 0xf1, 0x12, 0xf1,
    0x02, 0xf1, 0x02, 0xf1, 0x02, 0xf1, 0x12, 0xf1, 0x02, 0xf1, 0x12, 0xf1, 0x13, 0xf1, 0x13, 0xf1,
    0x13, 0xf1, 0x13, 0xf1, 0x02, 0xf1, 0x02, 0xf1, 0x02, 0xf1, 0x02, 0xf1, 0x12, 0xf1, 0x12, 0xf1,
    0x02, 0xf1, 0x02, 0xf1, 0x02, 0xf1, 0x02, 0xf1, 0x02, 0xf1, 0x02, 0xf1, 0x02, 0xf1, 0x02, 0xf1,
    0x02, 0xf1, 0x02, 0xf1, 0x02, 0xf1, 0x02, 0xf1, 0x02, 0xf1, 0x02, 0xf1, 0x02, 0xf1, 0x02, 0xf1,
    0x02, 0xf1, 0x02, 0xf1, 0x02, 0xf1, 0x02, 0xf1, 0x02, 0xf1, 0x02, 0xf1, 0x02, 0xf1, 0x02, 0xf1,
    0x02, 0xf1, 0x02, 0xf1, 0x02, 0xf1, 0x02, 0xf1, 0x02, 0xf1, 0x02, 0xf1, 0x02, 0xf1, 0x02, 0xf1,
    0x14, 0xf2, 0x14, 0xf2, 0x14, 0xf2, 0x14, 0xf2, 0x14, 0xf2, 0x14, 0xf2, 0x14, 0xf2, 0x14, 0xf2,
    0x14, 0xf2, 0x14, 0xf2, 0x14, 0xf2, 0x14, 0xf2, 0x14, 0xf2, 0x14, 0xf2, 0x14, 0xf2, 0x14, 0xf2,
    0x13, 0xf1, 0x13, 0xf1, 0x13, 0xf1, 0x14, 0xf1, 0x13, 0xf1, 0x14, 0xf2, 0x14, 0xf2, 0x14, 0xf2,
    0x14, 0xf2, 0x14, 0xf2, 0x14, 0xf2, 0x14, 0xf2, 0x14, 0xf2, 0x14, 0xf2, 0x14, 0xf2, 0x15, 0xf2,
    0x25, 0xf2, 0x25, 0xf2, 0x14, 0xf2, 0x14, 0xf1, 0x13, 0xf1, 0x14, 0xf2, 0x14, 0xf2, 0x14, 0xf1,
    0x13, 0xf1, 0x14, 0xf1, 0x13, 0xf1, 0x13, 0xf1, 0x14, 0xf1, 0x13, 0xf1, 0x13, 0xf1, 0x13, 0xf1,
    0x13, 0xf1, 0x13, 0xf1, 0x13, 0xf1, 0x13, 0xf1, 0x13, 0xf1, 0x14, 0xf2, 0x14, 0xf1, 0x14, 0xf2,
    0x13, 0xf1, 0x13, 0xf1, 0x13, 0xf1, 0x13, 0xf1, 0x13, 0xf1, 0x13, 0xf1, 0x13, 0xf1, 0x13, 0xf1,
    0x13, 0xf1, 0x13, 0xf1, 0x13, 0xf1, 0x13, 0xf1, 0x13, 0xf1, 0x13, 0xf1, 0x13, 0xf1, 0x13, 0xf1,
    0x13, 0xf1, 0x13, 0xf1, 0x13, 0xf1, 0x13, 0xf1, 0x13, 0xf1, 0x14, 0xf2, 0x13, 0xf1, 0x13, 0xf1,
    0x13, 0xf1, 0x14, 0xf2, 0x14, 0xf2, 0x14, 0xf2, 0x14, 0xf2, 0x13, 0xf1, 0x14, 0xf1, 0x13, 0xf1,
    0x14, 0xf2, 0x14, 0xf2, 0x25, 0xf2, 0x25, 0xf2, 0x25, 0xf2, 0x24, 0xf2, 0x14, 0xf2, 0x14, 0xf2,
    0x14, 0xf2, 0x14, 0xf2, 0x14, 0xf2, 0x14, 0xf2, 0x14, 0xf2, 0x13, 0xf1, 0x14, 0xf1, 0x14, 0xf2,
    0x14, 0xf2, 0x14, 0xf2, 0x24, 0xf2, 0x24, 0xf2, 0x14, 0xf2, 0x14, 0xf2, 0x14, 0xf2, 0x14, 0xf2,
    0x14, 0xf2, 0x14, 0xf2, 0x14, 0xf2, 0x14, 0xf2, 0x14, 0xf2, 0x14, 0xf2, 0x14, 0xf2, 0x13, 0xf1,
    0x13, 0xf1, 0x13, 0xf1, 0x13, 0xf1, 0x14, 0xf1, 0x14, 0xf1, 0x14, 0xf2, 0x14, 0xf2, 0x14, 0xf2,
    0x14, 0xf2, 0x14, 0xf2, 0x14, 0xf2, 0x14, 0xf2, 0x13, 0xf1, 0x13, 0xf1, 0x13, 0xf1, 0x13, 0xf1,
    0x13, 0xf1, 0x13, 0xf1, 0x13, 0xf1, 0x13, 0xf1, 0x14, 0xf1, 0x13, 0xf1, 0x14, 0xf2, 0x13, 0xf1,
    0x13, 0xf1, 0x13, 0xf1, 0x14, 0xf2, 0x13, 0xf1, 0x13, 0xf1, 0x13, 0xf1, 0x13, 0xf1, 0x14, 0xf2,
    0x14, 0xf2, 0x14, 0xf2, 0x13, 0xf1, 0x13, 0xf1, 0x13, 0xf1, 0x13, 0xf1, 0x14, 0xf2, 0x14, 0xf2,
    0x13, 0xf1, 0x13, 0xf1, 0x13, 0xf1, 0x13, 0xf1, 0x13, 0xf1, 0x13, 0xf1, 0x13, 0xf1, 0x13, 0xf1,
    0x13, 0xf1, 0x13, 0xf1, 0x13, 0xf1, 0x13, 0xf1, 0x13, 0xf1, 0x13, 0xf1, 0x13, 0xf1, 0x13, 0xf1,
    0x13, 0xf1, 0x13, 0xf1, 0x13, 0xf1, 0x12, 0xf1, 0x12, 0xf1, 0x12, 0xf1, 0x12, 0xf1, 0x13, 0xf1,
    0x12, 0xf1, 0x13, 0xf1, 0x13, 0xf1, 0x24, 0xf2, 0x46, 0xf2, 0x13, 0xf1, 0x02, 0xf1, 0x02, 0xf1,
    0x12, 0xf1, 0x02, 0xf1, 0x02, 0xf1, 0x12, 0xf1, 0x12, 0xf1, 0x12, 0xf1, 0x12, 0xf1, 0x12, 0xf1,
    0x12, 0xf1, 0x12, 0xf1, 0x02, 0xf1, 0x02, 0xf1, 0x02, 0xf1, 0x12, 0xf1, 0x02, 0xf1, 0x02, 0xf1,
    0x02, 0xf1, 0x02, 0xf1, 0x02, 0xf1, 0x02, 0xf1, 0x02, 0xf1, 0x02, 0xf1, 0x02, 0xf1, 0x02, 0xf1,
    0x02, 0xf1, 0x02, 0xf1, 0x02, 0xf1, 0x02, 0xf1, 0x02, 0xf1, 0x02, 0xf1, 0x02, 0xf1, 0x02, 0xf1,
    0x02, 0xf1, 0x02, 0xf1, 0x02, 0xf1, 0x02, 0xf1, 0x02, 0xf1, 0x02, 0xf1, 0x02, 0xf1, 0x02, 0xf1,
    0x02, 0xf1, 0x02, 0xf1, 0x02, 0xf1, 0x02, 0xf1, 0x02, 0xf1, 0x02, 0xf1, 0x02, 0xf1, 0x02, 0xf1,
    0x14, 0xf2, 0x14, 0xf2, 0x14, 0xf2, 0x14, 0xf2, 0x14, 0xf2, 0x14, 0xf2, 0x14, 0xf2, 0x14, 0xf2,
    0x14, 0xf2, 0x14, 0xf1, 0x14, 0xf2, 0x14, 0xf2, 0x14, 0xf2, 0x14, 0xf2, 0x14, 0xf2, 0x14, 0xf2,
    0x14, 0xf1, 0x13, 0xf1, 0x13, 0xf1, 0x14, 0xf2, 0x14, 0xf1, 0x14, 0xf2, 0x14, 0xf2, 0x14, 0xf2,
    0x14, 0xf2, 0x14, 0xf2, 0x14, 0xf2, 0x14, 0xf2, 0x14, 0xf2, 0x14, 0xf2, 0x14, 0xf2, 0x14, 0xf2,
    0x25, 0xf2, 0x14, 0xf2, 0x14, 0xf2, 0x14, 0xf2, 0x14, 0xf2, 0x14, 0xf2, 0x14, 0xf2, 0x14, 0xf2,
    0x14, 0xf2, 0x14, 0xf1, 0x14, 0xf2, 0x14, 0xf2, 0x14, 0xf2, 0x13, 0xf1, 0x13, 0xf1, 0x13, 0xf1,
    0x13, 0xf1, 0x13, 0xf1, 0x13, 0xf1, 0x13, 0xf1, 0x14, 0xf2, 0x14, 0xf1, 0x13, 0xf1, 0x13, 0xf1,
    0x13, 0xf1, 0x13, 0xf1, 0x13, 0xf1, 0x13, 0xf1, 0x13, 0xf1, 0x13, 0xf1, 0x13, 0xf1, 0x13, 0xf1,
    0x13, 0xf1, 0x13, 0xf1, 0x13, 0xf1, 0x13, 0xf1, 0x13, 0xf1, 0x13, 0xf1, 0x13, 0xf1, 0x13, 0xf1,
    0x13, 0xf1, 0x13, 0xf1, 0x13, 0xf1, 0x13, 0xf1, 0x14, 0xf1, 0x14, 0xf2, 0x14, 0xf2, 0x14, 0xf2,
    0x13, 0xf1, 0x14, 0xf2, 0x14, 0xf2, 0x14, 0xf2, 0x14, 0xf2, 0x13, 0xf1, 0x14, 0xf1, 0x13, 0xf1,
    0x13, 0xf1, 0x14, 0xf2, 0x25, 0xf2, 0x25, 0xf2, 0x24, 0xf2, 0x14, 0xf2, 0x14, 0xf2, 0x14, 0xf2,
    0x14, 0xf2, 0x14, 0xf2, 0x14, 0xf2, 0x14, 0xf2, 0x14, 0xf2, 0x14, 0xf2, 0x14, 0xf2, 0x24, 0xf2,
    0x25, 0xf2, 0x14, 0xf2, 0x24, 0xf2, 0x24, 0xf2, 0x24, 0xf2, 0x24, 0xf2, 0x14, 0xf2, 0x14, 0xf2,
    0x14, 0xf2, 0x24, 0xf2, 0x14, 0xf2, 0x14, 0xf2, 0x13, 0xf1, 0x14, 0xf2, 0x14, 0xf2, 0x13, 0xf1,
    0x14, 0xf2, 0x13, 0xf1, 0x13, 0xf1, 0x13, 0xf1, 0x14, 0xf2, 0x14, 0xf2, 0x13, 0xf1, 0x14, 0xf1,
    0x14, 0xf2, 0x14, 0xf2, 0x14, 0xf2, 0x14, 0xf2, 0x13, 0xf1, 0x13, 0xf1, 0x13, 0xf1, 0x13, 0xf1,
    0x13, 0xf1, 0x13, 0xf1, 0x13, 0xf1, 0x13, 0xf1, 0x13, 0xf1, 0x13, 0xf1, 0x13, 0xf1, 0x14, 0xf2,
    0x13, 0xf1, 0x13, 0xf1, 0x13, 0xf1, 0x13, 0xf1, 0x13, 0xf1, 0x13, 0xf1, 0x13, 0xf1, 0x14, 0xf2,
    0x24, 0xf2, 0x13, 0xf1, 0x13, 0xf1, 0x13, 0xf1, 0x13, 0xf1, 0x14, 0xf2, 0x24, 0xf2, 0x24, 0xf2,
    0x13, 0xf1, 0x13, 0xf1, 0x13, 0xf1, 0x13, 0xf1, 0x13, 0xf1, 0x13, 0xf1, 0x13, 0xf1, 0x13, 0xf1,
    0x13, 0xf1, 0x13, 0xf1, 0x13, 0xf1, 0x13, 0xf1, 0x13, 0xf1, 0x13, 0xf1, 0x13, 0xf1, 0x13, 0xf1,
    0x13, 0xf1, 0x13, 0xf1, 0x13, 0xf1, 0x13, 0xf1, 0x12, 0xf1, 0x12, 0xf1, 0x12, 0xf1, 0x13, 0xf1,
    0x13, 0xf1, 0x13, 0xf1, 0x13, 0xf1, 0x12, 0xf1, 0x13, 0xf1, 0x12, 0xf1, 0x12, 0xf1, 0x12, 0xf1,
    0x12, 0xf1, 0x12, 0xf1, 0x12, 0xf1, 0x02, 0xf1, 0x02, 0xf1, 0x12, 0xf1, 0x12, 0xf1, 0x02, 0xf1,
    0x12, 0xf1, 0x13, 0xf1, 0x12, 0xf1, 0x02, 0xf1, 0x02, 0xf1, 0x02, 0xf1, 0x02, 0xf1, 0x02, 0xf1,
    0x02, 0xf1, 0x02, 0xf1, 0x02, 0xf1, 0x02, 0xf1, 0x02, 0xf1, 0x02, 0xf1, 0x02, 0xf1, 0x02, 0xf1,
    0x02, 0xf1, 0x02, 0xf1, 0x02, 0xf1, 0x12, 0xf1, 0x02, 0xf1, 0x02, 0xf1, 0x02, 0xf1, 0x02, 0xf1,
    0x02, 0xf1, 0x02, 0xf1, 0x02, 0xf1, 0x02, 0xf1, 0x02, 0xf1, 0x02, 0xf1, 0x02, 0xf1, 0x02, 0xf1,
    0x02, 0xf1, 0x02, 0xf1, 0x02, 0xf1, 0x02, 0xf1, 0x02, 0xf1, 0x02, 0xf1, 0x02, 0xf1, 0x02, 0xf1,
    0x14, 0xf2, 0x14, 0xf2, 0x14, 0xf2, 0x14, 0xf2, 0x14, 0xf2, 0x14, 0xf2, 0x14, 0xf2, 0x14, 0xf2,
    0x14, 0xf2, 0x14, 0xf2, 0x14, 0xf2, 0x14, 0xf2, 0x14, 0xf2, 0x14, 0xf2, 0x14, 0xf2, 0x14, 0xf1,
    0x13, 0xf1, 0x14, 0xf2, 0x14, 0xf2, 0x14, 0xf1, 0x14, 0xf1, 0x14, 0xf2, 0x14, 0xf2, 0x14, 0xf2,
    0x14, 0xf2, 0x14, 0xf2, 0x14, 0xf1, 0x13, 0xf1, 0x13, 0xf1, 0x14, 0xf2, 0x14, 0xf2, 0x14, 0xf2,
    0x25, 0xf2, 0x14, 0xf2, 0x14, 0xf2, 0x14, 0xf2, 0x14, 0xf2, 0x14, 0xf2, 0x25, 0xf2, 0x36, 0xf2,
    0x25, 0xf2, 0x14, 0xf2, 0x14, 0xf2, 0x46, 0xf2, 0x25, 0xf2, 0x13, 0xf1, 0x13, 0xf1, 0x13, 0xf1,
    0x13, 0xf1, 0x13, 0xf1, 0x13, 0xf1, 0x13, 0xf1, 0x13, 0xf1, 0x13, 0xf1, 0x13, 0xf1, 0x13, 0xf1,
    0x13, 0xf1, 0x13, 0xf1, 0x13, 0xf1, 0x13, 0xf1, 0x13, 0xf1, 0x13, 0xf1, 0x13, 0xf1, 0x13, 0xf1,
    0x13, 0xf1, 0x13, 0xf1, 0x13, 0xf1, 0x13, 0xf1, 0x13, 0xf1, 0x13, 0xf1, 0x13, 0xf1, 0x14, 0xf1,
    0x14, 0xf1, 0x13, 0xf1, 0x14, 0xf2, 0x14, 0xf2, 0x14, 0xf2, 0x14, 0xf2, 0x25, 0xf2, 0x14, 0xf2,
    0x13, 0xf1, 0x14, 0xf1, 0x13, 0xf1, 0x13, 0xf1, 0x14, 0xf2, 0x14, 0xf2, 0x14, 0xf2, 0x14, 0xf2,
    0x14, 0xf2, 0x14, 0xf2, 0x25, 0xf2, 0x24, 0xf2, 0x14, 0xf2, 0x14, 0xf2, 0x14, 0xf2, 0x14, 0xf2,
    0x14, 0xf2, 0x14, 0xf2, 0x13, 0xf1, 0x14, 0xf2, 0x14, 0xf2, 0x14, 0xf2, 0x25, 0xf2, 0x57, 0xf3,
    0x47, 0xf3, 0x25, 0xf2, 0x24, 0xf2, 0x14, 0xf2, 0x35, 0xf2, 0x47, 0xf2, 0x14, 0xf2, 0x14, 0xf2,
    0x14, 0xf2, 0x14, 0xf2, 0x14, 0xf1, 0x13, 0xf2, 0x14, 0xf1, 0x14, 0xf2, 0x14, 0xf2, 0x14, 0xf2,
    0x13, 0xf1, 0x13, 0xf1, 0x14, 0xf2, 0x14, 0xf2, 0x14, 0xf2, 0x13, 0xf1, 0x13, 0xf1, 0x13, 0xf1,
    0x13, 0xf1, 0x14, 0xf2, 0x14, 0xf2, 0x14, 0xf2, 0x13, 0xf1, 0x13, 0xf1, 0x13, 0xf1, 0x24, 0xf2,
    0x14, 0xf2, 0x13, 0xf1, 0x13, 0xf1, 0x13, 0xf1, 0x13, 0xf1, 0x13, 0xf1, 0x13, 0xf1, 0x13, 0xf1,
    0x13, 0xf1, 0x13, 0xf1, 0x13, 0xf1, 0x13, 0xf1, 0x24, 0xf2, 0x14, 0xf2, 0x13, 0xf1, 0x24, 0xf2,
    0x14, 0xf2, 0x13, 0xf1, 0x13, 0xf1, 0x13, 0xf1, 0x13, 0xf1, 0x14, 0xf2, 0x24, 0xf2, 0x24, 0xf2,
    0x14, 0xf2, 0x13, 0xf1, 0x13, 0xf1, 0x13, 0xf1, 0x13, 0xf1, 0x24, 0xf2, 0x13, 0xf1, 0x13, 0xf1,
    0x13, 0xf1, 0x13, 0xf1, 0x13, 0xf1, 0x13, 0xf1, 0x13, 0xf1, 0x13, 0xf1, 0x13, 0xf1, 0x13, 0xf1,
    0x13, 0xf1, 0x13, 0xf1, 0x13, 0xf1, 0x13, 0xf1, 0x13, 0xf1, 0x12, 0xf1, 0x13, 0xf1, 0x13, 0xf1,
    0x13, 0xf1, 0x13, 0xf1, 0x13, 0xf1, 0x13, 0xf1, 0x13, 0xf1, 0x12, 0xf1, 0x12, 0xf1, 0x12, 0xf1,
    0x02, 0xf1, 0x02, 0xf1, 0x02, 0xf1, 0x02, 0xf1, 0x02, 0xf1, 0x12, 0xf1, 0x13, 0xf1, 0x12, 0xf1,
    0x12, 0xf1, 0x02, 0xf1, 0x02, 0xf1, 0x02, 0xf1, 0x02, 0xf1, 0x12, 0xf1, 0x02, 0xf1, 0x02, 0xf1,
    0x02, 0xf1, 0x02, 0xf1, 0x02, 0xf1, 0x02, 0xf1, 0x02, 0xf1, 0x02, 0xf1, 0x02, 0xf1, 0x02, 0xf1,
    0x02, 0xf1, 0x02, 0xf1, 0x02, 0xf1, 0x02, 0xf1, 0x02, 0xf1, 0x02, 0xf1, 0x02, 0xf1, 0x02, 0xf1,
    0x02, 0xf1, 0x02, 0xf1, 0x02, 0xf1, 0x02, 0xf1, 0x02, 0xf1, 0x02, 0xf1, 0x02, 0xf1, 0x02, 0xf1,
    0x02, 0xf1, 0x02, 0xf1, 0x02, 0xf1, 0x02, 0xf1, 0x02, 0xf1, 0x02, 0xf1, 0x02, 0xf1, 0x02, 0xf1,
    0x14, 0xf2, 0x14, 0xf2, 0x14, 0xf2, 0x14, 0xf2, 0x14, 0xf2, 0x14, 0xf2, 0x14, 0xf2, 0x14, 0xf2,
    0x14, 0xf2, 0x14, 0xf2, 0x14, 0xf2, 0x14, 0xf2, 0x14, 0xf2, 0x14, 0xf2, 0x14, 0xf2, 0x13, 0xf1,
    0x13, 0xf1, 0x14, 0xf2, 0x14, 0xf2, 0x14, 0xf1, 0x13, 0xf1, 0x13, 0xf1, 0x14, 0xf1, 0x14, 0xf2,
    0x14, 0xf2, 0x14, 0xf2, 0x14, 0xf2, 0x14, 0xf2, 0x14, 0xf2, 0x14, 0xf2, 0x14, 0xf2, 0x14, 0xf2,
    0x25, 0xf2, 0x14, 0xf2, 0x14, 0xf2, 0x14, 0xf2, 0x14, 0xf2, 0x14, 0xf2, 0x25, 0xf2, 0x36, 0xf2,
    0x25, 0xf2, 0x14, 0xf1, 0x14, 0xf2, 0x36, 0xf2, 0x25, 0xf2, 0x13, 0xf1, 0x13, 0xf1, 0x13, 0xf1,
    0x13, 0xf1, 0x13, 0xf1, 0x13, 0xf1, 0x13, 0xf1, 0x13, 0xf1, 0x13, 0xf1, 0x14, 0xf1, 0x14, 0xf1,
    0x13, 0xf1, 0x13, 0xf1, 0x13, 0xf1, 0x13, 0xf1, 0x13, 0xf1, 0x13, 0xf1, 0x13, 0xf1, 0x13, 0xf1,
    0x14, 0xf1, 0x13, 0xf1, 0x13, 0xf1, 0x13, 0xf1, 0x13, 0xf1, 0x14, 0xf1, 0x13, 0xf1, 0x13, 0xf1,
    0x14, 0xf2, 0x14, 0xf2, 0x14, 0xf2, 0x14, 0xf2, 0x14, 0xf2, 0x14, 0xf2, 0x14, 0xf2, 0x14, 0xf2,
    0x14, 0xf2, 0x14, 0xf2, 0x14, 0xf2, 0x14, 0xf2, 0x13, 0xf1, 0x14, 0xf2, 0x13, 0xf1, 0x13, 0xf1,
    0x24, 0xf2, 0x25, 0xf2, 0x24, 0xf2, 0x14, 0xf2, 0x14, 0xf2, 0x14, 0xf2, 0x24, 0xf2, 0x14, 0xf2,
    0x14, 0xf2, 0x14, 0xf2, 0x13, 0xf1, 0x14, 0xf2, 0x14, 0xf2, 0x14, 0xf2, 0x25, 0xf2, 0x68, 0xf3,
    0x68, 0xf3, 0x25, 0xf2, 0x14, 0xf2, 0x14, 0xf2, 0x25, 0xf2, 0x25, 0xf2, 0x14, 0xf2, 0x14, 0xf2,
    0x14, 0xf2, 0x14, 0xf2, 0x14, 0xf1, 0x14, 0xf2, 0x14, 0xf2, 0x14, 0xf2, 0x14, 0xf2, 0x14, 0xf2,
    0x14, 0xf2, 0x13, 0xf1, 0x14, 0xf2, 0x14, 0xf2, 0x14, 0xf2, 0x13, 0xf1, 0x14, 0xf2, 0x14, 0xf2,
    0x13, 0xf1, 0x13, 0xf1, 0x13, 0xf1, 0x13, 0xf1, 0x14, 0xf2, 0x14, 0xf2, 0x13, 0xf1, 0x14, 0xf2,
    0x14, 0xf2, 0x14, 0xf2, 0x13, 0xf1, 0x13, 0xf1, 0x13, 0xf1, 0x13, 0xf1, 0x13, 0xf1, 0x13, 0xf1,
    0x13, 0xf1, 0x13, 0xf1, 0x13, 0xf1, 0x13, 0xf1, 0x13, 0xf2, 0x13, 0xf1, 0x14, 0xf2, 0x24, 0xf2,
    0x13, 0xf1, 0x13, 0xf1, 0x14, 0xf2, 0x13, 0xf1, 0x14, 0xf2, 0x14, 0xf2, 0x13, 0xf2, 0x14, 0xf2,
    0x13, 0xf1, 0x13, 0xf1, 0x13, 0xf1, 0x13, 0xf1, 0x13, 0xf1, 0x13, 0xf1, 0x13, 0xf1, 0x13, 0xf1,
    0x13, 0xf1, 0x14, 0xf2, 0x24, 0xf2, 0x25, 0xf2, 0x24, 0xf2, 0x13, 0xf1, 0x13, 0xf1, 0x13, 0xf1,
    0x13, 0xf1, 0x13, 0xf1, 0x13, 0xf1, 0x13, 0xf1, 0x13, 0xf1, 0x13, 0xf1, 0x13, 0xf1, 0x13, 0xf1,
    0x13, 0xf1, 0x13, 0xf1, 0x13, 0xf1, 0x12, 0xf1, 0x13, 0xf1, 0x13, 0xf1, 0x12, 0xf1, 0x12, 0xf1,
    0x12, 0xf1, 0x02, 0xf1, 0x02, 0xf1, 0x12, 0xf1, 0x12, 0xf1, 0x12, 0xf1, 0x13, 0xf1, 0x02, 0xf1,
    0x12, 0xf1, 0x12, 0xf1, 0x12, 0xf1, 0x02, 0xf1, 0x02, 0xf1, 0x02, 0xf1, 0x02, 0xf1, 0x12, 0xf1,
    0x12, 0xf1, 0x02, 0xf1, 0x02, 0xf1, 0x02, 0xf1, 0x02, 0xf1, 0x02, 0xf1, 0x02, 0xf1, 0x02, 0xf1,
    0x02, 0xf1, 0x02, 0xf1, 0x02, 0xf1, 0x12, 0xf1, 0x02, 0xf1, 0x02, 0xf1, 0x02, 0xf1, 0x02, 0xf1,
    0x02, 0xf1, 0x02, 0xf1, 0x02, 0xf1, 0x02, 0xf1, 0x02, 0xf1, 0x02, 0xf1, 0x02, 0xf1, 0x02, 0xf1,
    0x02, 0xf1, 0x02, 0xf1, 0x02, 0xf1, 0x02, 0xf1, 0x13, 0xf1, 0x12, 0xf1, 0x02, 0xf1, 0x02, 0xf1,
    0x14, 0xf2, 0x14, 0xf2, 0x14, 0xf2, 0x14, 0xf2, 0x14, 0xf2, 0x14, 0xf2, 0x14, 0xf2, 0x14, 0xf2,
    0x14, 0xf2, 0x14, 0xf2, 0x14, 0xf2, 0x14, 0xf2, 0x14, 0xf2, 0x14, 0xf2, 0x14, 0xf2, 0x14, 0xf1,
    0x14, 0xf2, 0x14, 0xf2, 0x14, 0xf2, 0x14, 0xf1, 0x13, 0xf1, 0x13, 0xf1, 0x14, 0xf2, 0x14, 0xf2,
    0x14, 0xf2, 0x14, 0xf2, 0x14, 0xf2, 0x14, 0xf2, 0x14, 0xf2, 0x14, 0xf2, 0x14, 0xf2, 0x14, 0xf2,
    0x14, 0xf2, 0x14, 0xf2, 0x14, 0xf2, 0x14, 0xf2, 0x13, 0xf1, 0x14, 0xf1, 0x14, 0xf2, 0x14, 0xf2,
    0x14, 0xf2, 0x14, 0xf1, 0x14, 0xf2, 0x14, 0xf2, 0x14, 0xf2, 0x14, 0xf1, 0x14, 0xf1, 0x13, 0xf1,
    0x13, 0xf1, 0x13, 0xf1, 0x14, 0xf1, 0x14, 0xf2, 0x14, 0xf1, 0x13, 0xf1, 0x13, 0xf1, 0x13, 0xf1,
    0x14, 0xf2, 0x13, 0xf1, 0x13, 0xf1, 0x13, 0xf1, 0x13, 0xf1, 0x14, 0xf1, 0x14, 0xf2, 0x14, 0xf2,
    0x14, 0xf2, 0x13, 0xf1, 0x13, 0xf1, 0x14, 0xf2, 0x14, 0xf2, 0x14, 0xf2, 0x14, 0xf2, 0x14, 0xf2,
    0x14, 0xf2, 0x14, 0xf2, 0x14, 0xf2, 0x14, 0xf2, 0x14, 0xf2, 0x14, 0xf2, 0x14, 0xf2, 0x14, 0xf2,
    0x24, 0xf2, 0x24, 0xf2, 0x24, 0xf2, 0x14, 0xf2, 0x14, 0xf2, 0x14, 0xf2, 0x14, 0xf2, 0x14, 0xf2,
    0x25, 0xf2, 0x24, 0xf2, 0x14, 0xf2, 0x14, 0xf2, 0x14, 0xf2, 0x14, 0xf2, 0x14, 0xf2, 0x14, 0xf2,
    0x14, 0xf2, 0x13, 0xf1, 0x13, 0xf1, 0x14, 0xf2, 0x14, 0xf2, 0x14, 0xf2, 0x25, 0xf2, 0x36, 0xf2,
    0x35, 0xf2, 0x24, 0xf2, 0x14, 0xf2, 0x14, 0xf2, 0x14, 0xf2, 0x14, 0xf2, 0x14, 0xf2, 0x14, 0xf2,
    0x14, 0xf2, 0x14, 0xf2, 0x14, 0xf2, 0x14, 0xf2, 0x14, 0xf2, 0x13, 0xf1, 0x14, 0xf2, 0x14, 0xf2,
    0x13, 0xf2, 0x14, 0xf2, 0x14, 0xf2, 0x14, 0xf2, 0x13, 0xf1, 0x13, 0xf1, 0x13, 0xf1, 0x14, 0xf2,
    0x14, 0xf2, 0x13, 0xf1, 0x13, 0xf1, 0x13, 0xf1, 0x13, 0xf1, 0x14, 0xf2, 0x14, 0xf2, 0x13, 0xf2,
    0x14, 0xf2, 0x14, 0xf2, 0x13, 0xf1, 0x13, 0xf1, 0x13, 0xf1, 0x13, 0xf1, 0x13, 0xf1, 0x13, 0xf1,
    0x13, 0xf1, 0x13, 0xf1, 0x13, 0xf1, 0x13, 0xf1, 0x13, 0xf1, 0x13, 0xf1, 0x14, 0xf2, 0x24, 0xf2,
    0x24, 0xf2, 0x24, 0xf2, 0x13, 0xf2, 0x14, 0xf2, 0x14, 0xf2, 0x14, 0xf2, 0x13, 0xf1, 0x14, 0xf2,
    0x13, 0xf1, 0x13, 0xf1, 0x13, 0xf1, 0x13, 0xf1, 0x13, 0xf1, 0x13, 0xf1, 0x13, 0xf1, 0x13, 0xf1,
    0x13, 0xf1, 0x24, 0xf2, 0x57, 0xf3, 0x68, 0xf3, 0x36, 0xf2, 0x13, 0xf2, 0x13, 0xf1, 0x13, 0xf1,
    0x13, 0xf1, 0x13, 0xf1, 0x13, 0xf1, 0x13, 0xf1, 0x13, 0xf1, 0x13, 0xf1, 0x13, 0xf1, 0x13, 0xf1,
    0x13, 0xf1, 0x13, 0xf1, 0x13, 0xf1, 0x13, 0xf1, 0x13, 0xf1, 0x13, 0xf1, 0x12, 0xf1, 0x13, 0xf1,
    0x12, 0xf1, 0x12, 0xf1, 0x12, 0xf1, 0x12, 0xf1, 0x12, 0xf1, 0x12, 0xf1, 0x13, 0xf1, 0x12, 0xf1,
    0x12, 0xf1, 0x12, 0xf1, 0x12, 0xf1, 0x02, 0xf1, 0x02, 0xf1, 0x12, 0xf1, 0x02, 0xf1, 0x02, 0xf1,
    0x12, 0xf1, 0x02, 0xf1, 0x02, 0xf1, 0x02, 0xf1, 0x02, 0xf1, 0x02, 0xf1, 0x02, 0xf1, 0x02, 0xf1,
    0x02, 0xf1, 0x02, 0xf1, 0x12, 0xf1, 0x12, 0xf1, 0x02, 0xf1, 0x02, 0xf1, 0x02, 0xf1, 0x02, 0xf1,
    0x02, 0xf1, 0x02, 0xf1, 0x02, 0xf1, 0x02, 0xf1, 0x02, 0xf1, 0x02, 0xf1, 0x02, 0xf1, 0x02, 0xf1,
    0x02, 0xf1, 0x02, 0xf1, 0x02, 0xf1, 0x13, 0xf1, 0x57, 0xf3, 0x24, 0xf2, 0x02, 0xf1, 0x02, 0xf1,
    0x14, 0xf2, 0x14, 0xf2, 0x14, 0xf2, 0x14, 0xf2, 0x14, 0xf2, 0x14, 0xf2, 0x14, 0xf2, 0x14, 0xf2,
    0x14, 0xf2, 0x14, 0xf2, 0x14, 0xf2, 0x14, 0xf2, 0x14, 0xf2, 0x14, 0xf2, 0x14, 0xf2, 0x14, 0xf2,
    0x14, 0xf2, 0x14, 0xf2, 0x14, 0xf2, 0x13, 0xf1, 0x13, 0xf1, 0x14, 0xf1, 0x14, 0xf2, 0x14, 0xf2,
    0x14, 0xf2, 0x14, 0xf2, 0x14, 0xf2, 0x14, 0xf2, 0x14, 0xf2, 0x25, 0xf2, 0x14, 0xf2, 0x14, 0xf2,
    0x14, 0xf2, 0x14, 0xf2, 0x14, 0xf2, 0x14, 0xf1, 0x13, 0xf1, 0x13, 0xf1, 0x13, 0xf1, 0x13, 0xf1,
    0x13, 0xf1, 0x13, 0xf1, 0x14, 0xf1, 0x14, 0xf1, 0x13, 0xf1, 0x14, 0xf2, 0x14, 0xf2, 0x13, 0xf1,
    0x13, 0xf1, 0x13, 0xf1, 0x14, 0xf1, 0x14, 0xf2, 0x14, 0xf1, 0x13, 0xf1, 0x13, 0xf1, 0x13, 0xf1,
    0x13, 0xf1, 0x13, 0xf1, 0x13, 0xf1, 0x13, 0xf1, 0x13, 0xf1, 0x14, 0xf2, 0x14, 0xf2, 0x14, 0xf2,
    0x14, 0xf2, 0x14, 0xf2, 0x14, 0xf2, 0x14, 0xf2, 0x14, 0xf2, 0x14, 0xf2, 0x14, 0xf2, 0x25, 0xf2,
    0x24, 0xf2, 0x14, 0xf2, 0x14, 0xf2, 0x14, 0xf2, 0x14, 0xf2, 0x14, 0xf2, 0x14, 0xf2, 0x24, 0xf2,
    0x24, 0xf2, 0x14, 0xf2, 0x14, 0xf2, 0x14, 0xf2, 0x14, 0xf2, 0x24, 0xf2, 0x14, 0xf2, 0x14, 0xf2,
    0x14, 0xf2, 0x24, 0xf2, 0x14, 0xf2, 0x14, 0xf2, 0x13, 0xf1, 0x13, 0xf1, 0x13, 0xf1, 0x13, 0xf1,
    0x13, 0xf1, 0x13, 0xf1, 0x14, 0xf2, 0x14, 0xf2, 0x14, 0xf2, 0x14, 0xf2, 0x24, 0xf2, 0x24, 0xf2,
    0x14, 0xf2, 0x14, 0xf2, 0x14, 0xf2, 0x14, 0xf2, 0x14, 0xf2, 0x14, 0xf2, 0x14, 0xf2, 0x14, 0xf2,
    0x14, 0xf2, 0x14, 0xf2, 0x14, 0xf2, 0x14, 0xf2, 0x14, 0xf2, 0x13, 0xf1, 0x13, 0xf1, 0x13, 0xf1,
    0x14, 0xf2, 0x14, 0xf2, 0x14, 0xf2, 0x14, 0xf2, 0x14, 0xf2, 0x14, 0xf1, 0x13, 0xf1, 0x13, 0xf1,
    0x14, 0xf2, 0x14, 0xf2, 0x13, 0xf1, 0x13, 0xf1, 0x13, 0xf1, 0x13, 0xf1, 0x14, 0xf2, 0x14, 0xf2,
    0x14, 0xf2, 0x14, 0xf2, 0x14, 0xf2, 0x13, 0xf1, 0x13, 0xf1, 0x13, 0xf1, 0x13, 0xf1, 0x13, 0xf1,
    0x13, 0xf1, 0x13, 0xf1, 0x13, 0xf1, 0x13, 0xf1, 0x13, 0xf1, 0x13, 0xf1, 0x14, 0xf2, 0x24, 0xf2,
    0x24, 0xf2, 0x14, 0xf2, 0x14, 0xf2, 0x13, 0xf1, 0x14, 0xf2, 0x13, 0xf2, 0x13, 0xf1, 0x13, 0xf1,
    0x13, 0xf1, 0x13, 0xf1, 0x13, 0xf1, 0x13, 0xf1, 0x13, 0xf1, 0x13, 0xf1, 0x13, 0xf1, 0x13, 0xf1,
    0x13, 0xf1, 0x35, 0xf2, 0x79, 0xf4, 0xaa, 0xf7, 0x57, 0xf3, 0x24, 0xf2, 0x13, 0xf1, 0x13, 0xf1,
    0x13, 0xf1, 0x13, 0xf1, 0x13, 0xf1, 0x13, 0xf1, 0x13, 0xf1, 0x13, 0xf1, 0x13, 0xf1, 0x13, 0xf1,
    0x13, 0xf1, 0x13, 0xf1, 0x13, 0xf1, 0x13, 0xf1, 0x13, 0xf1, 0x13, 0xf1, 0x12, 0xf1, 0x13, 0xf1,
    0x12, 0xf1, 0x12, 0xf1, 0x12, 0xf1, 0x13, 0xf1, 0x12, 0xf1, 0x12, 0xf1, 0x13, 0xf1, 0x12, 0xf1,
    0x13, 0xf1, 0x13, 0xf1, 0x13, 0xf1, 0x12, 0xf1, 0x12, 0xf1, 0x02, 0xf1, 0x02, 0xf1, 0x02, 0xf1,
    0x02, 0xf1, 0x02, 0xf1, 0x02, 0xf1, 0x02, 0xf1, 0x02, 0xf1, 0x02, 0xf1, 0x02, 0xf1, 0x02, 0xf1,
    0x02, 0xf1, 0x02, 0xf1, 0x12, 0xf1, 0x02, 0xf1, 0x02, 0xf1, 0x02, 0xf1, 0x02, 0xf1, 0x02, 0xf1,
    0x02, 0xf1, 0x02, 0xf1, 0x02, 0xf1, 0x02, 0xf1, 0x02, 0xf1, 0x02, 0xf1, 0x02, 0xf1, 0x02, 0xf1,
    0x02, 0xf1, 0x02, 0xf1, 0x02, 0xf1, 0x12, 0xf1, 0x35, 0xf2, 0x13, 0xf1, 0x02, 0xf1, 0x02, 0xf1,
    0x14, 0xf2, 0x14, 0xf2, 0x14, 0xf2, 0x14, 0xf2, 0x14, 0xf2, 0x14, 0xf2, 0x14, 0xf2, 0x14, 0xf2,
    0x14, 0xf2, 0x14, 0xf2, 0x14, 0xf2, 0x14, 0xf2, 0x14, 0xf2, 0x14, 0xf2, 0x14, 0xf2, 0x14, 0xf2,
    0x14, 0xf2, 0x14, 0xf2, 0x14, 0xf2, 0x14, 0xf1, 0x13, 0xf1, 0x14, 0xf1, 0x14, 0xf2, 0x14, 0xf2,
    0x14, 0xf2, 0x14, 0xf2, 0x25, 0xf2, 0x14, 0xf2, 0x24, 0xf2, 0x25, 0xf2, 0x15, 0xf2, 0x14, 0xf2,
    0x14, 0xf2, 0x14, 0xf2, 0x14, 0xf2, 0x14, 0xf2, 0x14, 0xf2, 0x13, 0xf1, 0x13, 0xf1, 0x13, 0xf1,
    0x13, 0xf1, 0x14, 0xf2, 0x14, 0xf2, 0x14, 0xf2, 0x14, 0xf2, 0x14, 0xf2, 0x13, 0xf1, 0x13, 0xf1,
    0x13, 0xf1, 0x13, 0xf1, 0x14, 0xf1, 0x13, 0xf1, 0x13, 0xf1, 0x13, 0xf1, 0x14, 0xf1, 0x14, 0xf1,
    0x13, 0xf1, 0x13, 0xf1, 0x13, 0xf1, 0x14, 0xf2, 0x13, 0xf1, 0x14, 0xf1, 0x14, 0xf2, 0x14, 0xf2,
    0x14, 0xf2, 0x14, 0xf2, 0x14, 0xf2, 0x24, 0xf2, 0x14, 0xf2, 0x24, 0xf2, 0x25, 0xf2, 0x25, 0xf2,
    0x25, 0xf2, 0x14, 0xf2, 0x14, 0xf2, 0x14, 0xf2, 0x14, 0xf2, 0x14, 0xf2, 0x24, 0xf2, 0x25, 0xf2,
    0x25, 0xf2, 0x14, 0xf2, 0x14, 0xf2, 0x24, 0xf2, 0x24, 0xf2, 0x24, 0xf2, 0x24, 0xf2, 0x25, 0xf2,
    0x24, 0xf2, 0x14, 0xf2, 0x14, 0xf2, 0x13, 0xf1, 0x13, 0xf1, 0x13, 0xf1, 0x13, 0xf1, 0x13, 0xf1,
    0x13, 0xf1, 0x13, 0xf1, 0x13, 0xf1, 0x13, 0xf2, 0x14, 0xf2, 0x14, 0xf2, 0x14, 0xf2, 0x14, 0xf2,
    0x14, 0xf2, 0x13, 0xf1, 0x13, 0xf1, 0x14, 0xf1, 0x14, 0xf2, 0x14, 0xf2, 0x14, 0xf2, 0x14, 0xf2,
    0x14, 0xf2, 0x14, 0xf2, 0x14, 0xf2, 0x13, 0xf2, 0x14, 0xf2, 0x14, 0xf2, 0x14, 0xf2, 0x14, 0xf2,
    0x14, 0xf2, 0x24, 0xf2, 0x14, 0xf2, 0x24, 0xf2, 0x14, 0xf2, 0x13, 0xf1, 0x13, 0xf1, 0x13, 0xf1,
    0x13, 0xf1, 0x13, 0xf1, 0x13, 0xf1, 0x13, 0xf1, 0x13, 0xf1, 0x13, 0xf1, 0x13, 0xf1, 0x14, 0xf2,
    0x14, 0xf2, 0x14, 0xf2, 0x14, 0xf2, 0x14, 0xf2, 0x13, 0xf1, 0x13, 0xf1, 0x13, 0xf1, 0x13, 0xf1,
    0x13, 0xf1, 0x13, 0xf1, 0x13, 0xf1, 0x13, 0xf1, 0x13, 0xf1, 0x14, 0xf2, 0x14, 0xf2, 0x14, 0xf2,
    0x24, 0xf2, 0x24, 0xf2, 0x14, 0xf2, 0x13, 0xf1, 0x14, 0xf2, 0x13, 0xf1, 0x13, 0xf1, 0x13, 0xf1,
    0x13, 0xf1, 0x13, 0xf1, 0x13, 0xf1, 0x13, 0xf1, 0x13, 0xf1, 0x13, 0xf1, 0x13, 0xf1, 0x13, 0xf1,
    0x13, 0xf1, 0x24, 0xf2, 0x57, 0xf3, 0x78, 0xf3, 0x36, 0xf2, 0x14, 0xf2, 0x13, 0xf1, 0x13, 0xf1,
    0x13, 0xf1, 0x13, 0xf1, 0x13, 0xf1, 0x13, 0xf1, 0x13, 0xf1, 0x13, 0xf1, 0x13, 0xf1, 0x13, 0xf1,
    0x13, 0xf1, 0x12, 0xf1, 0x13, 0xf1, 0x12, 0xf1, 0x13, 0xf1, 0x12, 0xf1, 0x12, 0xf1, 0x12, 0xf1,
    0x12, 0xf1, 0x12, 0xf1, 0x12, 0xf1, 0x12, 0xf1, 0x12, 0xf1, 0x12, 0xf1, 0x02, 0xf1, 0x12, 0xf1,
    0x46, 0xf2, 0x35, 0xf2, 0x02, 0xf1, 0x02, 0xf1, 0x12, 0xf1, 0x12, 0xf1, 0x12, 0xf1, 0x12, 0xf1,
    0x02, 0xf1, 0x02, 0xf1, 0x02, 0xf1, 0x02, 0xf1, 0x02, 0xf1, 0x02, 0xf1, 0x02, 0xf1, 0x02, 0xf1,
    0x02, 0xf1, 0x02, 0xf1, 0x02, 0xf1, 0x02, 0xf1, 0x02, 0xf1, 0x02, 0xf1, 0x02, 0xf1, 0x02, 0xf1,
    0x02, 0xf1, 0x02, 0xf1, 0x02, 0xf1, 0x02, 0xf1, 0x02, 0xf1, 0x02, 0xf1, 0x02, 0xf1, 0x12, 0xf1,
    0x02, 0xf1, 0x02, 0xf1, 0x02, 0xf1, 0x02, 0xf1, 0x02, 0xf1, 0x02, 0xf1, 0x02, 0xf1, 0x02, 0xf1,
    0x14, 0xf2, 0x14, 0xf2, 0x14, 0xf2, 0x14, 0xf2, 0x14, 0xf2, 0x14, 0xf2, 0x14, 0xf2, 0x14, 0xf2,
    0x14, 0xf2, 0x14, 0xf1, 0x14, 0xf2, 0x14, 0xf2, 0x14, 0xf2, 0x14, 0xf2, 0x14, 0xf2, 0x14, 0xf2,
    0x14, 0xf2, 0x14, 0xf2, 0x14, 0xf2, 0x13, 0xf1, 0x14, 0xf2, 0x14, 0xf2, 0x14, 0xf2, 0x14, 0xf2,
    0x14, 0xf2, 0x14, 0xf2, 0x14, 0xf2, 0x25, 0xf2, 0x25, 0xf2, 0x25, 0xf2, 0x25, 0xf2, 0x25, 0xf2,
    0x24, 0xf2, 0x14, 0xf2, 0x14, 0xf2, 0x14, 0xf2, 0x14, 0xf2, 0x14, 0xf2, 0x13, 0xf1, 0x13, 0xf1,
    0x13, 0xf1, 0x14, 0xf1, 0x14, 0xf2, 0x14, 0xf2, 0x14, 0xf2, 0x14, 0xf2, 0x14, 0xf2, 0x14, 0xf2,
    0x13, 0xf1, 0x13, 0xf1, 0x13, 0xf1, 0x14, 0xf2, 0x14, 0xf2, 0x14, 0xf2, 0x14, 0xf1, 0x13, 0xf1,
    0x13, 0xf1, 0x14, 0xf2, 0x14, 0xf2, 0x14, 0xf2, 0x14, 0xf2, 0x14, 0xf2, 0x14, 0xf2, 0x14, 0xf2,
    0x14, 0xf2, 0x14, 0xf2, 0x24, 0xf2, 0x14, 0xf2, 0x14, 0xf2, 0x24, 0xf2, 0x26, 0xf2, 0x25, 0xf2,
    0x25, 0xf2, 0x25, 0xf2, 0x24, 0xf2, 0x25, 0xf2, 0x24, 0xf2, 0x24, 0xf2, 0x25, 0xf2, 0x25, 0xf2,
    0x25, 0xf2, 0x25, 0xf2, 0x24, 0xf2, 0x25, 0xf2, 0x25, 0xf2, 0x25, 0xf2, 0x24, 0xf2, 0x24, 0xf2,
    0x24, 0xf2, 0x14, 0xf2, 0x14, 0xf2, 0x13, 0xf1, 0x13, 0xf1, 0x13, 0xf1, 0x13, 0xf1, 0x14, 0xf2,
    0x14, 0xf2, 0x14, 0xf2, 0x14, 0xf2, 0x13, 0xf1, 0x13, 0xf1, 0x13, 0xf1, 0x13, 0xf1, 0x13, 0xf1,
    0x13, 0xf1, 0x13, 0xf1, 0x13, 0xf1, 0x13, 0xf1, 0x14, 0xf2, 0x13, 0xf1, 0x14, 0xf2, 0x14, 0xf2,
    0x14, 0xf2, 0x14, 0xf2, 0x14, 0xf2, 0x14, 0xf2, 0x14, 0xf2, 0x14, 0xf2, 0x24, 0xf2, 0x36, 0xf2,
    0x25, 0xf2, 0x14, 0xf2, 0x13, 0xf1, 0x14, 0xf2, 0x14, 0xf2, 0x13, 0xf1, 0x13, 0xf1, 0x13, 0xf1,
    0x13, 0xf1, 0x13, 0xf1, 0x13, 0xf1, 0x13, 0xf1, 0x13, 0xf1, 0x13, 0xf1, 0x13, 0xf1, 0x14, 0xf2,
    0x14, 0xf2, 0x13, 0xf1, 0x13, 0xf1, 0x13, 0xf1, 0x13, 0xf1, 0x13, 0xf1, 0x13, 0xf1, 0x13, 0xf1,
    0x13, 0xf1, 0x13, 0xf1, 0x13, 0xf1, 0x13, 0xf1, 0x13, 0xf1, 0x14, 0xf2, 0x14, 0xf2, 0x14, 0xf2,
    0x24, 0xf2, 0x24, 0xf2, 0x14, 0xf2, 0x13, 0xf1, 0x14, 0xf2, 0x14, 0xf2, 0x13, 0xf1, 0x13, 0xf1,
    0x13, 0xf1, 0x13, 0xf2, 0x13, 0xf1, 0x13, 0xf1, 0x13, 0xf1, 0x13, 0xf1, 0x13, 0xf1, 0x13, 0xf1,
    0x13, 0xf1, 0x13, 0xf1, 0x24, 0xf2, 0x24, 0xf2, 0x14, 0xf2, 0x13, 0xf1, 0x13, 0xf1, 0x13, 0xf1,
    0x13, 0xf1, 0x13, 0xf1, 0x13, 0xf1, 0x13, 0xf1, 0x13, 0xf1, 0x13, 0xf1, 0x13, 0xf1, 0x13, 0xf1,
    0x12, 0xf1, 0x13, 0xf1, 0x13, 0xf1, 0x13, 0xf1, 0x13, 0xf1, 0x13, 0xf1, 0x13, 0xf1, 0x12, 0xf1,
    0x12, 0xf1, 0x12, 0xf1, 0x13, 0xf1, 0x13, 0xf1, 0x12, 0xf1, 0x13, 0xf1, 0x13, 0xf1, 0x12, 0xf1,
    0x13, 0xf1, 0x13, 0xf2, 0x13, 0xf1, 0x12, 0xf1, 0x02, 0xf1, 0x12, 0xf1, 0x12, 0xf1, 0x12, 0xf1,
    0x02, 0xf1, 0x12, 0xf1, 0x12, 0xf1, 0x12, 0xf1, 0x02, 0xf1, 0x02, 0xf1, 0x02, 0xf1, 0x02, 0xf1,
    0x02, 0xf1, 0x02, 0xf1, 0x02, 0xf1, 0x02, 0xf1, 0x02, 0xf1, 0x02, 0xf1, 0x02, 0xf1, 0x02, 0xf1,
    0x02, 0xf1, 0x02, 0xf1, 0x02, 0xf1, 0x02, 0xf1, 0x02, 0xf1, 0x02, 0xf1, 0x02, 0xf1, 0x12, 0xf1,
    0x02, 0xf1, 0x02, 0xf1, 0x02, 0xf1, 0x02, 0xf1, 0x02, 0xf1, 0x02, 0xf1, 0x02, 0xf1, 0x02, 0xf1,
    0x14, 0xf2, 0x14, 0xf2, 0x14, 0xf2, 0x14, 0xf2, 0x14, 0xf2, 0x14, 0xf2, 0x14, 0xf2, 0x14, 0xf2,
    0x14, 0xf2, 0x14, 0xf2, 0x14, 0xf2, 0x14, 0xf2, 0x14, 0xf2, 0x14, 0xf2, 0x14, 0xf2, 0x14, 0xf2,
    0x14, 0xf2, 0x14, 0xf1, 0x13, 0xf1, 0x14, 0xf1, 0x14, 0xf2, 0x14, 0xf2, 0x14, 0xf2, 0x14, 0xf2,
    0x24, 0xf2, 0x14, 0xf2, 0x14, 0xf2, 0x25, 0xf2, 0x25, 0xf2, 0x25, 0xf2, 0x25, 0xf2, 0x25, 0xf2,
    0x24, 0xf2, 0x14, 0xf2, 0x14, 0xf2, 0x14, 0xf1, 0x14, 0xf2, 0x14, 0xf2, 0x13, 0xf1, 0x13, 0xf1,
    0x13, 0xf1, 0x14, 0xf2, 0x14, 0xf2, 0x14, 0xf2, 0x14, 0xf2, 0x14, 0xf2, 0x14, 0xf2, 0x14, 0xf2,
    0x13, 0xf1, 0x13, 0xf1, 0x13, 0xf1, 0x14, 0xf2, 0x14, 0xf2, 0x14, 0xf2, 0x14, 0xf1, 0x13, 0xf1,
    0x13, 0xf1, 0x14, 0xf2, 0x14, 0xf2, 0x14, 0xf2, 0x14, 0xf2, 0x14, 0xf2, 0x14, 0xf2, 0x14, 0xf2,
    0x24, 0xf2, 0x24, 0xf2, 0x24, 0xf2, 0x24, 0xf2, 0x24, 0xf2, 0x25, 0xf2, 0x25, 0xf2, 0x25, 0xf2,
    0x25, 0xf2, 0x24, 0xf2, 0x24, 0xf2, 0x25, 0xf2, 0x24, 0xf2, 0x25, 0xf2, 0x25, 0xf2, 0x25, 0xf2,
    0x25, 0xf2, 0x25, 0xf2, 0x25, 0xf2, 0x25, 0xf2, 0x25, 0xf2, 0x25, 0xf2, 0x24, 0xf2, 0x24, 0xf2,
    0x24, 0xf2, 0x14, 0xf2, 0x13, 0xf1, 0x13, 0xf1, 0x13, 0xf1, 0x13, 0xf1, 0x13, 0xf1, 0x14, 0xf2,
    0x14, 0xf2, 0x13, 0xf2, 0x13, 0xf1, 0x13, 0xf1, 0x13, 0xf1, 0x13, 0xf1, 0x14, 0xf2, 0x14, 0xf2,
    0x14, 0xf2, 0x14, 0xf1, 0x13, 0xf1, 0x13, 0xf1, 0x14, 0xf2, 0x14, 0xf2, 0x14, 0xf2, 0x14, 0xf2,
    0x14, 0xf2, 0x14, 0xf2, 0x14, 0xf2, 0x14, 0xf2, 0x14, 0xf2, 0x24, 0xf2, 0x25, 0xf2, 0x58, 0xf3,
    0x47, 0xf2, 0x14, 0xf2, 0x13, 0xf1, 0x14, 0xf2, 0x14, 0xf2, 0x14, 0xf2, 0x13, 0xf1, 0x13, 0xf1,
    0x13, 0xf1, 0x13, 0xf1, 0x13, 0xf1, 0x13, 0xf1, 0x13, 0xf1, 0x13, 0xf1, 0x13, 0xf1, 0x13, 0xf1,
    0x14, 0xf2, 0x13, 0xf1, 0x13, 0xf1, 0x13, 0xf1, 0x13, 0xf1, 0x13, 0xf1, 0x13, 0xf1, 0x13, 0xf1,
    0x13, 0xf1, 0x13, 0xf1, 0x13, 0xf1, 0x13, 0xf1, 0x13, 0xf1, 0x14, 0xf2, 0x13, 0xf1, 0x14, 0xf2,
    0x24, 0xf2, 0x25, 0xf2, 0x14, 0xf2, 0x13, 0xf1, 0x24, 0xf2, 0x24, 0xf2, 0x13, 0xf1, 0x13, 0xf1,
    0x13, 0xf1, 0x13, 0xf1, 0x13, 0xf1, 0x13, 0xf1, 0x13, 0xf1, 0x13, 0xf1, 0x13, 0xf1, 0x13, 0xf1,
    0x13, 0xf1, 0x13, 0xf1, 0x13, 0xf1, 0x13, 0xf1, 0x13, 0xf1, 0x13, 0xf1, 0x13, 0xf1, 0x13, 0xf1,
    0x13, 0xf1, 0x13, 0xf1, 0x13, 0xf1, 0x13, 0xf1, 0x13, 0xf1, 0x13, 0xf1, 0x13, 0xf1, 0x13, 0xf1,
    0x13, 0xf1, 0x12, 0xf1, 0x13, 0xf1, 0x13, 0xf2, 0x24, 0xf2, 0x13, 0xf1, 0x13, 0xf1, 0x12, 0xf1,
    0x12, 0xf1, 0x12, 0xf1, 0x13, 0xf1, 0x12, 0xf1, 0x12, 0xf1, 0x13, 0xf1, 0x13, 0xf1, 0x13, 0xf1,
    0x12, 0xf1, 0x13, 0xf1, 0x13, 0xf1, 0x12, 0xf1, 0x13, 0xf1, 0x02, 0xf1, 0x12, 0xf1, 0x12, 0xf1,
    0x02, 0xf1, 0x13, 0xf1, 0x13, 0xf1, 0x13, 0xf1, 0x02, 0xf1, 0x02, 0xf1, 0x02, 0xf1, 0x02, 0xf1,
    0x02, 0xf1, 0x02, 0xf1, 0x02, 0xf1, 0x02, 0xf1, 0x02, 0xf1, 0x02, 0xf1, 0x02, 0xf1, 0x02, 0xf1,
    0x02, 0xf1, 0x02, 0xf1, 0x02, 0xf1, 0x02, 0xf1, 0x02, 0xf1, 0x02, 0xf1, 0x02, 0xf1, 0x02, 0xf1,
    0x02, 0xf1, 0x02, 0xf1, 0x02, 0xf1, 0x02, 0xf1, 0x02, 0xf1, 0x02, 0xf1, 0x02, 0xf1, 0x02, 0xf1,
    0x14, 0xf2, 0x14, 0xf2, 0x14, 0xf2, 0x14, 0xf2, 0x14, 0xf2, 0x14, 0xf2, 0x14, 0xf2, 0x14, 0xf2,
    0x14, 0xf2, 0x14, 0xf2, 0x14, 0xf2, 0x14, 0xf2, 0x14, 0xf2, 0x14, 0xf2, 0x14, 0xf2, 0x14, 0xf2,
    0x14, 0xf2, 0x14, 0xf2, 0x14, 0xf1, 0x14, 0xf1, 0x13, 0xf1, 0x14, 0xf2, 0x14, 0xf2, 0x24, 0xf2,
    0x25, 0xf2, 0x15, 0xf2, 0x25, 0xf2, 0x25, 0xf2, 0x25, 0xf2, 0x25, 0xf2, 0x24, 0xf2, 0x14, 0xf2,
    0x25, 0xf2, 0x14, 0xf2, 0x14, 0xf2, 0x13, 0xf1, 0x13, 0xf1, 0x14, 0xf2, 0x14, 0xf2, 0x13, 0xf1,
    0x14, 0xf2, 0x14, 0xf2, 0x14, 0xf2, 0x14, 0xf2, 0x14, 0xf2, 0x14, 0xf2, 0x14, 0xf2, 0x14, 0xf2,
    0x14, 0xf2, 0x13, 0xf1, 0x13, 0xf1, 0x13, 0xf1, 0x14, 0xf2, 0x14, 0xf2, 0x14, 0xf2, 0x14, 0xf2,
    0x13, 0xf1, 0x14, 0xf1, 0x14, 0xf2, 0x14, 0xf2, 0x14, 0xf2, 0x14, 0xf2, 0x14, 0xf2, 0x14, 0xf2,
    0x25, 0xf2, 0x24, 0xf2, 0x24, 0xf2, 0x24, 0xf2, 0x24, 0xf2, 0x25, 0xf2, 0x24, 0xf2, 0x25, 0xf2,
    0x25, 0xf2, 0x14, 0xf2, 0x24, 0xf2, 0x25, 0xf2, 0x25, 0xf2, 0x25, 0xf2, 0x25, 0xf2, 0x25, 0xf2,
    0x25, 0xf2, 0x25, 0xf2, 0x25, 0xf2, 0x25, 0xf2, 0x25, 0xf2, 0x24, 0xf2, 0x14, 0xf2, 0x24, 0xf2,
    0x14, 0xf2, 0x14, 0xf2, 0x13, 0xf1, 0x13, 0xf1, 0x13, 0xf1, 0x13, 0xf1, 0x13, 0xf1, 0x13, 0xf1,
    0x13, 0xf1, 0x13, 0xf1, 0x13, 0xf1, 0x13, 0xf1, 0x14, 0xf2, 0x13, 0xf1, 0x13, 0xf2, 0x13, 0xf2,
    0x13, 0xf1, 0x13, 0xf1, 0x14, 0xf1, 0x13, 0xf1, 0x14, 0xf2, 0x24, 0xf2, 0x24, 0xf2, 0x14, 0xf2,
    0x14, 0xf2, 0x14, 0xf2, 0x14, 0xf2, 0x14, 0xf2, 0x14, 0xf2, 0x14, 0xf2, 0x14, 0xf2, 0x35, 0xf2,
    0x25, 0xf2, 0x14, 0xf2, 0x14, 0xf2, 0x13, 0xf1, 0x14, 0xf2, 0x14, 0xf2, 0x13, 0xf1, 0x13, 0xf1,
    0x13, 0xf1, 0x13, 0xf1, 0x13, 0xf1, 0x13, 0xf1, 0x13, 0xf1, 0x13, 0xf1, 0x13, 0xf1, 0x13, 0xf1,
    0x14, 0xf1, 0x13, 0xf1, 0x13, 0xf1, 0x13, 0xf1, 0x13, 0xf1, 0x13, 0xf1, 0x13, 0xf1, 0x13, 0xf1,
    0x13, 0xf1, 0x13, 0xf1, 0x13, 0xf1, 0x13, 0xf1, 0x13, 0xf1, 0x14, 0xf2, 0x14, 0xf2, 0x24, 0xf2,
    0x25, 0xf2, 0x26, 0xf2, 0x13, 0xf1, 0x13, 0xf1, 0x14, 0xf2, 0x24, 0xf2, 0x13, 0xf1, 0x13, 0xf1,
    0x13, 0xf1, 0x13, 0xf1, 0x13, 0xf1, 0x13, 0xf1, 0x13, 0xf1, 0x13, 0xf1, 0x13, 0xf1, 0x13, 0xf1,
    0x13, 0xf1, 0x13, 0xf1, 0x13, 0xf1, 0x13, 0xf1, 0x13, 0xf1, 0x13, 0xf1, 0x13, 0xf1, 0x13, 0xf1,
    0x13, 0xf1, 0x13, 0xf1, 0x13, 0xf1, 0x13, 0xf1, 0x13, 0xf1, 0x13, 0xf1, 0x13, 0xf1, 0x13, 0xf1,
    0x13, 0xf1, 0x13, 0xf1, 0x14, 0xf2, 0x13, 0xf1, 0x12, 0xf1, 0x12, 0xf1, 0x12, 0xf1, 0x12, 0xf1,
    0x12, 0xf1, 0x12, 0xf1, 0x12, 0xf1, 0x12, 0xf1, 0x12, 0xf1, 0x12, 0xf1, 0x13, 0xf1, 0x13, 0xf1,
    0x13, 0xf1, 0x13, 0xf1, 0x13, 0xf1, 0x13, 0xf1, 0x12, 0xf1, 0x13, 0xf1, 0x02, 0xf1, 0x02, 0xf1,
    0x13, 0xf1, 0x13, 0xf1, 0x02, 0xf1, 0x02, 0xf1, 0x02, 0xf1, 0x02, 0xf1, 0x02, 0xf1, 0x02, 0xf1,
    0x02, 0xf1, 0x12, 0xf1, 0x12, 0xf1, 0x02, 0xf1, 0x02, 0xf1, 0x02, 0xf1, 0x02, 0xf1, 0x02, 0xf1,
    0x02, 0xf1, 0x02, 0xf1, 0x02, 0xf1, 0x02, 0xf1, 0x02, 0xf1, 0x02, 0xf1, 0x02, 0xf1, 0x02, 0xf1,
    0x02, 0xf1, 0x02, 0xf1, 0x02, 0xf1, 0x02, 0xf1, 0x02, 0xf1, 0x02, 0xf1, 0x02, 0xf1, 0x02, 0xf1,
    0x14, 0xf2, 0x14, 0xf2, 0x14, 0xf2, 0x14, 0xf2, 0x14, 0xf2, 0x14, 0xf2, 0x14, 0xf2, 0x14, 0xf2,
    0x14, 0xf2, 0x14, 0xf2, 0x14, 0xf2, 0x14, 0xf2, 0x14, 0xf2, 0x14, 0xf2, 0x14, 0xf2, 0x14, 0xf2,
    0x14, 0xf2, 0x14, 0xf2, 0x14, 0xf2, 0x14, 0xf1, 0x13, 0xf1, 0x14, 0xf2, 0x14, 0xf2, 0x24, 0xf2,
    0x25, 0xf2, 0x25, 0xf2, 0x25, 0xf2, 0x25, 0xf2, 0x25, 0xf2, 0x25, 0xf2, 0x14, 0xf2, 0x14, 0xf2,
    0x14, 0xf2, 0x14, 0xf2, 0x14, 0xf2, 0x14, 0xf2, 0x14, 0xf2, 0x14, 0xf2, 0x14, 0xf1, 0x14, 0xf2,
    0x14, 0xf2, 0x14, 0xf1, 0x14, 0xf2, 0x14, 0xf2, 0x14, 0xf2, 0x14, 0xf2, 0x14, 0xf2, 0x36, 0xf2,
    0x36, 0xf2, 0x13, 0xf1, 0x13, 0xf1, 0x14, 0xf2, 0x14, 0xf2, 0x13, 0xf1, 0x14, 0xf2, 0x25, 0xf2,
    0x14, 0xf2, 0x14, 0xf1, 0x14, 0xf2, 0x13, 0xf1, 0x14, 0xf2, 0x14, 0xf2, 0x14, 0xf2, 0x14, 0xf2,
    0x14, 0xf2, 0x14, 0xf2, 0x24, 0xf2, 0x25, 0xf2, 0x24, 0xf2, 0x25, 0xf2, 0x24, 0xf2, 0x25, 0xf2,
    0x24, 0xf2, 0x14, 0xf2, 0x24, 0xf2, 0x26, 0xf2, 0x25, 0xf2, 0x25, 0xf2, 0x25, 0xf2, 0x25, 0xf2,
    0x25, 0xf2, 0x25, 0xf2, 0x25, 0xf2, 0x24, 0xf2, 0x24, 0xf2, 0x24, 0xf2, 0x14, 0xf2, 0x14, 0xf2,
    0x14, 0xf2, 0x14, 0xf2, 0x13, 0xf1, 0x13, 0xf1, 0x13, 0xf1, 0x13, 0xf1, 0x13, 0xf1, 0x13, 0xf1,
    0x13, 0xf1, 0x13, 0xf1, 0x13, 0xf1, 0x13, 0xf1, 0x13, 0xf1, 0x13, 0xf1, 0x13, 0xf1, 0x13, 0xf1,
    0x13, 0xf1, 0x14, 0xf2, 0x13, 0xf1, 0x13, 0xf1, 0x13, 0xf1, 0x14, 0xf2, 0x14, 0xf2, 0x14, 0xf2,
    0x14, 0xf2, 0x14, 0xf2, 0x14, 0xf2, 0x14, 0xf2, 0x14, 0xf2, 0x14, 0xf2, 0x13, 0xf1, 0x14, 0xf1,
    0x14, 0xf1, 0x14, 0xf2, 0x14, 0xf2, 0x13, 0xf1, 0x13, 0xf2, 0x13, 0xf1, 0x13, 0xf1, 0x13, 0xf1,
    0x13, 0xf1, 0x14, 0xf1, 0x13, 0xf1, 0x13, 0xf1, 0x13, 0xf1, 0x13, 0xf1, 0x13, 0xf1, 0x13, 0xf1,
    0x13, 0xf1, 0x13, 0xf1, 0x13, 0xf1, 0x13, 0xf1, 0x13, 0xf1, 0x13, 0xf1, 0x13, 0xf1, 0x13, 0xf1,
    0x13, 0xf1, 0x13, 0xf1, 0x13, 0xf1, 0x13, 0xf1, 0x13, 0xf1, 0x13, 0xf1, 0x14, 0xf2, 0x24, 0xf2,
    0x26, 0xf2, 0x14, 0xf2, 0x13, 0xf1, 0x13, 0xf1, 0x13, 0xf1, 0x24, 0xf2, 0x13, 0xf1, 0x13, 0xf1,
    0x13, 0xf1, 0x13, 0xf1, 0x13, 0xf1, 0x13, 0xf1, 0x13, 0xf1, 0x13, 0xf1, 0x13, 0xf1, 0x13, 0xf1,
    0x13, 0xf1, 0x13, 0xf1, 0x13, 0xf1, 0x13, 0xf1, 0x13, 0xf1, 0x13, 0xf1, 0x13, 0xf1, 0x13, 0xf1,
    0x13, 0xf1, 0x13, 0xf1, 0x13, 0xf1, 0x13, 0xf1, 0x13, 0xf1, 0x13, 0xf1, 0x13, 0xf1, 0x13, 0xf1,
    0x13, 0xf1, 0x13, 0xf1, 0x13, 0xf1, 0x13, 0xf1, 0x13, 0xf1, 0x12, 0xf1, 0x12, 0xf1, 0x12, 0xf1,
    0x13, 0xf1, 0x13, 0xf1, 0x13, 0xf1, 0x13, 0xf1, 0x12, 0xf1, 0x13, 0xf1, 0x12, 0xf1, 0x13, 0xf1,
    0x13, 0xf1, 0x13, 0xf1, 0x13, 0xf1, 0x13, 0xf1, 0x02, 0xf1, 0x12, 0xf1, 0x02, 0xf1, 0x12, 0xf1,
    0x12, 0xf1, 0x02, 0xf1, 0x02, 0xf1, 0x02, 0xf1, 0x02, 0xf1, 0x02, 0xf1, 0x02, 0xf1, 0x02, 0xf1,
    0x02, 0xf1, 0x02, 0xf1, 0x02, 0xf1, 0x02, 0xf1, 0x02, 0xf1, 0x02, 0xf1, 0x02, 0xf1, 0x02, 0xf1,
    0x02, 0xf1, 0x02, 0xf1, 0x02, 0xf1, 0x02, 0xf1, 0x02, 0xf1, 0x02, 0xf1, 0x02, 0xf1, 0x02, 0xf1,
    0x02, 0xf1, 0x02, 0xf1, 0x02, 0xf1, 0x02, 0xf1, 0x02, 0xf1, 0x02, 0xf1, 0x02, 0xf1, 0x02, 0xf1,
    0x14, 0xf2, 0x14, 0xf2, 0x14, 0xf2, 0x14, 0xf2, 0x14, 0xf2, 0x25, 0xf2, 0x25, 0xf2, 0x14, 0xf2,
    0x14, 0xf2, 0x14, 0xf2, 0x14, 0xf2, 0x14, 0xf2, 0x14, 0xf2, 0x14, 0xf2, 0x14, 0xf2, 0x14, 0xf2,
    0x14, 0xf2, 0x14, 0xf2, 0x14, 0xf2, 0x14, 0xf2, 0x14, 0xf2, 0x14, 0xf2, 0x14, 0xf2, 0x24, 0xf2,
    0x25, 0xf2, 0x14, 0xf2, 0x14, 0xf2, 0x14, 0xf2, 0x14, 0xf2, 0x14, 0xf2, 0x15, 0xf2, 0x15, 0xf2,
    0x14, 0xf2, 0x14, 0xf2, 0x14, 0xf2, 0x14, 0xf2, 0x24, 0xf2, 0x24, 0xf2, 0x14, 0xf2, 0x14, 0xf2,
    0x14, 0xf1, 0x14, 0xf2, 0x14, 0xf2, 0x14, 0xf2, 0x14, 0xf2, 0x14, 0xf2, 0x14, 0xf2, 0x25, 0xf2,
    0x35, 0xf2, 0x13, 0xf1, 0x13, 0xf1, 0x14, 0xf2, 0x13, 0xf1, 0x13, 0xf1, 0x13, 0xf1, 0x13, 0xf1,
    0x14, 0xf1, 0x14, 0xf2, 0x14, 0xf2, 0x14, 0xf2, 0x13, 0xf1, 0x14, 0xf2, 0x14, 0xf2, 0x14, 0xf2,
    0x14, 0xf2, 0x24, 0xf2, 0x24, 0xf2, 0x25, 0xf2, 0x24, 0xf2, 0x24, 0xf2, 0x14, 0xf2, 0x14, 0xf2,
    0x14, 0xf2, 0x14, 0xf2, 0x25, 0xf2, 0x26, 0xf2, 0x24, 0xf2, 0x25, 0xf2, 0x14, 0xf2, 0x24, 0xf2,
    0x24, 0xf2, 0x24, 0xf2, 0x24, 0xf2, 0x24, 0xf2, 0x14, 0xf2, 0x14, 0xf2, 0x13, 0xf2, 0x14, 0xf2,
    0x14, 0xf2, 0x14, 0xf2, 0x13, 0xf2, 0x13, 0xf1, 0x13, 0xf1, 0x13, 0xf1, 0x13, 0xf1, 0x13, 0xf2,
    0x13, 0xf1, 0x13, 0xf1, 0x13, 0xf1, 0x13, 0xf1, 0x13, 0xf1, 0x13, 0xf1, 0x13, 0xf1, 0x13, 0xf1,
    0x13, 0xf1, 0x24, 0xf2, 0x14, 0xf2, 0x13, 0xf1, 0x14, 0xf2, 0x14, 0xf2, 0x14, 0xf2, 0x14, 0xf2,
    0x14, 0xf2, 0x14, 0xf2, 0x14, 0xf2, 0x14, 0xf2, 0x13, 0xf1, 0x13, 0xf1, 0x13, 0xf1, 0x13, 0xf1,
    0x13, 0xf1, 0x13, 0xf2, 0x14, 0xf2, 0x13, 0xf1, 0x13, 0xf1, 0x13, 0xf1, 0x13, 0xf2, 0x13, 0xf2,
    0x13, 0xf2, 0x13, 0xf1, 0x13, 0xf1, 0x13, 0xf1, 0x13, 0xf1, 0x13, 0xf1, 0x13, 0xf1, 0x13, 0xf1,
    0x13, 0xf1, 0x13, 0xf1, 0x13, 0xf1, 0x13, 0xf1, 0x13, 0xf1, 0x13, 0xf1, 0x13, 0xf1, 0x13, 0xf1,
    0x13, 0xf1, 0x13, 0xf1, 0x13, 0xf1, 0x13, 0xf1, 0x13, 0xf1, 0x13, 0xf1, 0x14, 0xf2, 0x24, 0xf2,
    0x24, 0xf2, 0x13, 0xf1, 0x13, 0xf1, 0x13, 0xf1, 0x13, 0xf1, 0x24, 0xf2, 0x13, 0xf1, 0x13, 0xf1,
    0x13, 0xf1, 0x13, 0xf1, 0x13, 0xf1, 0x13, 0xf1, 0x13, 0xf1, 0x13, 0xf1, 0x13, 0xf1, 0x13, 0xf1,
    0x13, 0xf1, 0x13, 0xf1, 0x13, 0xf1, 0x13, 0xf1, 0x13, 0xf1, 0x13, 0xf1, 0x13, 0xf1, 0x13, 0xf1,
    0x13, 0xf1, 0x13, 0xf1, 0x13, 0xf1, 0x13, 0xf1, 0x13, 0xf1, 0x13, 0xf1, 0x13, 0xf1, 0x13, 0xf1,
    0x13, 0xf1, 0x13, 0xf1, 0x13, 0xf1, 0x13, 0xf1, 0x13, 0xf1, 0x13, 0xf1, 0x12, 0xf1, 0x12, 0xf1,
    0x13, 0xf1, 0x13, 0xf1, 0x13, 0xf1, 0x12, 0xf1, 0x13, 0xf1, 0x13, 0xf1, 0x13, 0xf1, 0x13, 0xf1,
    0x13, 0xf1, 0x13, 0xf1, 0x13, 0xf1, 0x13, 0xf1, 0x13, 0xf1, 0x12, 0xf1, 0x12, 0xf1, 0x12, 0xf1,
    0x12, 0xf1, 0x12, 0xf1, 0x02, 0xf1, 0x02, 0xf1, 0x02, 0xf1, 0x02, 0xf1, 0x02, 0xf1, 0x02, 0xf1,
    0x02, 0xf1, 0x02, 0xf1, 0x02, 0xf1, 0x12, 0xf1, 0x02, 0xf1, 0x02, 0xf1, 0x02, 0xf1, 0x02, 0xf1,
    0x02, 0xf1, 0x02, 0xf1, 0x02, 0xf1, 0x02, 0xf1, 0x02, 0xf1, 0x02, 0xf1, 0x02, 0xf1, 0x02, 0xf1,
    0x02, 0xf1, 0x02, 0xf1, 0x02, 0xf1, 0x02, 0xf1, 0x02, 0xf1, 0x02, 0xf1, 0x02, 0xf1, 0x02, 0xf1,
    0x14, 0xf2, 0x14, 0xf2, 0x14, 0xf2, 0x14, 0xf2, 0x14, 0xf2, 0x14, 0xf2, 0x14, 0xf2, 0x25, 0xf2,
    0x15, 0xf2, 0x14, 0xf2, 0x14, 0xf2, 0x14, 0xf2, 0x14, 0xf2, 0x14, 0xf2, 0x14, 0xf2, 0x14, 0xf2,
    0x14, 0xf2, 0x14, 0xf2, 0x14, 0xf2, 0x14, 0xf2, 0x14, 0xf1, 0x14, 0xf2, 0x14, 0xf2, 0x14, 0xf2,
    0x14, 0xf2, 0x14, 0xf2, 0x14, 0xf2, 0x14, 0xf2, 0x14, 0xf2, 0x14, 0xf2, 0x14, 0xf2, 0x14, 0xf2,
    0x14, 0xf2, 0x14, 0xf2, 0x14, 0xf2, 0x14, 0xf2, 0x25, 0xf2, 0x25, 0xf2, 0x14, 0xf1, 0x14, 0xf2,
    0x14, 0xf2, 0x14, 0xf2, 0x14, 0xf2, 0x14, 0xf2, 0x14, 0xf2, 0x14, 0xf2, 0x14, 0xf2, 0x14, 0xf2,
    0x13, 0xf1, 0x13, 0xf1, 0x14, 0xf2, 0x24, 0xf2, 0x13, 0xf1, 0x13, 0xf1, 0x14, 0xf2, 0x13, 0xf1,
    0x13, 0xf1, 0x13, 0xf1, 0x14, 0xf2, 0x14, 0xf2, 0x14, 0xf2, 0x24, 0xf2, 0x14, 0xf2, 0x24, 0xf2,
    0x24, 0xf2, 0x25, 0xf2, 0x25, 0xf2, 0x24, 0xf2, 0x14, 0xf2, 0x14, 0xf2, 0x14, 0xf2, 0x14, 0xf2,
    0x14, 0xf2, 0x14, 0xf2, 0x24, 0xf2, 0x25, 0xf2, 0x25, 0xf2, 0x14, 0xf2, 0x14, 0xf2, 0x14, 0xf2,
    0x14, 0xf2, 0x24, 0xf2, 0x24, 0xf2, 0x24, 0xf2, 0x14, 0xf2, 0x14, 0xf2, 0x13, 0xf1, 0x13, 0xf1,
    0x13, 0xf1, 0x13, 0xf1, 0x13, 0xf1, 0x13, 0xf1, 0x13, 0xf1, 0x13, 0xf1, 0x13, 0xf1, 0x13, 0xf1,
    0x13, 0xf1, 0x13, 0xf1, 0x13, 0xf2, 0x14, 0xf2, 0x13, 0xf1, 0x13, 0xf1, 0x13, 0xf1, 0x13, 0xf1,
    0x13, 0xf1, 0x13, 0xf1, 0x13, 0xf1, 0x13, 0xf1, 0x13, 0xf1, 0x14, 0xf2, 0x24, 0xf2, 0x25, 0xf2,
    0x24, 0xf2, 0x14, 0xf2, 0x14, 0xf2, 0x14, 0xf2, 0x14, 0xf2, 0x14, 0xf1, 0x14, 0xf2, 0x14, 0xf2,
    0x14, 0xf2, 0x14, 0xf2, 0x14, 0xf2, 0x14, 0xf2, 0x13, 0xf1, 0x14, 0xf2, 0x14, 0xf2, 0x24, 0xf2,
    0x14, 0xf2, 0x13, 0xf1, 0x13, 0xf1, 0x13, 0xf1, 0x13, 0xf1, 0x13, 0xf1, 0x13, 0xf1, 0x14, 0xf2,
    0x14, 0xf2, 0x14, 0xf2, 0x13, 0xf1, 0x13, 0xf1, 0x13, 0xf1, 0x13, 0xf1, 0x13, 0xf1, 0x13, 0xf1,
    0x13, 0xf1, 0x13, 0xf1, 0x13, 0xf1, 0x13, 0xf1, 0x13, 0xf1, 0x13, 0xf1, 0x24, 0xf2, 0x25, 0xf2,
    0x24, 0xf2, 0x14, 0xf2, 0x13, 0xf1, 0x13, 0xf1, 0x13, 0xf2, 0x24, 0xf2, 0x13, 0xf1, 0x13, 0xf1,
    0x13, 0xf1, 0x13, 0xf1, 0x13, 0xf1, 0x13, 0xf1, 0x13, 0xf1, 0x13, 0xf1, 0x13, 0xf1, 0x13, 0xf1,
    0x13, 0xf1, 0x13, 0xf1, 0x13, 0xf1, 0x13, 0xf1, 0x13, 0xf1, 0x13, 0xf1, 0x13, 0xf1, 0x13, 0xf1,
    0x13, 0xf1, 0x13, 0xf1, 0x13, 0xf1, 0x13, 0xf1, 0x13, 0xf1, 0x13, 0xf1, 0x13, 0xf1, 0x13, 0xf1,
    0x13, 0xf1, 0x13, 0xf1, 0x13, 0xf1, 0x13, 0xf1, 0x13, 0xf1, 0x13, 0xf1, 0x12, 0xf1, 0x13, 0xf1,
    0x13, 0xf1, 0x12, 0xf1, 0x13, 0xf1, 0x12, 0xf1, 0x13, 0xf1, 0x13, 0xf1, 0x13, 0xf1, 0x13, 0xf1,
    0x13, 0xf1, 0x13, 0xf1, 0x13, 0xf1, 0x24, 0xf2, 0x57, 0xf3, 0x13, 0xf1, 0x12, 0xf1, 0x12, 0xf1,
    0x02, 0xf1, 0x02, 0xf1, 0x02, 0xf1, 0x02, 0xf1, 0x02, 0xf1, 0x02, 0xf1, 0x02, 0xf1, 0x02, 0xf1,
    0x02, 0xf1, 0x02, 0xf1, 0x02, 0xf1, 0x02, 0xf1, 0x02, 0xf1, 0x02, 0xf1, 0x02, 0xf1, 0x02, 0xf1,
    0x02, 0xf1, 0x02, 0xf1, 0x02, 0xf1, 0x02, 0xf1, 0x02, 0xf1, 0x02, 0xf1, 0x02, 0xf1, 0x02, 0xf1,
    0x02, 0xf1, 0x02, 0xf1, 0x02, 0xf1, 0x02, 0xf1, 0x02, 0xf1, 0x02, 0xf1, 0x02, 0xf1, 0x02, 0xf1,
    0x14, 0xf2, 0x14, 0xf2, 0x14, 0xf2, 0x14, 0xf2, 0x14, 0xf2, 0x14, 0xf2, 0x14, 0xf2, 0x36, 0xf2,
    0x26, 0xf2, 0x14, 0xf2, 0x14, 0xf2, 0x14, 0xf2, 0x14, 0xf2, 0x14, 0xf2, 0x24, 0xf2, 0x14, 0xf2,
    0x25, 0xf2, 0x14, 0xf2, 0x14, 0xf2, 0x14, 0xf2, 0x14, 0xf2, 0x14, 0xf2, 0x14, 0xf2, 0x14, 0xf2,
    0x14, 0xf2, 0x14, 0xf2, 0x14, 0xf2, 0x14, 0xf2, 0x14, 0xf2, 0x14, 0xf2, 0x14, 0xf2, 0x14, 0xf2,
    0x14, 0xf2, 0x14, 0xf2, 0x14, 0xf2, 0x14, 0xf2, 0x14, 0xf2, 0x14, 0xf2, 0x13, 0xf1, 0x14, 0xf1,
    0x13, 0xf1, 0x14, 0xf1, 0x13, 0xf1, 0x14, 0xf2, 0x14, 0xf2, 0x14, 0xf2, 0x14, 0xf2, 0x13, 0xf1,
    0x13, 0xf1, 0x13, 0xf1, 0x14, 0xf2, 0x24, 0xf2, 0x13, 0xf1, 0x13, 0xf1, 0x14, 0xf2, 0x14, 0xf2,
    0x14, 0xf2, 0x14, 0xf2, 0x13, 0xf1, 0x13, 0xf1, 0x14, 0xf2, 0x25, 0xf2, 0x14, 0xf2, 0x25, 0xf2,
    0x25, 0xf2, 0x24, 0xf2, 0x25, 0xf2, 0x14, 0xf2, 0x24, 0xf2, 0x24, 0xf2, 0x14, 0xf2, 0x14, 0xf2,
    0x24, 0xf2, 0x14, 0xf2, 0x14, 0xf2, 0x24, 0xf2, 0x24, 0xf2, 0x24, 0xf2, 0x14, 0xf2, 0x14, 0xf2,
    0x14, 0xf2, 0x14, 0xf2, 0x24, 0xf2, 0x14, 0xf2, 0x14, 0xf2, 0x14, 0xf2, 0x14, 0xf2, 0x13, 0xf2,
    0x13, 0xf1, 0x13, 0xf1, 0x13, 0xf1, 0x13, 0xf1, 0x13, 0xf1, 0x13, 0xf1, 0x13, 0xf1, 0x13, 0xf1,
    0x13, 0xf1, 0x13, 0xf1, 0x13, 0xf1, 0x13, 0xf1, 0x13, 0xf1, 0x13, 0xf1, 0x13, 0xf1, 0x13, 0xf1,
    0x14, 0xf2, 0x13, 0xf1, 0x13, 0xf1, 0x13, 0xf1, 0x13, 0xf1, 0x14, 0xf2, 0x36, 0xf2, 0x47, 0xf3,
    0x25, 0xf2, 0x14, 0xf2, 0x14, 0xf2, 0x14, 0xf2, 0x13, 0xf1, 0x14, 0xf2, 0x14, 0xf2, 0x14, 0xf2,
    0x14, 0xf2, 0x14, 0xf2, 0x14, 0xf2, 0x14, 0xf2, 0x14, 0xf2, 0x14, 0xf2, 0x24, 0xf2, 0x24, 0xf2,
    0x14, 0xf2, 0x14, 0xf1, 0x13, 0xf1, 0x13, 0xf1, 0x13, 0xf1, 0x13, 0xf1, 0x13, 0xf1, 0x14, 0xf2,
    0x14, 0xf2, 0x14, 0xf2, 0x13, 0xf1, 0x13, 0xf1, 0x13, 0xf1, 0x13, 0xf1, 0x13, 0xf1, 0x13, 0xf1,
    0x13, 0xf1, 0x13, 0xf1, 0x13, 0xf1, 0x13, 0xf1, 0x13, 0xf1, 0x14, 0xf2, 0x24, 0xf2, 0x25, 0xf2,
    0x25, 0xf2, 0x24, 0xf2, 0x13, 0xf1, 0x14, 0xf2, 0x13, 0xf1, 0x13, 0xf1, 0x13, 0xf1, 0x13, 0xf1,
    0x13, 0xf1, 0x13, 0xf1, 0x13, 0xf1, 0x13, 0xf1, 0x13, 0xf1, 0x13, 0xf1, 0x13, 0xf1, 0x13, 0xf1,
    0x13, 0xf1, 0x13, 0xf1, 0x13, 0xf1, 0x13, 0xf1, 0x13, 0xf1, 0x13, 0xf1, 0x13, 0xf1, 0x13, 0xf1,
    0x13, 0xf1, 0x13, 0xf1, 0x13, 0xf1, 0x13, 0xf1, 0x13, 0xf1, 0x13, 0xf1, 0x13, 0xf1, 0x13, 0xf1,
    0x13, 0xf1, 0x13, 0xf1, 0x13, 0xf1, 0x13, 0xf1, 0x12, 0xf1, 0x12, 0xf1, 0x13, 0xf1, 0x13, 0xf1,
    0x13, 0xf1, 0x13, 0xf1, 0x13, 0xf1, 0x12, 0xf1, 0x13, 0xf1, 0x13, 0xf1, 0x13, 0xf1, 0x13, 0xf1,
    0x13, 0xf1, 0x13, 0xf1, 0x13, 0xf1, 0x24, 0xf2, 0x46, 0xf2, 0x13, 0xf1, 0x12, 0xf1, 0x12, 0xf1,
    0x02, 0xf1, 0x02, 0xf1, 0x02, 0xf1, 0x02, 0xf1, 0x02, 0xf1, 0x12, 0xf1, 0x02, 0xf1, 0x02, 0xf1,
    0x02, 0xf1, 0x02, 0xf1, 0x02, 0xf1, 0x02, 0xf1, 0x02, 0xf1, 0x02, 0xf1, 0x02, 0xf1, 0x02, 0xf1,
    0x02, 0xf1, 0x02, 0xf1, 0x02, 0xf1, 0x02, 0xf1, 0x02, 0xf1, 0x02, 0xf1, 0x02, 0xf1, 0x02, 0xf1,
    0x02, 0xf1, 0x02, 0xf1, 0x02, 0xf1, 0x02, 0xf1, 0x02, 0xf1, 0x02, 0xf1, 0x02, 0xf1, 0x02, 0xf1,
    0x24, 0xf2, 0x25, 0xf2, 0x14, 0xf2, 0x14, 0xf2, 0x14, 0xf2, 0x14, 0xf2, 0x14, 0xf2, 0x25, 0xf2,
    0x25, 0xf2, 0x15, 0xf2, 0x14, 0xf2, 0x14, 0xf2, 0x25, 0xf2, 0x25, 0xf2, 0x15, 0xf2, 0x14, 0xf2,
    0x15, 0xf2, 0x15, 0xf2, 0x14, 0xf2, 0x14, 0xf2, 0x14, 0xf2, 0x14, 0xf2, 0x14, 0xf2, 0x14, 0xf2,
    0x14, 0xf2, 0x14, 0xf2, 0x14, 0xf2, 0x14, 0xf2, 0x14, 0xf2, 0x14, 0xf2, 0x14, 0xf2, 0x14, 0xf2,
    0x14, 0xf2, 0x14, 0xf2, 0x14, 0xf2, 0x14, 0xf2, 0x14, 0xf2, 0x14, 0xf2, 0x14, 0xf2, 0x14, 0xf2,
    0x14, 0xf2, 0x14, 0xf2, 0x13, 0xf1, 0x14, 0xf1, 0x14, 0xf2, 0x14, 0xf2, 0x14, 0xf2, 0x13, 0xf1,
    0x13, 0xf1, 0x14, 0xf2, 0x14, 0xf2, 0x13, 0xf1, 0x14, 0xf2, 0x25, 0xf2, 0x14, 0xf2, 0x36, 0xf2,
    0x36, 0xf2, 0x14, 0xf2, 0x13, 0xf1, 0x14, 0xf2, 0x14, 0xf2, 0x14, 0xf2, 0x14, 0xf2, 0x24, 0xf2,
    0x14, 0xf2, 0x24, 0xf2, 0x24, 0xf2, 0x24, 0xf2, 0x24, 0xf2, 0x24, 0xf2, 0x14, 0xf2, 0x14, 0xf2,
    0x36, 0xf2, 0x25, 0xf2, 0x14, 0xf2, 0x14, 0xf2, 0x14, 0xf2, 0x24, 0xf2, 0x24, 0xf2, 0x14, 0xf2,
    0x14, 0xf2, 0x14, 0xf2, 0x14, 0xf2, 0x14, 0xf2, 0x13, 0xf1, 0x13, 0xf1, 0x14, 0xf2, 0x14, 0xf2,
    0x14, 0xf2, 0x13, 0xf1, 0x13, 0xf1, 0x13, 0xf1, 0x13, 0xf1, 0x13, 0xf1, 0x14, 0xf2, 0x13, 0xf1,
    0x13, 0xf1, 0x13, 0xf1, 0x13, 0xf1, 0x14, 0xf2, 0x13, 0xf1, 0x13, 0xf1, 0x13, 0xf1, 0x13, 0xf1,
    0x13, 0xf1, 0x14, 0xf2, 0x13, 0xf1, 0x14, 0xf2, 0x24, 0xf2, 0x14, 0xf2, 0x35, 0xf2, 0x36, 0xf2,
    0x24, 0xf2, 0x14, 0xf2, 0x14, 0xf2, 0x24, 0xf2, 0x13, 0xf1, 0x13, 0xf1, 0x14, 0xf2, 0x14, 0xf2,
    0x24, 0xf2, 0x14, 0xf2, 0x24, 0xf2, 0x14, 0xf2, 0x14, 0xf2, 0x14, 0xf2, 0x24, 0xf2, 0x14, 0xf2,
    0x13, 0xf1, 0x13, 0xf1, 0x13, 0xf1, 0x13, 0xf1, 0x13, 0xf1, 0x13, 0xf1, 0x13, 0xf1, 0x14, 0xf2,
    0x14, 0xf2, 0x14, 0xf2, 0x13, 0xf1, 0x13, 0xf1, 0x13, 0xf1, 0x13, 0xf1, 0x14, 0xf1, 0x13, 0xf1,
    0x13, 0xf1, 0x13, 0xf1, 0x13, 0xf1, 0x13, 0xf1, 0x13, 0xf1, 0x14, 0xf2, 0x14, 0xf2, 0x25, 0xf2,
    0x36, 0xf2, 0x24, 0xf2, 0x14, 0xf2, 0x14, 0xf2, 0x14, 0xf2, 0x14, 0xf1, 0x13, 0xf1, 0x13, 0xf1,
    0x13, 0xf1, 0x13, 0xf1, 0x13, 0xf1, 0x13, 0xf1, 0x13, 0xf1, 0x13, 0xf1, 0x13, 0xf1, 0x13, 0xf1,
    0x13, 0xf1, 0x13, 0xf1, 0x13, 0xf1, 0x13, 0xf1, 0x13, 0xf1, 0x13, 0xf1, 0x13, 0xf1, 0x13, 0xf1,
    0x13, 0xf1, 0x13, 0xf1, 0x13, 0xf1, 0x13, 0xf1, 0x13, 0xf1, 0x13, 0xf1, 0x13, 0xf1, 0x13, 0xf1,
    0x13, 0xf1, 0x13, 0xf1, 0x13, 0xf1, 0x13, 0xf1, 0x13, 0xf1, 0x13, 0xf1, 0x12, 0xf1, 0x13, 0xf1,
    0x13, 0xf1, 0x13, 0xf1, 0x13, 0xf1, 0x13, 0xf1, 0x23, 0xf2, 0x13, 0xf1, 0x13, 0xf1, 0x13, 0xf1,
    0x13, 0xf1, 0x13, 0xf1, 0x13, 0xf1, 0x13, 0xf1, 0x12, 0xf1, 0x12, 0xf1, 0x12, 0xf1, 0x12, 0xf1,
    0x02, 0xf1, 0x02, 0xf1, 0x02, 0xf1, 0x02, 0xf1, 0x02, 0xf1, 0x02, 0xf1, 0x02, 0xf1, 0x02, 0xf1,
    0x02, 0xf1, 0x02, 0xf1, 0x02, 0xf1, 0x02, 0xf1, 0x02, 0xf1, 0x02, 0xf1, 0x02, 0xf1, 0x02, 0xf1,
    0x02, 0xf1, 0x02, 0xf1, 0x02, 0xf1, 0x02, 0xf1, 0x02, 0xf1, 0x02, 0xf1, 0x02, 0xf1, 0x02, 0xf1,
    0x02, 0xf1, 0x02, 0xf1, 0x02, 0xf1, 0x02, 0xf1, 0x02, 0xf1, 0x02, 0xf1, 0x02, 0xf1, 0x02, 0xf1,
    0x14, 0xf2, 0x15, 0xf2, 0x25, 0xf2, 0x14, 0xf2, 0x14, 0xf2, 0x14, 0xf2, 0x14, 0xf2, 0x14, 0xf2,
    0x14, 0xf2, 0x14, 0xf2, 0x15, 0xf2, 0x25, 0xf2, 0x15, 0xf2, 0x15, 0xf2, 0x15, 0xf2, 0x14, 0xf2,
    0x14, 0xf2, 0x14, 0xf2, 0x14, 0xf2, 0x14, 0xf2, 0x14, 0xf2, 0x14, 0xf2, 0x14, 0xf2, 0x14, 0xf2,
    0x14, 0xf2, 0x14, 0xf2, 0x14, 0xf2, 0x14, 0xf2, 0x14, 0xf2, 0x14, 0xf2, 0x14, 0xf2, 0x14, 0xf2,
    0x14, 0xf2, 0x13, 0xf1, 0x14, 0xf1, 0x14, 0xf2, 0x14, 0xf2, 0x14, 0xf2, 0x13, 0xf1, 0x13, 0xf1,
    0x14, 0xf2, 0x14, 0xf2, 0x14, 0xf2, 0x13, 0xf1, 0x14, 0xf2, 0x14, 0xf1, 0x14, 0xf1, 0x24, 0xf2,
    0x24, 0xf2, 0x13, 0xf1, 0x13, 0xf1, 0x13, 0xf1, 0x25, 0xf2, 0x35, 0xf2, 0x14, 0xf2, 0x36, 0xf2,
    0x36, 0xf2, 0x14, 0xf2, 0x13, 0xf1, 0x13, 0xf2, 0x14, 0xf2, 0x24, 0xf2, 0x14, 0xf2, 0x14, 0xf2,
    0x14, 0xf2, 0x14, 0xf2, 0x24, 0xf2, 0x24, 0xf2, 0x24, 0xf2, 0x25, 0xf2, 0x14, 0xf2, 0x24, 0xf2,
    0x25, 0xf2, 0x25, 0xf2, 0x24, 0xf2, 0x24, 0xf2, 0x24, 0xf2, 0x24, 0xf2, 0x14, 0xf2, 0x24, 0xf2,
    0x14, 0xf2, 0x14, 0xf2, 0x14, 0xf2, 0x14, 0xf2, 0x13, 0xf2, 0x13, 0xf1, 0x14, 0xf2, 0x14, 0xf2,
    0x14, 0xf2, 0x14, 0xf2, 0x13, 0xf1, 0x13, 0xf1, 0x13, 0xf1, 0x14, 0xf2, 0x14, 0xf2, 0x13, 0xf1,
    0x13, 0xf1, 0x13, 0xf1, 0x13, 0xf1, 0x13, 0xf1, 0x13, 0xf1, 0x13, 0xf1, 0x13, 0xf1, 0x14, 0xf2,
    0x14, 0xf2, 0x13, 0xf1, 0x13, 0xf1, 0x14, 0xf2, 0x14, 0xf2, 0x14, 0xf2, 0x14, 0xf2, 0x14, 0xf2,
    0x14, 0xf2, 0x14, 0xf2, 0x14, 0xf2, 0x24, 0xf2, 0x14, 0xf2, 0x14, 0xf2, 0x14, 0xf2, 0x14, 0xf2,
    0x14, 0xf2, 0x14, 0xf2, 0x25, 0xf2, 0x24, 0xf2, 0x13, 0xf1, 0x14, 0xf2, 0x14, 0xf2, 0x14, 0xf2,
    0x13, 0xf1, 0x13, 0xf1, 0x14, 0xf2, 0x14, 0xf1, 0x13, 0xf1, 0x13, 0xf1, 0x13, 0xf1, 0x14, 0xf2,
    0x14, 0xf2, 0x14, 0xf2, 0x13, 0xf1, 0x13, 0xf1, 0x13, 0xf1, 0x13, 0xf1, 0x14, 0xf1, 0x13, 0xf1,
    0x14, 0xf2, 0x13, 0xf1, 0x13, 0xf1, 0x13, 0xf1, 0x13, 0xf1, 0x13, 0xf1, 0x14, 0xf2, 0x25, 0xf2,
    0x25, 0xf2, 0x25, 0xf2, 0x25, 0xf2, 0x14, 0xf2, 0x13, 0xf1, 0x13, 0xf1, 0x13, 0xf1, 0x13, 0xf1,
    0x13, 0xf1, 0x13, 0xf1, 0x13, 0xf1, 0x13, 0xf1, 0x13, 0xf1, 0x13, 0xf1, 0x13, 0xf1, 0x13, 0xf1,
    0x13, 0xf1, 0x13, 0xf1, 0x13, 0xf1, 0x13, 0xf1, 0x13, 0xf1, 0x13, 0xf1, 0x13, 0xf1, 0x13, 0xf1,
    0x13, 0xf1, 0x13, 0xf1, 0x13, 0xf1, 0x13, 0xf1, 0x13, 0xf1, 0x13, 0xf1, 0x13, 0xf1, 0x13, 0xf1,
    0x13, 0xf1, 0x13, 0xf1, 0x13, 0xf1, 0x13, 0xf1, 0x13, 0xf1, 0x13, 0xf1, 0x13, 0xf1, 0x13, 0xf1,
    0x12, 0xf1, 0x12, 0xf1, 0x12, 0xf1, 0x12, 0xf1, 0x02, 0xf1, 0x13, 0xf1, 0x13, 0xf1, 0x13, 0xf1,
    0x13, 0xf1, 0x13, 0xf1, 0x13, 0xf1, 0x13, 0xf1, 0x12, 0xf1, 0x12, 0xf1, 0x12, 0xf1, 0x02, 0xf1,
    0x13, 0xf1, 0x12, 0xf1, 0x02, 0xf1, 0x02, 0xf1, 0x12, 0xf1, 0x02, 0xf1, 0x02, 0xf1, 0x02, 0xf1,
    0x02, 0xf1, 0x02, 0xf1, 0x02, 0xf1, 0x02, 0xf1, 0x02, 0xf1, 0x02, 0xf1, 0x02, 0xf1, 0x02, 0xf1,
    0x02, 0xf1, 0x02, 0xf1, 0x02, 0xf1, 0x02, 0xf1, 0x02, 0xf1, 0x02, 0xf1, 0x02, 0xf1, 0x02, 0xf1,
    0x02, 0xf1, 0x02, 0xf1, 0x02, 0xf1, 0x02, 0xf1, 0x02, 0xf1, 0x02, 0xf1, 0x02, 0xf1, 0x02, 0xf1,
    0x14, 0xf2, 0x14, 0xf2, 0x15, 0xf2, 0x14, 0xf2, 0x14, 0xf2, 0x14, 0xf2, 0x14, 0xf2, 0x14, 0xf2,
    0x14, 0xf2, 0x14, 0xf2, 0x24, 0xf2, 0x14, 0xf2, 0x15, 0xf2, 0x25, 0xf2, 0x14, 0xf2, 0x14, 0xf2,
    0x14, 0xf2, 0x14, 0xf2, 0x14, 0xf2, 0x14, 0xf2, 0x14, 0xf2, 0x14, 0xf2, 0x14, 0xf2, 0x15, 0xf2,
    0x14, 0xf2, 0x14, 0xf2, 0x14, 0xf2, 0x14, 0xf2, 0x14, 0xf2, 0x14, 0xf2, 0x14, 0xf2, 0x14, 0xf2,
    0x14, 0xf2, 0x14, 0xf1, 0x14, 0xf2, 0x14, 0xf2, 0x14, 0xf2, 0x14, 0xf2, 0x13, 0xf1, 0x14, 0xf2,
    0x14, 0xf2, 0x14, 0xf2, 0x14, 0xf2, 0x13, 0xf1, 0x13, 0xf1, 0x13, 0xf1, 0x13, 0xf1, 0x14, 0xf2,
    0x14, 0xf2, 0x14, 0xf2, 0x14, 0xf2, 0x13, 0xf1, 0x13, 0xf1, 0x14, 0xf2, 0x13, 0xf1, 0x24, 0xf2,
    0x14, 0xf2, 0x14, 0xf2, 0x14, 0xf2, 0x14, 0xf2, 0x24, 0xf2, 0x24, 0xf2, 0x24, 0xf2, 0x14, 0xf2,
    0x14, 0xf2, 0x14, 0xf2, 0x24, 0xf2, 0x24, 0xf2, 0x24, 0xf2, 0x14, 0xf2, 0x14, 0xf2, 0x25, 0xf2,
    0x24, 0xf2, 0x14, 0xf2, 0x25, 0xf2, 0x24, 0xf2, 0x24, 0xf2, 0x24, 0xf2, 0x24, 0xf2, 0x24, 0xf2,
    0x24, 0xf2, 0x14, 0xf2, 0x14, 0xf2, 0x14, 0xf2, 0x14, 0xf2, 0x14, 0xf1, 0x13, 0xf1, 0x14, 0xf2,
    0x14, 0xf2, 0x13, 0xf1, 0x13, 0xf1, 0x13, 0xf1, 0x13, 0xf1, 0x13, 0xf1, 0x13, 0xf1, 0x14, 0xf2,
    0x13, 0xf1, 0x13, 0xf1, 0x13, 0xf1, 0x13, 0xf1, 0x13, 0xf1, 0x13, 0xf1, 0x13, 0xf1, 0x13, 0xf1,
    0x14, 0xf2, 0x14, 0xf2, 0x13, 0xf1, 0x13, 0xf1, 0x14, 0xf2, 0x14, 0xf2, 0x25, 0xf2, 0x25, 0xf2,
    0x14, 0xf2, 0x13, 0xf1, 0x14, 0xf2, 0x14, 0xf2, 0x14, 0xf2, 0x14, 0xf2, 0x13, 0xf2, 0x13, 0xf2,
    0x14, 0xf2, 0x14, 0xf2, 0x14, 0xf2, 0x14, 0xf2, 0x13, 0xf1, 0x13, 0xf2, 0x24, 0xf2, 0x13, 0xf1,
    0x13, 0xf1, 0x13, 0xf1, 0x13, 0xf1, 0x14, 0xf1, 0x14, 0xf2, 0x13, 0xf1, 0x13, 0xf1, 0x14, 0xf2,
    0x13, 0xf2, 0x13, 0xf1, 0x13, 0xf1, 0x13, 0xf1, 0x13, 0xf1, 0x13, 0xf1, 0x13, 0xf1, 0x13, 0xf1,
    0x14, 0xf1, 0x13, 0xf1, 0x13, 0xf1, 0x13, 0xf1, 0x13, 0xf1, 0x13, 0xf2, 0x14, 0xf2, 0x25, 0xf2,
    0x25, 0xf2, 0x25, 0xf2, 0x25, 0xf2, 0x14, 0xf2, 0x13, 0xf1, 0x13, 0xf1, 0x14, 0xf2, 0x14, 0xf2,
    0x14, 0xf2, 0x13, 0xf2, 0x13, 0xf2, 0x13, 0xf1, 0x13, 0xf1, 0x13, 0xf1, 0x13, 0xf1, 0x13, 0xf1,
    0x13, 0xf1, 0x13, 0xf1, 0x13, 0xf1, 0x13, 0xf1, 0x13, 0xf1, 0x13, 0xf1, 0x13, 0xf1, 0x13, 0xf1,
    0x13, 0xf1, 0x13, 0xf1, 0x13, 0xf1, 0x13, 0xf1, 0x13, 0xf1, 0x13, 0xf1, 0x13, 0xf1, 0x35, 0xf2,
    0x13, 0xf2, 0x13, 0xf1, 0x13, 0xf1, 0x13, 0xf1, 0x13, 0xf1, 0x13, 0xf1, 0x13, 0xf1, 0x13, 0xf1,
    0x13, 0xf1, 0x13, 0xf1, 0x13, 0xf1, 0x12, 0xf1, 0x12, 0xf1, 0x13, 0xf1, 0x13, 0xf1, 0x13, 0xf1,
    0x13, 0xf1, 0x13, 0xf1, 0x12, 0xf1, 0x12, 0xf1, 0x13, 0xf1, 0x13, 0xf1, 0x13, 0xf1, 0x12, 0xf1,
    0x12, 0xf1, 0x12, 0xf1, 0x02, 0xf1, 0x02, 0xf1, 0x12, 0xf1, 0x02, 0xf1, 0x02, 0xf1, 0x02, 0xf1,
    0x02, 0xf1, 0x02, 0xf1, 0x02, 0xf1, 0x02, 0xf1, 0x02, 0xf1, 0x02, 0xf1, 0x02, 0xf1, 0x02, 0xf1,
    0x02, 0xf1, 0x02, 0xf1, 0x02, 0xf1, 0x02, 0xf1, 0x02, 0xf1, 0x02, 0xf1, 0x02, 0xf1, 0x02, 0xf1,
    0x02, 0xf1, 0x02, 0xf1, 0x02, 0xf1, 0x02, 0xf1, 0x02, 0xf1, 0x02, 0xf1, 0x02, 0xf1, 0x02, 0xf1,
    0x14, 0xf2, 0x14, 0xf2, 0x14, 0xf2, 0x14, 0xf2, 0x14, 0xf2, 0x14, 0xf2, 0x14, 0xf2, 0x14, 0xf2,
    0x14, 0xf2, 0x14, 0xf2, 0x14, 0xf2, 0x25, 0xf2, 0x14, 0xf2, 0x14, 0xf2, 0x14, 0xf2, 0x15, 0xf2,
    0x14, 0xf2, 0x14, 0xf2, 0x25, 0xf2, 0x14, 0xf2, 0x14, 0xf2, 0x14, 0xf2, 0x15, 0xf2, 0x14, 0xf2,
    0x14, 0xf2, 0x14, 0xf2, 0x14, 0xf2, 0x14, 0xf2, 0x14, 0xf2, 0x14, 0xf2, 0x14, 0xf2, 0x14, 0xf2,
    0x14, 0xf2, 0x14, 0xf1, 0x14, 0xf1, 0x14, 0xf2, 0x13, 0xf1, 0x14, 0xf1, 0x14, 0xf2, 0x14, 0xf2,
    0x14, 0xf2, 0x14, 0xf2, 0x14, 0xf2, 0x13, 0xf1, 0x13, 0xf1, 0x13, 0xf1, 0x13, 0xf1, 0x13, 0xf1,
    0x14, 0xf2, 0x13, 0xf1, 0x14, 0xf2, 0x13, 0xf1, 0x13, 0xf1, 0x13, 0xf1, 0x13, 0xf1, 0x14, 0xf2,
    0x14, 0xf2, 0x14, 0xf2, 0x14, 0xf2, 0x14, 0xf2, 0x24, 0xf2, 0x14, 0xf2, 0x14, 0xf2, 0x14, 0xf2,
    0x14, 0xf2, 0x14, 0xf2, 0x14, 0xf2, 0x24, 0xf2, 0x24, 0xf2, 0x14, 0xf2, 0x24, 0xf2, 0x24, 0xf2,
    0x24, 0xf2, 0x24, 0xf2, 0x24, 0xf2, 0x24, 0xf2, 0x24, 0xf2, 0x24, 0xf2, 0x25, 0xf2, 0x24, 0xf2,
    0x24, 0xf2, 0x14, 0xf2, 0x13, 0xf1, 0x13, 0xf1, 0x13, 0xf1, 0x13, 0xf1, 0x13, 0xf1, 0x14, 0xf2,
    0x14, 0xf2, 0x13, 0xf1, 0x13, 0xf1, 0x13, 0xf1, 0x13, 0xf1, 0x13, 0xf2, 0x13, 0xf1, 0x13, 0xf1,
    0x13, 0xf1, 0x13, 0xf1, 0x13, 0xf1, 0x13, 0xf1, 0x13, 0xf1, 0x14, 0xf2, 0x14, 0xf2, 0x13, 0xf1,
    0x13, 0xf1, 0x14, 0xf2, 0x13, 0xf1, 0x13, 0xf1, 0x13, 0xf1, 0x14, 0xf2, 0x46, 0xf2, 0x36, 0xf2,
    0x14, 0xf2, 0x14, 0xf2, 0x14, 0xf2, 0x14, 0xf2, 0x14, 0xf2, 0x14, 0xf2, 0x14, 0xf2, 0x14, 0xf2,
    0x14, 0xf2, 0x14, 0xf2, 0x13, 0xf1, 0x13, 0xf1, 0x13, 0xf2, 0x14, 0xf2, 0x24, 0xf2, 0x13, 0xf1,
    0x14, 0xf2, 0x24, 0xf2, 0x14, 0xf2, 0x13, 0xf1, 0x13, 0xf1, 0x13, 0xf1, 0x13, 0xf1, 0x13, 0xf1,
    0x13, 0xf1, 0x13, 0xf1, 0x13, 0xf1, 0x13, 0xf1, 0x14, 0xf2, 0x13, 0xf2, 0x13, 0xf1, 0x14, 0xf2,
    0x13, 0xf1, 0x13, 0xf1, 0x13, 0xf1, 0x13, 0xf1, 0x13, 0xf1, 0x13, 0xf1, 0x13, 0xf1, 0x14, 0xf2,
    0x25, 0xf2, 0x25, 0xf2, 0x24, 0xf2, 0x14, 0xf2, 0x13, 0xf1, 0x13, 0xf1, 0x13, 0xf1, 0x14, 0xf2,
    0x14, 0xf2, 0x14, 0xf2, 0x14, 0xf2, 0x13, 0xf1, 0x13, 0xf1, 0x13, 0xf1, 0x13, 0xf1, 0x13, 0xf1,
    0x13, 0xf1, 0x13, 0xf1, 0x13, 0xf1, 0x13, 0xf1, 0x13, 0xf1, 0x13, 0xf1, 0x13, 0xf1, 0x13, 0xf1,
    0x13, 0xf1, 0x13, 0xf1, 0x13, 0xf1, 0x13, 0xf1, 0x13, 0xf1, 0x13, 0xf1, 0x13, 0xf1, 0x13, 0xf1,
    0x13, 0xf1, 0x13, 0xf1, 0x13, 0xf1, 0x13, 0xf1, 0x12, 0xf1, 0x12, 0xf1, 0x12, 0xf1, 0x12, 0xf1,
    0x13, 0xf1, 0x13, 0xf1, 0x13, 0xf1, 0x13, 0xf1, 0x12, 0xf1, 0x13, 0xf1, 0x12, 0xf1, 0x13, 0xf1,
    0x13, 0xf1, 0x13, 0xf1, 0x13, 0xf1, 0x12, 0xf1, 0x13, 0xf1, 0x13, 0xf1, 0x13, 0xf1, 0x13, 0xf1,
    0x02, 0xf1, 0x02, 0xf1, 0x12, 0xf1, 0x02, 0xf1, 0x02, 0xf1, 0x02, 0xf1, 0x12, 0xf1, 0x02, 0xf1,
    0x02, 0xf1, 0x02, 0xf1, 0x02, 0xf1, 0x02, 0xf1, 0x02, 0xf1, 0x02, 0xf1, 0x02, 0xf1, 0x02, 0xf1,
    0x02, 0xf1, 0x02, 0xf1, 0x02, 0xf1, 0x02, 0xf1, 0x02, 0xf1, 0x02, 0xf1, 0x02, 0xf1, 0x02, 0xf1,
    0x02, 0xf1, 0x02, 0xf1, 0x02, 0xf1, 0x02, 0xf1, 0x02, 0xf1, 0x02, 0xf1, 0x02, 0xf1, 0x02, 0xf1,
    0x14, 0xf2, 0x14, 0xf2, 0x25, 0xf2, 0x15, 0xf2, 0x14, 0xf2, 0x14, 0xf2, 0x14, 0xf2, 0x14, 0xf2,
    0x14, 0xf2, 0x14, 0xf2, 0x14, 0xf2, 0x14, 0xf2, 0x14, 0xf2, 0x14, 0xf2, 0x14, 0xf2, 0x14, 0xf2,
    0x14, 0xf2, 0x14, 0xf2, 0x25, 0xf2, 0x25, 0xf2, 0x14, 0xf2, 0x14, 0xf2, 0x14, 0xf2, 0x14, 0xf2,
    0x14, 0xf2, 0x14, 0xf2, 0x14, 0xf2, 0x14, 0xf2, 0x14, 0xf2, 0x14, 0xf2, 0x14, 0xf2, 0x14, 0xf2,
    0x14, 0xf2, 0x14, 0xf2, 0x14, 0xf1, 0x14, 0xf2, 0x14, 0xf2, 0x14, 0xf1, 0x14, 0xf1, 0x14, 0xf2,
    0x14, 0xf2, 0x14, 0xf2, 0x14, 0xf2, 0x14, 0xf2, 0x13, 0xf1, 0x13, 0xf1, 0x13, 0xf1, 0x13, 0xf1,
    0x13, 0xf1, 0x13, 0xf1, 0x13, 0xf1, 0x14, 0xf2, 0x14, 0xf2, 0x13, 0xf1, 0x13, 0xf1, 0x14, 0xf2,
    0x14, 0xf2, 0x14, 0xf2, 0x24, 0xf2, 0x14, 0xf2, 0x14, 0xf2, 0x14, 0xf2, 0x14, 0xf2, 0x14, 0xf2,
    0x14, 0xf2, 0x14, 0xf2, 0x14, 0xf2, 0x24, 0xf2, 0x14, 0xf2, 0x14, 0xf2, 0x24, 0xf2, 0x24, 0xf2,
    0x14, 0xf2, 0x24, 0xf2, 0x24, 0xf2, 0x24, 0xf2, 0x25, 0xf2, 0x25, 0xf2, 0x24, 0xf2, 0x14, 0xf2,
    0x14, 0xf2, 0x14, 0xf2, 0x14, 0xf1, 0x13, 0xf1, 0x13, 0xf1, 0x13, 0xf1, 0x13, 0xf1, 0x13, 0xf1,
    0x13, 0xf1, 0x13, 0xf1, 0x13, 0xf1, 0x13, 0xf1, 0x13, 0xf1, 0x13, 0xf1, 0x13, 0xf1, 0x14, 0xf2,
    0x14, 0xf2, 0x25, 0xf2, 0x25, 0xf2, 0x13, 0xf1, 0x14, 0xf2, 0x14, 0xf2, 0x14, 0xf2, 0x14, 0xf2,
    0x14, 0xf2, 0x13, 0xf1, 0x13, 0xf1, 0x13, 0xf1, 0x13, 0xf1, 0x14, 0xf2, 0x25, 0xf2, 0x25, 0xf2,
    0x14, 0xf2, 0x14, 0xf2, 0x14, 0xf2, 0x14, 0xf2, 0x14, 0xf2, 0x14, 0xf2, 0x24, 0xf2, 0x14, 0xf2,
    0x14, 0xf2, 0x24, 0xf2, 0x14, 0xf2, 0x14, 0xf2, 0x14, 0xf2, 0x14, 0xf2, 0x14, 0xf2, 0x14, 0xf2,
    0x14, 0xf2, 0x14, 0xf2, 0x13, 0xf1, 0x13, 0xf1, 0x13, 0xf1, 0x13, 0xf1, 0x13, 0xf1, 0x13, 0xf1,
    0x13, 0xf1, 0x14, 0xf2, 0x14, 0xf2, 0x14, 0xf2, 0x13, 0xf1, 0x14, 0xf2, 0x24, 0xf2, 0x24, 0xf2,
    0x13, 0xf2, 0x14, 0xf2, 0x14, 0xf2, 0x13, 0xf1, 0x13, 0xf1, 0x13, 0xf1, 0x13, 0xf1, 0x24, 0xf2,
    0x25, 0xf2, 0x24, 0xf2, 0x24, 0xf2, 0x14, 0xf2, 0x13, 0xf1, 0x13, 0xf1, 0x13, 0xf1, 0x13, 0xf1,
    0x13, 0xf1, 0x14, 0xf2, 0x14, 0xf2, 0x13, 0xf1, 0x13, 0xf1, 0x13, 0xf1, 0x13, 0xf1, 0x13, 0xf1,
    0x13, 0xf1, 0x13, 0xf1, 0x13, 0xf1, 0x13, 0xf1, 0x13, 0xf1, 0x13, 0xf1, 0x13, 0xf1, 0x13, 0xf1,
    0x13, 0xf1, 0x13, 0xf1, 0x13, 0xf1, 0x13, 0xf1, 0x13, 0xf1, 0x13, 0xf1, 0x13, 0xf1, 0x13, 0xf1,
    0x13, 0xf1, 0x13, 0xf1, 0x13, 0xf1, 0x13, 0xf1, 0x13, 0xf1, 0x13, 0xf1, 0x13, 0xf1, 0x13, 0xf1,
    0x13, 0xf1, 0x13, 0xf1, 0x13, 0xf1, 0x13, 0xf1, 0x13, 0xf1, 0x12, 0xf1, 0x13, 0xf1, 0x13, 0xf1,
    0x13, 0xf1, 0x13, 0xf1, 0x12, 0xf1, 0x12, 0xf1, 0x13, 0xf1, 0x13, 0xf1, 0x13, 0xf1, 0x12, 0xf1,
    0x12, 0xf1, 0x12, 0xf1, 0x12, 0xf1, 0x12, 0xf1, 0x02, 0xf1, 0x02, 0xf1, 0x02, 0xf1, 0x02, 0xf1,
    0x02, 0xf1, 0x02, 0xf1, 0x02, 0xf1, 0x02, 0xf1, 0x02, 0xf1, 0x02, 0xf1, 0x02, 0xf1, 0x02, 0xf1,
    0x02, 0xf1, 0x02, 0xf1, 0x02, 0xf1, 0x02, 0xf1, 0x02, 0xf1, 0x02, 0xf1, 0x02, 0xf1, 0x02, 0xf1,
    0x02, 0xf1, 0x12, 0xf1, 0x02, 0xf1, 0x02, 0xf1, 0x02, 0xf1, 0x02, 0xf1, 0x02, 0xf1, 0x02, 0xf1,
    0x14, 0xf2, 0x14, 0xf2, 0x14, 0xf2, 0x14, 0xf2, 0x14, 0xf2, 0x14, 0xf2, 0x14, 0xf2, 0x14, 0xf2,
    0x14, 0xf2, 0x14, 0xf2, 0x14, 0xf2, 0x14, 0xf2, 0x14, 0xf2, 0x14, 0xf2, 0x14, 0xf2, 0x14, 0xf2,
    0x14, 0xf2, 0x14, 0xf2, 0x25, 0xf2, 0x25, 0xf2, 0x14, 0xf2, 0x14, 0xf2, 0x14, 0xf2, 0x14, 0xf2,
    0x14, 0xf2, 0x14, 0xf2, 0x14, 0xf2, 0x14, 0xf2, 0x14, 0xf2, 0x14, 0xf2, 0x14, 0xf2, 0x14, 0xf2,
    0x14, 0xf2, 0x14, 0xf2, 0x14, 0xf2, 0x14, 0xf2, 0x14, 0xf2, 0x14, 0xf2, 0x14, 0xf2, 0x14, 0xf2,
    0x14, 0xf2, 0x14, 0xf2, 0x14, 0xf2, 0x14, 0xf2, 0x14, 0xf2, 0x14, 0xf2, 0x13, 0xf1, 0x14, 0xf2,
    0x14, 0xf2, 0x13, 0xf1, 0x13, 0xf1, 0x13, 0xf1, 0x13, 0xf1, 0x13, 0xf1, 0x13, 0xf2, 0x13, 0xf1,
    0x14, 0xf2, 0x14, 0xf2, 0x14, 0xf2, 0x14, 0xf2, 0x14, 0xf2, 0x14, 0xf2, 0x14, 0xf2, 0x13, 0xf2,
    0x24, 0xf2, 0x24, 0xf2, 0x14, 0xf2, 0x24, 0xf2, 0x14, 0xf2, 0x14, 0xf2, 0x14, 0xf2, 0x24, 0xf2,
    0x24, 0xf2, 0x24, 0xf2, 0x25, 0xf2, 0x25, 0xf2, 0x25, 0xf2, 0x35, 0xf2, 0x14, 0xf2, 0x14, 0xf2,
    0x14, 0xf2, 0x13, 0xf1, 0x13, 0xf1, 0x14, 0xf2, 0x14, 0xf2, 0x14, 0xf2, 0x13, 0xf1, 0x14, 0xf1,
    0x13, 0xf1, 0x14, 0xf2, 0x13, 0xf1, 0x13, 0xf1, 0x13, 0xf1, 0x13, 0xf1, 0x13, 0xf1, 0x14, 0xf2,
    0x14, 0xf2, 0x25, 0xf2, 0x24, 0xf2, 0x13, 0xf1, 0x13, 0xf1, 0x13, 0xf1, 0x14, 0xf2, 0x14, 0xf2,
    0x14, 0xf2, 0x13, 0xf1, 0x13, 0xf1, 0x13, 0xf1, 0x13, 0xf1, 0x13, 0xf1, 0x14, 0xf2, 0x14, 0xf2,
    0x14, 0xf2, 0x14, 0xf2, 0x14, 0xf2, 0x14, 0xf2, 0x14, 0xf1, 0x14, 0xf2, 0x24, 0xf2, 0x14, 0xf2,
    0x14, 0xf2, 0x25, 0xf2, 0x14, 0xf2, 0x14, 0xf2, 0x14, 0xf2, 0x14, 0xf2, 0x14, 0xf2, 0x14, 0xf2,
    0x14, 0xf2, 0x14, 0xf2, 0x14, 0xf2, 0x14, 0xf2, 0x13, 0xf1, 0x13, 0xf1, 0x13, 0xf1, 0x14, 0xf2,
    0x14, 0xf2, 0x14, 0xf2, 0x14, 0xf2, 0x13, 0xf1, 0x13, 0xf1, 0x14, 0xf2, 0x25, 0xf2, 0x24, 0xf2,
    0x24, 0xf2, 0x14, 0xf2, 0x14, 0xf2, 0x14, 0xf2, 0x13, 0xf1, 0x13, 0xf1, 0x13, 0xf1, 0x14, 0xf2,
    0x24, 0xf2, 0x14, 0xf2, 0x14, 0xf2, 0x14, 0xf2, 0x14, 0xf2, 0x14, 0xf2, 0x13, 0xf1, 0x13, 0xf1,
    0x13, 0xf2, 0x14, 0xf2, 0x14, 0xf2, 0x13, 0xf1, 0x13, 0xf1, 0x13, 0xf2, 0x13, 0xf1, 0x13, 0xf1,
    0x13, 0xf1, 0x13, 0xf1, 0x13, 0xf1, 0x13, 0xf1, 0x13, 0xf1, 0x13, 0xf1, 0x13, 0xf1, 0x13, 0xf1,
    0x13, 0xf1, 0x13, 0xf1, 0x13, 0xf1, 0x13, 0xf1, 0x13, 0xf1, 0x13, 0xf1, 0x13, 0xf1, 0x13, 0xf1,
    0x13, 0xf1, 0x13, 0xf1, 0x13, 0xf1, 0x13, 0xf1, 0x13, 0xf1, 0x13, 0xf1, 0x13, 0xf1, 0x13, 0xf1,
    0x13, 0xf1, 0x13, 0xf1, 0x13, 0xf1, 0x13, 0xf1, 0x13, 0xf1, 0x13, 0xf1, 0x13, 0xf1, 0x13, 0xf1,
    0x13, 0xf1, 0x13, 0xf1, 0x12, 0xf1, 0x13, 0xf1, 0x13, 0xf1, 0x13, 0xf1, 0x13, 0xf1, 0x13, 0xf1,
    0x13, 0xf1, 0x13, 0xf1, 0x12, 0xf1, 0x12, 0xf1, 0x12, 0xf1, 0x02, 0xf1, 0x02, 0xf1, 0x02, 0xf1,
    0x02, 0xf1, 0x02, 0xf1, 0x02, 0xf1, 0x02, 0xf1, 0x02, 0xf1, 0x02, 0xf1, 0x02, 0xf1, 0x02, 0xf1,
    0x02, 0xf1, 0x02, 0xf1, 0x02, 0xf1, 0x02, 0xf1, 0x02, 0xf1, 0x02, 0xf1, 0x12, 0xf1, 0x02, 0xf1,
    0x02, 0xf1, 0x02, 0xf1, 0x12, 0xf1, 0x02, 0xf1, 0x02, 0xf1, 0x02, 0xf1, 0x02, 0xf1, 0x02, 0xf1,
    0x14, 0xf2, 0x14, 0xf2, 0x14, 0xf2, 0x14, 0xf2, 0x14, 0xf2, 0x14, 0xf2, 0x14, 0xf2, 0x14, 0xf2,
    0x14, 0xf2, 0x14, 0xf2, 0x14, 0xf2, 0x14, 0xf2, 0x14, 0xf2, 0x14, 0xf2, 0x14, 0xf2, 0x14, 0xf2,
    0x14, 0xf2, 0x14, 0xf2, 0x14, 0xf2, 0x14, 0xf2, 0x14, 0xf2, 0x14, 0xf2, 0x14, 0xf2, 0x14, 0xf2,
    0x14, 0xf2, 0x14, 0xf2, 0x14, 0xf2, 0x14, 0xf2, 0x14, 0xf2, 0x14, 0xf2, 0x14, 0xf2, 0x14, 0xf2,
    0x14, 0xf2, 0x14, 0xf2, 0x14, 0xf2, 0x24, 0xf2, 0x14, 0xf2, 0x13, 0xf1, 0x13, 0xf1, 0x14, 0xf1,
    0x14, 0xf2, 0x14, 0xf2, 0x25, 0xf2, 0x46, 0xf2, 0x36, 0xf2, 0x24, 0xf2, 0x14, 0xf2, 0x13, 0xf1,
    0x14, 0xf2, 0x13, 0xf1, 0x13, 0xf1, 0x13, 0xf1, 0x13, 0xf1, 0x14, 0xf2, 0x13, 0xf1, 0x13, 0xf1,
    0x13, 0xf1, 0x14, 0xf2, 0x14, 0xf2, 0x14, 0xf2, 0x14, 0xf2, 0x14, 0xf2, 0x14, 0xf2, 0x13, 0xf2,
    0x24, 0xf2, 0x24, 0xf2, 0x24, 0xf2, 0x24, 0xf2, 0x14, 0xf2, 0x24, 0xf2, 0x24, 0xf2, 0x25, 0xf2,
    0x24, 0xf2, 0x24, 0xf2, 0x24, 0xf2, 0x24, 0xf2, 0x25, 0xf2, 0x36, 0xf2, 0x14, 0xf2, 0x14, 0xf2,
    0x14, 0xf1, 0x14, 0xf2, 0x13, 0xf2, 0x14, 0xf2, 0x14, 0xf2, 0x14, 0xf2, 0x14, 0xf2, 0x14, 0xf2,
    0x14, 0xf2, 0x14, 0xf2, 0x13, 0xf1, 0x13, 0xf1, 0x13, 0xf1, 0x13, 0xf1, 0x13, 0xf1, 0x13, 0xf1,
    0x13, 0xf1, 0x13, 0xf1, 0x13, 0xf1, 0x13, 0xf1, 0x14, 0xf2, 0x13, 0xf1, 0x13, 0xf1, 0x13, 0xf1,
    0x13, 0xf1, 0x13, 0xf1, 0x14, 0xf2, 0x14, 0xf2, 0x13, 0xf1, 0x14, 0xf2, 0x14, 0xf2, 0x14, 0xf2,
    0x14, 0xf2, 0x13, 0xf1, 0x14, 0xf2, 0x14, 0xf2, 0x13, 0xf1, 0x14, 0xf2, 0x14, 0xf2, 0x14, 0xf2,
    0x14, 0xf2, 0x24, 0xf2, 0x25, 0xf2, 0x24, 0xf2, 0x14, 0xf2, 0x24, 0xf2, 0x14, 0xf2, 0x14, 0xf2,
    0x14, 0xf2, 0x14, 0xf2, 0x14, 0xf2, 0x14, 0xf2, 0x13, 0xf1, 0x13, 0xf1, 0x14, 0xf2, 0x14, 0xf2,
    0x14, 0xf2, 0x14, 0xf2, 0x14, 0xf2, 0x14, 0xf2, 0x24, 0xf2, 0x14, 0xf2, 0x14, 0xf2, 0x24, 0xf2,
    0x24, 0xf2, 0x24, 0xf2, 0x14, 0xf2, 0x13, 0xf1, 0x13, 0xf1, 0x13, 0xf1, 0x13, 0xf1, 0x14, 0xf2,
    0x24, 0xf2, 0x14, 0xf2, 0x14, 0xf2, 0x14, 0xf2, 0x13, 0xf1, 0x14, 0xf2, 0x14, 0xf2, 0x13, 0xf2,
    0x14, 0xf2, 0x14, 0xf2, 0x14, 0xf2, 0x14, 0xf2, 0x13, 0xf1, 0x13, 0xf1, 0x13, 0xf1, 0x13, 0xf1,
    0x13, 0xf1, 0x13, 0xf1, 0x13, 0xf1, 0x13, 0xf1, 0x13, 0xf1, 0x13, 0xf1, 0x13, 0xf1, 0x13, 0xf1,
    0x13, 0xf1, 0x13, 0xf1, 0x13, 0xf1, 0x13, 0xf1, 0x13, 0xf1, 0x13, 0xf1, 0x13, 0xf1, 0x13, 0xf1,
    0x13, 0xf1, 0x13, 0xf1, 0x13, 0xf1, 0x13, 0xf1, 0x13, 0xf1, 0x13, 0xf1, 0x13, 0xf1, 0x13, 0xf1,
    0x13, 0xf1, 0x13, 0xf1, 0x13, 0xf1, 0x13, 0xf1, 0x13, 0xf1, 0x13, 0xf1, 0x13, 0xf1, 0x12, 0xf1,
    0x12, 0xf1, 0x13, 0xf1, 0x13, 0xf1, 0x13, 0xf1, 0x13, 0xf1, 0x13, 0xf1, 0x13, 0xf1, 0x13, 0xf1,
    0x13, 0xf1, 0x13, 0xf1, 0x12, 0xf1, 0x02, 0xf1, 0x02, 0xf1, 0x02, 0xf1, 0x02, 0xf1, 0x02, 0xf1,
    0x12, 0xf1, 0x12, 0xf1, 0x02, 0xf1, 0x02, 0xf1, 0x02, 0xf1, 0x02, 0xf1, 0x02, 0xf1, 0x02, 0xf1,
    0x02, 0xf1, 0x02, 0xf1, 0x02, 0xf1, 0x02, 0xf1, 0x02, 0xf1, 0x02, 0xf1, 0x12, 0xf1, 0x02, 0xf1,
    0x02, 0xf1, 0x02, 0xf1, 0x12, 0xf1, 0x02, 0xf1, 0x02, 0xf1, 0x02, 0xf1, 0x02, 0xf1, 0x02, 0xf1,
    0x14, 0xf2, 0x14, 0xf2, 0x14, 0xf2, 0x14, 0xf2, 0x14, 0xf2, 0x14, 0xf2, 0x14, 0xf2, 0x14, 0xf2,
    0x14, 0xf2, 0x14, 0xf2, 0x14, 0xf2, 0x14, 0xf2, 0x14, 0xf2, 0x14, 0xf2, 0x14, 0xf2, 0x14, 0xf2,
    0x14, 0xf2, 0x14, 0xf2, 0x14, 0xf2, 0x14, 0xf2, 0x14, 0xf2, 0x14, 0xf2, 0x14, 0xf2, 0x14, 0xf2,
    0x14, 0xf2, 0x14, 0xf2, 0x14, 0xf2, 0x14, 0xf2, 0x14, 0xf2, 0x14, 0xf2, 0x14, 0xf2, 0x14, 0xf2,
    0x14, 0xf2, 0x14, 0xf2, 0x14, 0xf2, 0x24, 0xf2, 0x14, 0xf2, 0x14, 0xf2, 0x14, 0xf2, 0x14, 0xf2,
    0x14, 0xf2, 0x14, 0xf2, 0x36, 0xf2, 0x68, 0xf3, 0x57, 0xf3, 0x25, 0xf2, 0x14, 0xf2, 0x13, 0xf1,
    0x13, 0xf1, 0x14, 0xf2, 0x24, 0xf2, 0x24, 0xf2, 0x14, 0xf2, 0x14, 0xf2, 0x13, 0xf1, 0x13, 0xf1,
    0x13, 0xf2, 0x14, 0xf2, 0x14, 0xf2, 0x14, 0xf2, 0x14, 0xf2, 0x14, 0xf2, 0x14, 0xf2, 0x14, 0xf2,
    0x14, 0xf2, 0x14, 0xf2, 0x14, 0xf2, 0x14, 0xf2, 0x24, 0xf2, 0x24, 0xf2, 0x24, 0xf2, 0x25, 0xf2,
    0x24, 0xf2, 0x24, 0xf2, 0x24, 0xf2, 0x24, 0xf2, 0x25, 0xf2, 0x24, 0xf2, 0x24, 0xf2, 0x14, 0xf2,
    0x14, 0xf2, 0x14, 0xf2, 0x14, 0xf2, 0x14, 0xf2, 0x14, 0xf2, 0x14, 0xf2, 0x14, 0xf2, 0x14, 0xf2,
    0x14, 0xf2, 0x14, 0xf2, 0x13, 0xf1, 0x14, 0xf2, 0x13, 0xf2, 0x13, 0xf1, 0x13, 0xf1, 0x13, 0xf1,
    0x14, 0xf2, 0x13, 0xf1, 0x13, 0xf1, 0x13, 0xf1, 0x14, 0xf2, 0x13, 0xf1, 0x13, 0xf1, 0x13, 0xf1,
    0x13, 0xf1, 0x13, 0xf1, 0x14, 0xf1, 0x14, 0xf2, 0x14, 0xf2, 0x14, 0xf2, 0x14, 0xf2, 0x14, 0xf2,
    0x14, 0xf2, 0x14, 0xf1, 0x14, 0xf2, 0x14, 0xf2, 0x14, 0xf2, 0x14, 0xf2, 0x14, 0xf2, 0x14, 0xf2,
    0x14, 0xf2, 0x14, 0xf2, 0x25, 0xf2, 0x24, 0xf2, 0x24, 0xf2, 0x25, 0xf2, 0x14, 0xf2, 0x13, 0xf1,
    0x14, 0xf2, 0x14, 0xf2, 0x14, 0xf1, 0x13, 0xf1, 0x13, 0xf1, 0x13, 0xf2, 0x14, 0xf2, 0x14, 0xf2,
    0x14, 0xf2, 0x24, 0xf2, 0x14, 0xf2, 0x14, 0xf2, 0x14, 0xf2, 0x14, 0xf2, 0x14, 0xf2, 0x24, 0xf2,
    0x24, 0xf2, 0x25, 0xf2, 0x24, 0xf2, 0x13, 0xf1, 0x13, 0xf1, 0x13, 0xf2, 0x14, 0xf1, 0x14, 0xf2,
    0x14, 0xf2, 0x14, 0xf2, 0x14, 0xf2, 0x14, 0xf2, 0x14, 0xf2, 0x14, 0xf2, 0x14, 0xf2, 0x14, 0xf2,
    0x14, 0xf2, 0x14, 0xf2, 0x14, 0xf2, 0x14, 0xf2, 0x13, 0xf1, 0x13, 0xf1, 0x13, 0xf1, 0x13, 0xf1,
    0x13, 0xf1, 0x13, 0xf1, 0x13, 0xf1, 0x13, 0xf1, 0x13, 0xf1, 0x13, 0xf1, 0x13, 0xf1, 0x13, 0xf1,
    0x13, 0xf1, 0x13, 0xf1, 0x13, 0xf1, 0x13, 0xf1, 0x13, 0xf1, 0x13, 0xf1, 0x13, 0xf1, 0x13, 0xf1,
    0x13, 0xf1, 0x13, 0xf1, 0x13, 0xf1, 0x13, 0xf1, 0x13, 0xf1, 0x13, 0xf1, 0x13, 0xf1, 0x13, 0xf1,
    0x13, 0xf1, 0x13, 0xf1, 0x13, 0xf1, 0x13, 0xf1, 0x13, 0xf1, 0x13, 0xf1, 0x13, 0xf1, 0x12, 0xf1,
    0x12, 0xf1, 0x12, 0xf1, 0x13, 0xf1, 0x13, 0xf1, 0x13, 0xf1, 0x13, 0xf1, 0x13, 0xf1, 0x13, 0xf1,
    0x13, 0xf1, 0x02, 0xf1, 0x12, 0xf1, 0x12, 0xf1, 0x12, 0xf1, 0x02, 0xf1, 0x12, 0xf1, 0x13, 0xf1,
    0x12, 0xf1, 0x02, 0xf1, 0x02, 0xf1, 0x02, 0xf1, 0x02, 0xf1, 0x02, 0xf1, 0x02, 0xf1, 0x02, 0xf1,
    0x02, 0xf1, 0x02, 0xf1, 0x02, 0xf1, 0x02, 0xf1, 0x02, 0xf1, 0x02, 0xf1, 0x02, 0xf1, 0x02, 0xf1,
    0x02, 0xf1, 0x02, 0xf1, 0x02, 0xf1, 0x02, 0xf1, 0x02, 0xf1, 0x02, 0xf1, 0x02, 0xf1, 0x02, 0xf1,
    0x14, 0xf2, 0x14, 0xf2, 0x14, 0xf2, 0x14, 0xf2, 0x14, 0xf2, 0x14, 0xf2, 0x14, 0xf2, 0x14, 0xf2,
    0x14, 0xf2, 0x14, 0xf2, 0x14, 0xf2, 0x14, 0xf2, 0x14, 0xf2, 0x14, 0xf2, 0x14, 0xf2, 0x14, 0xf2,
    0x14, 0xf2, 0x14, 0xf2, 0x14, 0xf2, 0x14, 0xf2, 0x14, 0xf2, 0x14, 0xf2, 0x14, 0xf2, 0x14, 0xf2,
    0x14, 0xf2, 0x14, 0xf2, 0x14, 0xf2, 0x14, 0xf2, 0x24, 0xf2, 0x14, 0xf2, 0x14, 0xf2, 0x14, 0xf2,
    0x14, 0xf2, 0x14, 0xf1, 0x14, 0xf2, 0x14, 0xf1, 0x14, 0xf2, 0x14, 0xf2, 0x24, 0xf2, 0x14, 0xf2,
    0x14, 0xf2, 0x14, 0xf2, 0x25, 0xf2, 0x46, 0xf2, 0x36, 0xf2, 0x24, 0xf2, 0x14, 0xf2, 0x13, 0xf1,
    0x13, 0xf1, 0x13, 0xf1, 0x14, 0xf2, 0x24, 0xf2, 0x25, 0xf2, 0x14, 0xf2, 0x14, 0xf2, 0x14, 0xf2,
    0x14, 0xf2, 0x14, 0xf2, 0x14, 0xf2, 0x14, 0xf2, 0x14, 0xf2, 0x14, 0xf2, 0x14, 0xf2, 0x14, 0xf2,
    0x14, 0xf2, 0x14, 0xf2, 0x14, 0xf2, 0x14, 0xf2, 0x14, 0xf2, 0x14, 0xf2, 0x24, 0xf2, 0x25, 0xf2,
    0x24, 0xf2, 0x24, 0xf2, 0x24, 0xf2, 0x24, 0xf2, 0x25, 0xf2, 0x24, 0xf2, 0x24, 0xf2, 0x14, 0xf2,
    0x14, 0xf2, 0x14, 0xf2, 0x14, 0xf2, 0x14, 0xf2, 0x14, 0xf2, 0x14, 0xf2, 0x14, 0xf2, 0x24, 0xf2,
    0x24, 0xf2, 0x14, 0xf2, 0x13, 0xf1, 0x14, 0xf2, 0x24, 0xf2, 0x13, 0xf1, 0x13, 0xf1, 0x13, 0xf2,
    0x14, 0xf2, 0x13, 0xf1, 0x13, 0xf1, 0x14, 0xf2, 0x13, 0xf2, 0x13, 0xf1, 0x13, 0xf1, 0x13, 0xf1,
    0x14, 0xf2, 0x13, 0xf1, 0x13, 0xf1, 0x14, 0xf2, 0x14, 0xf2, 0x14, 0xf2, 0x14, 0xf2, 0x14, 0xf2,
    0x14, 0xf2, 0x14, 0xf2, 0x14, 0xf2, 0x14, 0xf2, 0x14, 0xf2, 0x14, 0xf2, 0x14, 0xf2, 0x14, 0xf2,
    0x14, 0xf2, 0x14, 0xf2, 0x24, 0xf2, 0x24, 0xf2, 0x25, 0xf2, 0x24, 0xf2, 0x14, 0xf2, 0x14, 0xf2,
    0x14, 0xf2, 0x14, 0xf2, 0x13, 0xf1, 0x13, 0xf1, 0x13, 0xf1, 0x14, 0xf2, 0x24, 0xf2, 0x35, 0xf2,
    0x24, 0xf2, 0x14, 0xf2, 0x14, 0xf2, 0x14, 0xf2, 0x14, 0xf2, 0x13, 0xf2, 0x14, 0xf2, 0x14, 0xf2,
    0x14, 0xf2, 0x24, 0xf2, 0x24, 0xf2, 0x14, 0xf2, 0x13, 0xf1, 0x13, 0xf1, 0x14, 0xf2, 0x13, 0xf1,
    0x13, 0xf1, 0x14, 0xf2, 0x14, 0xf2, 0x14, 0xf2, 0x14, 0xf2, 0x14, 0xf2, 0x14, 0xf2, 0x14, 0xf2,
    0x14, 0xf2, 0x24, 0xf2, 0x14, 0xf2, 0x14, 0xf2, 0x13, 0xf1, 0x13, 0xf1, 0x13, 0xf1, 0x13, 0xf1,
    0x13, 0xf1, 0x13, 0xf1, 0x13, 0xf1, 0x13, 0xf1, 0x13, 0xf1, 0x13, 0xf1, 0x13, 0xf1, 0x13, 0xf1,
    0x13, 0xf1, 0x13, 0xf1, 0x13, 0xf1, 0x13, 0xf1, 0x13, 0xf1, 0x13, 0xf1, 0x13, 0xf1, 0x13, 0xf1,
    0x13, 0xf1, 0x13, 0xf1, 0x13, 0xf1, 0x13, 0xf1, 0x13, 0xf1, 0x13, 0xf1, 0x13, 0xf1, 0x13, 0xf1,
    0x13, 0xf1, 0x13, 0xf1, 0x13, 0xf1, 0x13, 0xf1, 0x12, 0xf1, 0x13, 0xf1, 0x13, 0xf1, 0x12, 0xf1,
    0x13, 0xf1, 0x12, 0xf1, 0x12, 0xf1, 0x13, 0xf1, 0x13, 0xf1, 0x13, 0xf1, 0x13, 0xf1, 0x02, 0xf1,
    0x03, 0xf1, 0x12, 0xf1, 0x13, 0xf1, 0x12, 0xf1, 0x02, 0xf1, 0x02, 0xf1, 0x12, 0xf1, 0x12, 0xf1,
    0x02, 0xf1, 0x02, 0xf1, 0x02, 0xf1, 0x02, 0xf1, 0x02, 0xf1, 0x02, 0xf1, 0x02, 0xf1, 0x02, 0xf1,
    0x02, 0xf1, 0x02, 0xf1, 0x02, 0xf1, 0x02, 0xf1, 0x02, 0xf1, 0x02, 0xf1, 0x02, 0xf1, 0x02, 0xf1,
    0x02, 0xf1, 0x13, 0xf1, 0x24, 0xf2, 0x02, 0xf1, 0x02, 0xf1, 0x02, 0xf1, 0x02, 0xf1, 0x02, 0xf1,
    0x14, 0xf2, 0x14, 0xf2, 0x14, 0xf2, 0x14, 0xf2, 0x14, 0xf2, 0x14, 0xf2, 0x14, 0xf2, 0x14, 0xf2,
    0x14, 0xf2, 0x14, 0xf2, 0x14, 0xf2, 0x14, 0xf2, 0x14, 0xf2, 0x14, 0xf2, 0x14, 0xf2, 0x24, 0xf2,
    0x14, 0xf2, 0x14, 0xf2, 0x14, 0xf2, 0x14, 0xf2, 0x14, 0xf2, 0x14, 0xf2, 0x14, 0xf2, 0x14, 0xf2,
    0x14, 0xf2, 0x24, 0xf2, 0x24, 0xf2, 0x24, 0xf2, 0x25, 0xf2, 0x25, 0xf2, 0x14, 0xf2, 0x14, 0xf2,
    0x14, 0xf2, 0x13, 0xf1, 0x13, 0xf1, 0x13, 0xf1, 0x14, 0xf1, 0x14, 0xf2, 0x14, 0xf2, 0x14, 0xf2,
    0x14, 0xf2, 0x24, 0xf2, 0x24, 0xf2, 0x25, 0xf2, 0x25, 0xf2, 0x14, 0xf2, 0x14, 0xf1, 0x13, 0xf1,
    0x13, 0xf1, 0x13, 0xf1, 0x13, 0xf1, 0x14, 0xf2, 0x24, 0xf2, 0x24, 0xf2, 0x14, 0xf2, 0x14, 0xf2,
    0x14, 0xf2, 0x14, 0xf2, 0x14, 0xf2, 0x14, 0xf2, 0x14, 0xf2, 0x14, 0xf2, 0x14, 0xf2, 0x14, 0xf2,
    0x24, 0xf2, 0x14, 0xf2, 0x14, 0xf2, 0x14, 0xf2, 0x14, 0xf2, 0x24, 0xf2, 0x24, 0xf2, 0x25, 0xf2,
    0x24, 0xf2, 0x24, 0xf2, 0x24, 0xf2, 0x25, 0xf2, 0x25, 0xf2, 0x24, 0xf2, 0x14, 0xf2, 0x14, 0xf2,
    0x14, 0xf2, 0x14, 0xf2, 0x14, 0xf2, 0x13, 0xf1, 0x13, 0xf1, 0x14, 0xf2, 0x14, 0xf2, 0x14, 0xf2,
    0x14, 0xf2, 0x14, 0xf2, 0x13, 0xf1, 0x13, 0xf1, 0x13, 0xf1, 0x13, 0xf1, 0x14, 0xf2, 0x13, 0xf2,
    0x13, 0xf1, 0x13, 0xf1, 0x13, 0xf1, 0x14, 0xf2, 0x14, 0xf2, 0x13, 0xf1, 0x13, 0xf1, 0x13, 0xf1,
    0x13, 0xf1, 0x13, 0xf1, 0x13, 0xf1, 0x14, 0xf2, 0x14, 0xf2, 0x14, 0xf2, 0x14, 0xf2, 0x14, 0xf2,
    0x14, 0xf2, 0x14, 0xf2, 0x14, 0xf2, 0x14, 0xf2, 0x24, 0xf2, 0x24, 0xf2, 0x14, 0xf2, 0x14, 0xf2,
    0x14, 0xf2, 0x24, 0xf2, 0x24, 0xf2, 0x24, 0xf2, 0x24, 0xf2, 0x24, 0xf2, 0x14, 0xf2, 0x14, 0xf2,
    0x14, 0xf2, 0x14, 0xf2, 0x13, 0xf2, 0x13, 0xf1, 0x13, 0xf1, 0x14, 0xf2, 0x24, 0xf2, 0x47, 0xf2,
    0x24, 0xf2, 0x14, 0xf2, 0x14, 0xf2, 0x14, 0xf2, 0x14, 0xf2, 0x24, 0xf2, 0x24, 0xf2, 0x14, 0xf2,
    0x14, 0xf2, 0x24, 0xf2, 0x24, 0xf2, 0x24, 0xf2, 0x14, 0xf2, 0x14, 0xf2, 0x14, 0xf2, 0x13, 0xf1,
    0x13, 0xf1, 0x13, 0xf1, 0x14, 0xf2, 0x14, 0xf2, 0x24, 0xf2, 0x14, 0xf2, 0x13, 0xf2, 0x14, 0xf2,
    0x14, 0xf2, 0x14, 0xf2, 0x14, 0xf2, 0x14, 0xf2, 0x14, 0xf2, 0x13, 0xf1, 0x13, 0xf1, 0x13, 0xf1,
    0x13, 0xf1, 0x13, 0xf1, 0x13, 0xf1, 0x13, 0xf1, 0x13, 0xf1, 0x13, 0xf1, 0x13, 0xf1, 0x13, 0xf1,
    0x13, 0xf1, 0x13, 0xf1, 0x13, 0xf1, 0x13, 0xf1, 0x13, 0xf1, 0x13, 0xf1, 0x13, 0xf1, 0x13, 0xf1,
    0x13, 0xf1, 0x13, 0xf1, 0x13, 0xf1, 0x13, 0xf1, 0x13, 0xf1, 0x13, 0xf1, 0x13, 0xf1, 0x13, 0xf1,
    0x13, 0xf1, 0x13, 0xf1, 0x13, 0xf1, 0x13, 0xf1, 0x12, 0xf1, 0x12, 0xf1, 0x13, 0xf1, 0x12, 0xf1,
    0x13, 0xf1, 0x13, 0xf1, 0x13, 0xf1, 0x13, 0xf1, 0x13, 0xf1, 0x13, 0xf1, 0x13, 0xf1, 0x13, 0xf1,
    0x02, 0xf1, 0x02, 0xf1, 0x13, 0xf1, 0x02, 0xf1, 0x02, 0xf1, 0x12, 0xf1, 0x12, 0xf1, 0x02, 0xf1,
    0x02, 0xf1, 0x02, 0xf1, 0x02, 0xf1, 0x02, 0xf1, 0x02, 0xf1, 0x02, 0xf1, 0x02, 0xf1, 0x02, 0xf1,
    0x02, 0xf1, 0x02, 0xf1, 0x02, 0xf1, 0x02, 0xf1, 0x02, 0xf1, 0x02, 0xf1, 0x02, 0xf1, 0x02, 0xf1,
    0x02, 0xf1, 0x12, 0xf1, 0x13, 0xf1, 0x02, 0xf1, 0x02, 0xf1, 0x02, 0xf1, 0x02, 0xf1, 0x02, 0xf1,
    0x14, 0xf2, 0x14, 0xf2, 0x14, 0xf2, 0x14, 0xf2, 0x14, 0xf2, 0x14, 0xf2, 0x14, 0xf2, 0x14, 0xf2,
    0x14, 0xf2, 0x14, 0xf2, 0x14, 0xf2, 0x14, 0xf2, 0x14, 0xf2, 0x25, 0xf2, 0x25, 0xf2, 0x25, 0xf2,
    0x25, 0xf2, 0x14, 0xf2, 0x14, 0xf2, 0x14, 0xf2, 0x14, 0xf2, 0x25, 0xf2, 0x24, 0xf2, 0x14, 0xf2,
    0x14, 0xf2, 0x25, 0xf2, 0x25, 0xf2, 0x25, 0xf2, 0x25, 0xf2, 0x25, 0xf2, 0x14, 0xf2, 0x14, 0xf2,
    0x13, 0xf1, 0x13, 0xf1, 0x13, 0xf1, 0x14, 0xf1, 0x14, 0xf2, 0x14, 0xf2, 0x14, 0xf2, 0x14, 0xf2,
    0x14, 0xf2, 0x14, 0xf2, 0x24, 0xf2, 0x24, 0xf2, 0x14, 0xf2, 0x14, 0xf2, 0x14, 0xf2, 0x13, 0xf1,
    0x13, 0xf1, 0x13, 0xf1, 0x13, 0xf1, 0x14, 0xf2, 0x14, 0xf2, 0x14, 0xf2, 0x14, 0xf2, 0x24, 0xf2,
    0x24, 0xf2, 0x14, 0xf2, 0x14, 0xf2, 0x24, 0xf2, 0x14, 0xf2, 0x14, 0xf2, 0x14, 0xf2, 0x14, 0xf2,
    0x14, 0xf2, 0x14, 0xf2, 0x14, 0xf2, 0x14, 0xf2, 0x24, 0xf2, 0x24, 0xf2, 0x14, 0xf2, 0x24, 0xf2,
    0x24, 0xf2, 0x14, 0xf2, 0x24, 0xf2, 0x25, 0xf2, 0x25, 0xf2, 0x24, 0xf2, 0x14, 0xf2, 0x14, 0xf2,
    0x14, 0xf2, 0x14, 0xf2, 0x14, 0xf2, 0x13, 0xf1, 0x13, 0xf1, 0x14, 0xf2, 0x14, 0xf2, 0x14, 0xf2,
    0x14, 0xf2, 0x14, 0xf2, 0x14, 0xf2, 0x13, 0xf1, 0x13, 0xf1, 0x13, 0xf1, 0x14, 0xf2, 0x13, 0xf1,
    0x13, 0xf1, 0x13, 0xf1, 0x13, 0xf1, 0x14, 0xf2, 0x14, 0xf2, 0x14, 0xf1, 0x13, 0xf1, 0x14, 0xf1,
    0x13, 0xf1, 0x13, 0xf1, 0x13, 0xf1, 0x13, 0xf1, 0x14, 0xf2, 0x14, 0xf2, 0x14, 0xf2, 0x24, 0xf2,
    0x24, 0xf2, 0x14, 0xf2, 0x14, 0xf2, 0x14, 0xf2, 0x14, 0xf2, 0x24, 0xf2, 0x24, 0xf2, 0x14, 0xf2,
    0x24, 0xf2, 0x24, 0xf2, 0x24, 0xf2, 0x24, 0xf2, 0x14, 0xf2, 0x14, 0xf2, 0x14, 0xf2, 0x14, 0xf2,
    0x14, 0xf2, 0x13, 0xf1, 0x14, 0xf2, 0x14, 0xf2, 0x14, 0xf2, 0x14, 0xf2, 0x14, 0xf2, 0x14, 0xf2,
    0x14, 0xf2, 0x14, 0xf2, 0x14, 0xf2, 0x14, 0xf2, 0x14, 0xf2, 0x14, 0xf2, 0x14, 0xf2, 0x14, 0xf2,
    0x14, 0xf2, 0x24, 0xf2, 0x14, 0xf2, 0x24, 0xf2, 0x14, 0xf2, 0x14, 0xf2, 0x13, 0xf2, 0x13, 0xf1,
    0x13, 0xf1, 0x13, 0xf1, 0x14, 0xf2, 0x14, 0xf2, 0x14, 0xf2, 0x14, 0xf2, 0x14, 0xf2, 0x13, 0xf2,
    0x14, 0xf2, 0x14, 0xf2, 0x14, 0xf2, 0x14, 0xf2, 0x14, 0xf2, 0x13, 0xf2, 0x13, 0xf2, 0x13, 0xf1,
    0x13, 0xf1, 0x13, 0xf1, 0x13, 0xf1, 0x13, 0xf1, 0x13, 0xf1, 0x13, 0xf1, 0x13, 0xf1, 0x13, 0xf1,
    0x13, 0xf1, 0x13, 0xf1, 0x13, 0xf1, 0x13, 0xf1, 0x13, 0xf1, 0x13, 0xf1, 0x13, 0xf1, 0x13, 0xf1,
    0x13, 0xf1, 0x13, 0xf1, 0x13, 0xf1, 0x13, 0xf1, 0x13, 0xf1, 0x13, 0xf1, 0x13, 0xf1, 0x13, 0xf1,
    0x13, 0xf1, 0x13, 0xf1, 0x13, 0xf1, 0x13, 0xf1, 0x13, 0xf1, 0x13, 0xf1, 0x13, 0xf1, 0x12, 0xf1,
    0x13, 0xf1, 0x12, 0xf1, 0x13, 0xf1, 0x13, 0xf1, 0x13, 0xf1, 0x13, 0xf1, 0x13, 0xf1, 0x13, 0xf1,
    0x46, 0xf2, 0x13, 0xf1, 0x12, 0xf1, 0x12, 0xf1, 0x02, 0xf1, 0x12, 0xf1, 0x12, 0xf1, 0x02, 0xf1,
    0x02, 0xf1, 0x02, 0xf1, 0x02, 0xf1, 0x02, 0xf1, 0x02, 0xf1, 0x02, 0xf1, 0x02, 0xf1, 0x02, 0xf1,
    0x02, 0xf1, 0x02, 0xf1, 0x12, 0xf1, 0x02, 0xf1, 0x02, 0xf1, 0x02, 0xf1, 0x02, 0xf1, 0x02, 0xf1,
    0x02, 0xf1, 0x02, 0xf1, 0x02, 0xf1, 0x02, 0xf1, 0x02, 0xf1, 0x02, 0xf1, 0x02, 0xf1, 0x02, 0xf1,
    0x14, 0xf2, 0x14, 0xf2, 0x14, 0xf2, 0x14, 0xf2, 0x14, 0xf2, 0x14, 0xf2, 0x14, 0xf2, 0x14, 0xf2,
    0x14, 0xf2, 0x14, 0xf2, 0x14, 0xf2, 0x14, 0xf2, 0x25, 0xf2, 0x25, 0xf2, 0x25, 0xf2, 0x25, 0xf2,
    0x25, 0xf2, 0x14, 0xf2, 0x14, 0xf2, 0x15, 0xf2, 0x25, 0xf2, 0x25, 0xf2, 0x25, 0xf2, 0x25, 0xf2,
    0x25, 0xf2, 0x25, 0xf2, 0x25, 0xf2, 0x25, 0xf2, 0x24, 0xf2, 0x14, 0xf2, 0x14, 0xf2, 0x14, 0xf2,
    0x14, 0xf2, 0x14, 0xf2, 0x14, 0xf2, 0x14, 0xf2, 0x14, 0xf2, 0x14, 0xf2, 0x14, 0xf2, 0x14, 0xf2,
    0x14, 0xf2, 0x14, 0xf2, 0x24, 0xf2, 0x14, 0xf2, 0x14, 0xf2, 0x14, 0xf2, 0x14, 0xf2, 0x13, 0xf1,
    0x13, 0xf1, 0x13, 0xf1, 0x13, 0xf2, 0x14, 0xf2, 0x14, 0xf2, 0x14, 0xf2, 0x14, 0xf2, 0x14, 0xf2,
    0x14, 0xf2, 0x14, 0xf2, 0x14, 0xf2, 0x14, 0xf2, 0x14, 0xf2, 0x14, 0xf2, 0x14, 0xf2, 0x14, 0xf2,
    0x14, 0xf2, 0x14, 0xf2, 0x14, 0xf2, 0x14, 0xf2, 0x14, 0xf2, 0x14, 0xf2, 0x14, 0xf2, 0x24, 0xf2,
    0x24, 0xf2, 0x24, 0xf2, 0x24, 0xf2, 0x25, 0xf2, 0x24, 0xf2, 0x24, 0xf2, 0x14, 0xf2, 0x14, 0xf2,
    0x14, 0xf2, 0x14, 0xf2, 0x14, 0xf2, 0x13, 0xf1, 0x14, 0xf2, 0x14, 0xf1, 0x14, 0xf2, 0x14, 0xf2,
    0x24, 0xf2, 0x14, 0xf2, 0x13, 0xf2, 0x13, 0xf1, 0x13, 0xf2, 0x13, 0xf1, 0x13, 0xf1, 0x14, 0xf2,
    0x13, 0xf1, 0x14, 0xf2, 0x14, 0xf1, 0x14, 0xf2, 0x14, 0xf2, 0x14, 0xf2, 0x13, 0xf1, 0x14, 0xf2,
    0x13, 0xf1, 0x13, 0xf1, 0x14, 0xf2, 0x13, 0xf1, 0x13, 0xf2, 0x14, 0xf2, 0x14, 0xf2, 0x24, 0xf2,
    0x25, 0xf2, 0x14, 0xf2, 0x14, 0xf2, 0x14, 0xf2, 0x14, 0xf2, 0x14, 0xf2, 0x14, 0xf2, 0x14, 0xf2,
    0x24, 0xf2, 0x24, 0xf2, 0x24, 0xf2, 0x25, 0xf2, 0x14, 0xf2, 0x24, 0xf2, 0x14, 0xf2, 0x14, 0xf2,
    0x13, 0xf1, 0x13, 0xf1, 0x14, 0xf2, 0x14, 0xf2, 0x14, 0xf2, 0x24, 0xf2, 0x14, 0xf2, 0x14, 0xf2,
    0x14, 0xf2, 0x14, 0xf2, 0x14, 0xf2, 0x14, 0xf2, 0x24, 0xf2, 0x14, 0xf2, 0x13, 0xf2, 0x14, 0xf2,
    0x14, 0xf2, 0x14, 0xf2, 0x24, 0xf2, 0x24, 0xf2, 0x24, 0xf2, 0x14, 0xf2, 0x14, 0xf2, 0x13, 0xf2,
    0x13, 0xf1, 0x13, 0xf1, 0x13, 0xf2, 0x14, 0xf2, 0x14, 0xf2, 0x14, 0xf2, 0x14, 0xf2, 0x14, 0xf2,
    0x14, 0xf2, 0x14, 0xf2, 0x14, 0xf2, 0x14, 0xf2, 0x14, 0xf2, 0x24, 0xf2, 0x13, 0xf2, 0x14, 0xf2,
    0x13, 0xf1, 0x13, 0xf1, 0x13, 0xf1, 0x13, 0xf1, 0x13, 0xf1, 0x13, 0xf1, 0x13, 0xf1, 0x13, 0xf1,
    0x14, 0xf2, 0x13, 0xf1, 0x13, 0xf1, 0x13, 0xf1, 0x13, 0xf1, 0x13, 0xf1, 0x13, 0xf1, 0x13, 0xf1,
    0x13, 0xf1, 0x13, 0xf1, 0x13, 0xf1, 0x13, 0xf1, 0x13, 0xf1, 0x13, 0xf1, 0x13, 0xf1, 0x13, 0xf1,
    0x13, 0xf1, 0x13, 0xf1, 0x13, 0xf1, 0x13, 0xf1, 0x13, 0xf1, 0x13, 0xf1, 0x13, 0xf1, 0x13, 0xf1,
    0x13, 0xf1, 0x13, 0xf1, 0x12, 0xf1, 0x13, 0xf1, 0x13, 0xf1, 0x13, 0xf1, 0x12, 0xf1, 0x13, 0xf1,
    0x35, 0xf2, 0x13, 0xf1, 0x12, 0xf1, 0x12, 0xf1, 0x12, 0xf1, 0x02, 0xf1, 0x12, 0xf1, 0x02, 0xf1,
    0x02, 0xf1, 0x02, 0xf1, 0x02, 0xf1, 0x02, 0xf1, 0x02, 0xf1, 0x02, 0xf1, 0x12, 0xf1, 0x02, 0xf1,
    0x02, 0xf1, 0x02, 0xf1, 0x02, 0xf1, 0x02, 0xf1, 0x02, 0xf1, 0x02, 0xf1, 0x02, 0xf1, 0x02, 0xf1,
    0x02, 0xf1, 0x02, 0xf1, 0x02, 0xf1, 0x02, 0xf1, 0x02, 0xf1, 0x02, 0xf1, 0x02, 0xf1, 0x02, 0xf1,
    0x14, 0xf2, 0x14, 0xf2, 0x14, 0xf2, 0x14, 0xf2, 0x14, 0xf2, 0x14, 0xf2, 0x14, 0xf2, 0x14, 0xf2,
    0x14, 0xf2, 0x14, 0xf2, 0x14, 0xf2, 0x24, 0xf2, 0x25, 0xf2, 0x25, 0xf2, 0x25, 0xf2, 0x25, 0xf2,
    0x25, 0xf2, 0x15, 0xf2, 0x14, 0xf2, 0x14, 0xf2, 0x25, 0xf2, 0x25, 0xf2, 0x25, 0xf2, 0x25, 0xf2,
    0x25, 0xf2, 0x25, 0xf2, 0x26, 0xf2, 0x25, 0xf2, 0x25, 0xf2, 0x14, 0xf2, 0x14, 0xf2, 0x14, 0xf2,
    0x14, 0xf2, 0x14, 0xf2, 0x14, 0xf2, 0x14, 0xf2, 0x14, 0xf2, 0x14, 0xf2, 0x14, 0xf2, 0x14, 0xf2,
    0x14, 0xf2, 0x14, 0xf2, 0x24, 0xf2, 0x24, 0xf2, 0x14, 0xf2, 0x14, 0xf2, 0x14, 0xf2, 0x14, 0xf2,
    0x14, 0xf1, 0x13, 0xf1, 0x14, 0xf2, 0x14, 0xf2, 0x14, 0xf2, 0x14, 0xf2, 0x14, 0xf2, 0x14, 0xf2,
    0x14, 0xf2, 0x14, 0xf2, 0x14, 0xf2, 0x14, 0xf2, 0x14, 0xf2, 0x14, 0xf2, 0x14, 0xf2, 0x14, 0xf2,
    0x14, 0xf2, 0x14, 0xf2, 0x14, 0xf2, 0x24, 0xf2, 0x14, 0xf2, 0x14, 0xf2, 0x14, 0xf2, 0x24, 0xf2,
    0x24, 0xf2, 0x24, 0xf2, 0x24, 0xf2, 0x24, 0xf2, 0x24, 0xf2, 0x24, 0xf2, 0x14, 0xf2, 0x14, 0xf2,
    0x14, 0xf2, 0x14, 0xf2, 0x13, 0xf1, 0x13, 0xf1, 0x13, 0xf1, 0x13, 0xf1, 0x13, 0xf1, 0x14, 0xf2,
    0x24, 0xf2, 0x13, 0xf2, 0x13, 0xf1, 0x13, 0xf1, 0x13, 0xf1, 0x13, 0xf1, 0x14, 0xf2, 0x14, 0xf2,
    0x14, 0xf2, 0x14, 0xf2, 0x14, 0xf2, 0x14, 0xf2, 0x14, 0xf2, 0x14, 0xf2, 0x14, 0xf2, 0x13, 0xf1,
    0x13, 0xf2, 0x14, 0xf2, 0x14, 0xf2, 0x13, 0xf1, 0x13, 0xf2, 0x14, 0xf2, 0x14, 0xf2, 0x14, 0xf2,
    0x14, 0xf2, 0x14, 0xf2, 0x14, 0xf2, 0x14, 0xf2, 0x14, 0xf2, 0x14, 0xf2, 0x14, 0xf2, 0x24, 0xf2,
    0x24, 0xf2, 0x24, 0xf2, 0x25, 0xf2, 0x24, 0xf2, 0x14, 0xf2, 0x14, 0xf2, 0x14, 0xf2, 0x14, 0xf2,
    0x13, 0xf1, 0x13, 0xf2, 0x14, 0xf2, 0x14, 0xf2, 0x24, 0xf2, 0x14, 0xf2, 0x14, 0xf2, 0x14, 0xf2,
    0x14, 0xf2, 0x14, 0xf2, 0x14, 0xf2, 0x24, 0xf2, 0x25, 0xf2, 0x14, 0xf2, 0x14, 0xf2, 0x14, 0xf2,
    0x14, 0xf2, 0x14, 0xf2, 0x24, 0xf2, 0x24, 0xf2, 0x24, 0xf2, 0x14, 0xf2, 0x14, 0xf2, 0x14, 0xf2,
    0x13, 0xf1, 0x13, 0xf1, 0x13, 0xf1, 0x14, 0xf2, 0x14, 0xf2, 0x24, 0xf2, 0x24, 0xf2, 0x14, 0xf2,
    0x14, 0xf2, 0x14, 0xf2, 0x14, 0xf2, 0x24, 0xf2, 0x24, 0xf2, 0x24, 0xf2, 0x14, 0xf2, 0x14, 0xf2,
    0x13, 0xf2, 0x13, 0xf1, 0x13, 0xf1, 0x13, 0xf1, 0x13, 0xf1, 0x13, 0xf1, 0x13, 0xf1, 0x13, 0xf1,
    0x14, 0xf2, 0x13, 0xf1, 0x13, 0xf1, 0x13, 0xf1, 0x13, 0xf1, 0x13, 0xf1, 0x13, 0xf1, 0x13, 0xf1,
    0x13, 0xf1, 0x13, 0xf1, 0x13, 0xf1, 0x13, 0xf1, 0x13, 0xf1, 0x13, 0xf1, 0x13, 0xf1, 0x13, 0xf1,
    0x13, 0xf1, 0x13, 0xf1, 0x13, 0xf1, 0x13, 0xf1, 0x13, 0xf1, 0x13, 0xf1, 0x13, 0xf1, 0x13, 0xf1,
    0x13, 0xf1, 0x12, 0xf1, 0x12, 0xf1, 0x12, 0xf1, 0x13, 0xf1, 0x13, 0xf1, 0x12, 0xf1, 0x13, 0xf1,
    0x13, 0xf1, 0x13, 0xf1, 0x13, 0xf1, 0x02, 0xf1, 0x12, 0xf1, 0x12, 0xf1, 0x13, 0xf1, 0x02, 0xf1,
    0x12, 0xf1, 0x02, 0xf1, 0x02, 0xf1, 0x02, 0xf1, 0x02, 0xf1, 0x12, 0xf1, 0x12, 0xf1, 0x02, 0xf1,
    0x02, 0xf1, 0x02, 0xf1, 0x02, 0xf1, 0x02, 0xf1, 0x02, 0xf1, 0x02, 0xf1, 0x02, 0xf1, 0x02, 0xf1,
    0x02, 0xf1, 0x02, 0xf1, 0x02, 0xf1, 0x02, 0xf1, 0x02, 0xf1, 0x02, 0xf1, 0x02, 0xf1, 0x02, 0xf1,
    0x14, 0xf2, 0x14, 0xf2, 0x14, 0xf2, 0x14, 0xf2, 0x14, 0xf2, 0x14, 0xf2, 0x14, 0xf2, 0x14, 0xf2,
    0x14, 0xf2, 0x14, 0xf2, 0x14, 0xf2, 0x25, 0xf2, 0x25, 0xf2, 0x25, 0xf2, 0x25, 0xf2, 0x25, 0xf2,
    0x25, 0xf2, 0x25, 0xf2, 0x25, 0xf2, 0x14, 0xf2, 0x14, 0xf2, 0x25, 0xf2, 0x25, 0xf2, 0x25, 0xf2,
    0x26, 0xf2, 0x37, 0xf2, 0x47, 0xf3, 0x37, 0xf2, 0x25, 0xf2, 0x24, 0xf2, 0x14, 0xf2, 0x14, 0xf2,
    0x14, 0xf2, 0x14, 0xf2, 0x14, 0xf2, 0x14, 0xf2, 0x14, 0xf2, 0x14, 0xf2, 0x14, 0xf2, 0x14, 0xf2,
    0x14, 0xf2, 0x14, 0xf2, 0x14, 0xf2, 0x14, 0xf2, 0x14, 0xf2, 0x25, 0xf2, 0x14, 0xf2, 0x13, 0xf1,
    0x14, 0xf2, 0x13, 0xf1, 0x14, 0xf2, 0x24, 0xf2, 0x14, 0xf2, 0x14, 0xf2, 0x13, 0xf1, 0x13, 0xf1,
    0x13, 0xf1, 0x14, 0xf2, 0x14, 0xf2, 0x14, 0xf2, 0x14, 0xf2, 0x14, 0xf2, 0x14, 0xf2, 0x14, 0xf2,
    0x14, 0xf2, 0x14, 0xf2, 0x24, 0xf2, 0x24, 0xf2, 0x14, 0xf2, 0x24, 0xf2, 0x24, 0xf2, 0x24, 0xf2,
    0x24, 0xf2, 0x24, 0xf2, 0x24, 0xf2, 0x24, 0xf2, 0x24, 0xf2, 0x24, 0xf2, 0x24, 0xf2, 0x14, 0xf2,
    0x14, 0xf2, 0x14, 0xf2, 0x13, 0xf1, 0x13, 0xf1, 0x13, 0xf1, 0x13, 0xf1, 0x14, 0xf2, 0x14, 0xf2,
    0x14, 0xf2, 0x14, 0xf2, 0x13, 0xf1, 0x13, 0xf1, 0x13, 0xf1, 0x14, 0xf2, 0x14, 0xf2, 0x14, 0xf2,
    0x14, 0xf2, 0x14, 0xf2, 0x14, 0xf2, 0x14, 0xf2, 0x14, 0xf2, 0x14, 0xf2, 0x14, 0xf2, 0x14, 0xf2,
    0x14, 0xf2, 0x14, 0xf2, 0x14, 0xf2, 0x14, 0xf2, 0x14, 0xf2, 0x14, 0xf2, 0x14, 0xf2, 0x14, 0xf2,
    0x14, 0xf2, 0x14, 0xf2, 0x14, 0xf2, 0x14, 0xf2, 0x14, 0xf2, 0x14, 0xf2, 0x24, 0xf2, 0x14, 0xf2,
    0x14, 0xf2, 0x14, 0xf2, 0x24, 0xf2, 0x24, 0xf2, 0x14, 0xf2, 0x14, 0xf2, 0x14, 0xf2, 0x13, 0xf1,
    0x14, 0xf2, 0x14, 0xf2, 0x24, 0xf2, 0x24, 0xf2, 0x24, 0xf2, 0x24, 0xf2, 0x14, 0xf2, 0x14, 0xf2,
    0x14, 0xf2, 0x24, 0xf2, 0x14, 0xf2, 0x14, 0xf2, 0x14, 0xf2, 0x14, 0xf2, 0x14, 0xf2, 0x14, 0xf2,
    0x14, 0xf2, 0x14, 0xf2, 0x24, 0xf2, 0x24, 0xf2, 0x24, 0xf2, 0x14, 0xf2, 0x24, 0xf2, 0x14, 0xf2,
    0x14, 0xf2, 0x14, 0xf2, 0x14, 0xf2, 0x14, 0xf2, 0x24, 0xf2, 0x24, 0xf2, 0x24, 0xf2, 0x24, 0xf2,
    0x14, 0xf2, 0x24, 0xf2, 0x24, 0xf2, 0x24, 0xf2, 0x24, 0xf2, 0x24, 0xf2, 0x24, 0xf2, 0x14, 0xf2,
    0x13, 0xf2, 0x13, 0xf1, 0x13, 0xf1, 0x14, 0xf2, 0x13, 0xf1, 0x13, 0xf1, 0x13, 0xf1, 0x13, 0xf2,
    0x25, 0xf2, 0x13, 0xf1, 0x13, 0xf1, 0x13, 0xf1, 0x13, 0xf1, 0x13, 0xf1, 0x13, 0xf1, 0x13, 0xf1,
    0x13, 0xf1, 0x13, 0xf1, 0x13, 0xf1, 0x13, 0xf1, 0x13, 0xf1, 0x13, 0xf1, 0x13, 0xf1, 0x13, 0xf1,
    0x13, 0xf1, 0x13, 0xf1, 0x13, 0xf1, 0x13, 0xf1, 0x13, 0xf1, 0x13, 0xf1, 0x13, 0xf1, 0x13, 0xf1,
    0x13, 0xf1, 0x13, 0xf1, 0x13, 0xf1, 0x13, 0xf1, 0x13, 0xf1, 0x13, 0xf1, 0x12, 0xf1, 0x13, 0xf1,
    0x13, 0xf1, 0x13, 0xf1, 0x13, 0xf1, 0x13, 0xf1, 0x13, 0xf1, 0x13, 0xf1, 0x13, 0xf1, 0x13, 0xf1,
    0x12, 0xf1, 0x12, 0xf1, 0x02, 0xf1, 0x02, 0xf1, 0x02, 0xf1, 0x12, 0xf1, 0x02, 0xf1, 0x02, 0xf1,
    0x02, 0xf1, 0x12, 0xf1, 0x02, 0xf1, 0x02, 0xf1, 0x02, 0xf1, 0x02, 0xf1, 0x02, 0xf1, 0x02, 0xf1,
    0x12, 0xf1, 0x02, 0xf1, 0x02, 0xf1, 0x02, 0xf1, 0x02, 0xf1, 0x12, 0xf1, 0x12, 0xf1, 0x02, 0xf1,
    0x14, 0xf2, 0x14, 0xf2, 0x14, 0xf2, 0x14, 0xf2, 0x14, 0xf2, 0x14, 0xf2, 0x14, 0xf2, 0x14, 0xf2,
    0x14, 0xf2, 0x14, 0xf2, 0x14, 0xf2, 0x25, 0xf2, 0x25, 0xf2, 0x25, 0xf2, 0x15, 0xf2, 0x25, 0xf2,
    0x25, 0xf2, 0x25, 0xf2, 0x15, 0xf2, 0x14, 0xf2, 0x15, 0xf2, 0x15, 0xf2, 0x25, 0xf2, 0x25, 0xf2,
    0x26, 0xf2, 0x57, 0xf3, 0x68, 0xf3, 0x57, 0xf3, 0x25, 0xf2, 0x24, 0xf2, 0x14, 0xf2, 0x14, 0xf2,
    0x14, 0xf2, 0x14, 0xf2, 0x14, 0xf2, 0x14, 0xf2, 0x14, 0xf2, 0x14, 0xf2, 0x14, 0xf2, 0x14, 0xf2,
    0x24, 0xf2, 0x14, 0xf2, 0x14, 0xf2, 0x14, 0xf2, 0x14, 0xf2, 0x14, 0xf2, 0x14, 0xf2, 0x14, 0xf2,
    0x14, 0xf2, 0x13, 0xf1, 0x14, 0xf2, 0x14, 0xf2, 0x14, 0xf2, 0x14, 0xf2, 0x14, 0xf1, 0x13, 0xf1,
    0x13, 0xf1, 0x13, 0xf1, 0x14, 0xf2, 0x14, 0xf2, 0x14, 0xf2, 0x14, 0xf2, 0x24, 0xf2, 0x24, 0xf2,
    0x24, 0xf2, 0x14, 0xf2, 0x24, 0xf2, 0x24, 0xf2, 0x24, 0xf2, 0x24, 0xf2, 0x24, 0xf2, 0x24, 0xf2,
    0x25, 0xf2, 0x25, 0xf2, 0x24, 0xf2, 0x14, 0xf2, 0x14, 0xf2, 0x24, 0xf2, 0x14, 0xf2, 0x24, 0xf2,
    0x24, 0xf2, 0x14, 0xf2, 0x13, 0xf1, 0x13, 0xf1, 0x13, 0xf1, 0x14, 0xf2, 0x14, 0xf2, 0x14, 0xf2,
    0x14, 0xf2, 0x14, 0xf2, 0x14, 0xf2, 0x13, 0xf1, 0x14, 0xf2, 0x14, 0xf2, 0x24, 0xf2, 0x14, 0xf2,
    0x14, 0xf2, 0x14, 0xf2, 0x14, 0xf2, 0x14, 0xf2, 0x14, 0xf2, 0x14, 0xf2, 0x14, 0xf2, 0x14, 0xf2,
    0x14, 0xf2, 0x14, 0xf2, 0x14, 0xf2, 0x24, 0xf2, 0x14, 0xf2, 0x14, 0xf2, 0x14, 0xf2, 0x14, 0xf2,
    0x14, 0xf2, 0x14, 0xf2, 0x14, 0xf2, 0x14, 0xf2, 0x14, 0xf2, 0x24, 0xf2, 0x24, 0xf2, 0x14, 0xf2,
    0x14, 0xf2, 0x24, 0xf2, 0x24, 0xf2, 0x14, 0xf2, 0x24, 0xf2, 0x24, 0xf2, 0x24, 0xf2, 0x14, 0xf2,
    0x14, 0xf2, 0x24, 0xf2, 0x25, 0xf2, 0x25, 0xf2, 0x24, 0xf2, 0x24, 0xf2, 0x24, 0xf2, 0x14, 0xf2,
    0x14, 0xf2, 0x14, 0xf2, 0x14, 0xf2, 0x14, 0xf2, 0x13, 0xf2, 0x14, 0xf2, 0x14, 0xf2, 0x14, 0xf2,
    0x24, 0xf2, 0x24, 0xf2, 0x24, 0xf2, 0x24, 0xf2, 0x14, 0xf2, 0x14, 0xf2, 0x14, 0xf2, 0x14, 0xf2,
    0x14, 0xf2, 0x14, 0xf2, 0x14, 0xf2, 0x14, 0xf2, 0x14, 0xf2, 0x24, 0xf2, 0x24, 0xf2, 0x14, 0xf2,
    0x14, 0xf2, 0x14, 0xf2, 0x24, 0xf2, 0x24, 0xf2, 0x24, 0xf2, 0x14, 0xf2, 0x24, 0xf2, 0x14, 0xf2,
    0x13, 0xf2, 0x14, 0xf2, 0x13, 0xf2, 0x14, 0xf2, 0x13, 0xf2, 0x13, 0xf1, 0x13, 0xf1, 0x13, 0xf1,
    0x13, 0xf2, 0x13, 0xf1, 0x13, 0xf1, 0x13, 0xf1, 0x13, 0xf1, 0x13, 0xf1, 0x13, 0xf1, 0x13, 0xf1,
    0x13, 0xf1, 0x13, 0xf1, 0x13, 0xf1, 0x13, 0xf1, 0x13, 0xf1, 0x13, 0xf1, 0x13, 0xf1, 0x13, 0xf1,
    0x13, 0xf1, 0x13, 0xf1, 0x13, 0xf1, 0x13, 0xf1, 0x13, 0xf1, 0x13, 0xf1, 0x13, 0xf1, 0x12, 0xf1,
    0x12, 0xf1, 0x13, 0xf1, 0x13, 0xf1, 0x13, 0xf1, 0x13, 0xf1, 0x13, 0xf1, 0x13, 0xf1, 0x13, 0xf1,
    0x13, 0xf1, 0x12, 0xf1, 0x13, 0xf1, 0x13, 0xf2, 0x13, 0xf1, 0x12, 0xf1, 0x13, 0xf1, 0x12, 0xf1,
    0x02, 0xf1, 0x12, 0xf1, 0x02, 0xf1, 0x12, 0xf1, 0x12, 0xf1, 0x12, 0xf1, 0x02, 0xf1, 0x12, 0xf1,
    0x02, 0xf1, 0x12, 0xf1, 0x02, 0xf1, 0x02, 0xf1, 0x02, 0xf1, 0x02, 0xf1, 0x02, 0xf1, 0x02, 0xf1,
    0x02, 0xf1, 0x12, 0xf1, 0x02, 0xf1, 0x02, 0xf1, 0x02, 0xf1, 0x12, 0xf1, 0x02, 0xf1, 0x02, 0xf1,
    0x24, 0xf2, 0x24, 0xf2, 0x14, 0xf2, 0x14, 0xf2, 0x14, 0xf2, 0x14, 0xf2, 0x14, 0xf2, 0x14, 0xf2,
    0x14, 0xf2, 0x14, 0xf2, 0x25, 0xf2, 0x15, 0xf2, 0x25, 0xf2, 0x15, 0xf2, 0x14, 0xf2, 0x14, 0xf2,
    0x14, 0xf2, 0x14, 0xf2, 0x14, 0xf2, 0x14, 0xf2, 0x14, 0xf2, 0x14, 0xf2, 0x25, 0xf2, 0x25, 0xf2,
    0x26, 0xf2, 0x47, 0xf2, 0x57, 0xf3, 0x47, 0xf2, 0x25, 0xf2, 0x14, 0xf2, 0x14, 0xf2, 0x14, 0xf2,
    0x14, 0xf2, 0x14, 0xf2, 0x14, 0xf2, 0x14, 0xf2, 0x14, 0xf2, 0x24, 0xf2, 0x14, 0xf2, 0x14, 0xf2,
    0x14, 0xf2, 0x14, 0xf2, 0x14, 0xf2, 0x14, 0xf2, 0x14, 0xf2, 0x14, 0xf2, 0x14, 0xf2, 0x14, 0xf2,
    0x14, 0xf2, 0x14, 0xf2, 0x14, 0xf2, 0x14, 0xf2, 0x14, 0xf2, 0x14, 0xf2, 0x14, 0xf2, 0x14, 0xf1,
    0x13, 0xf1, 0x13, 0xf1, 0x13, 0xf2, 0x13, 0xf1, 0x14, 0xf2, 0x25, 0xf2, 0x36, 0xf2, 0x25, 0xf2,
    0x14, 0xf2, 0x14, 0xf2, 0x14, 0xf2, 0x24, 0xf2, 0x24, 0xf2, 0x24, 0xf2, 0x24, 0xf2, 0x25, 0xf2,
    0x25, 0xf2, 0x14, 0xf2, 0x24, 0xf2, 0x14, 0xf2, 0x24, 0xf2, 0x24, 0xf2, 0x14, 0xf2, 0x14, 0xf2,
    0x14, 0xf2, 0x14, 0xf2, 0x14, 0xf2, 0x14, 0xf2, 0x14, 0xf2, 0x14, 0xf2, 0x14, 0xf2, 0x14, 0xf2,
    0x14, 0xf2, 0x14, 0xf2, 0x13, 0xf1, 0x13, 0xf1, 0x14, 0xf2, 0x14, 0xf2, 0x24, 0xf2, 0x24, 0xf2,
    0x24, 0xf2, 0x25, 0xf2, 0x24, 0xf2, 0x14, 0xf2, 0x14, 0xf2, 0x14, 0xf2, 0x24, 0xf2, 0x14, 0xf2,
    0x14, 0xf2, 0x14, 0xf2, 0x14, 0xf2, 0x14, 0xf2, 0x14, 0xf2, 0x14, 0xf2, 0x14, 0xf2, 0x24, 0xf2,
    0x24, 0xf2, 0x14, 0xf2, 0x14, 0xf2, 0x14, 0xf2, 0x24, 0xf2, 0x24, 0xf2, 0x24, 0xf2, 0x14, 0xf2,
    0x24, 0xf2, 0x24, 0xf2, 0x24, 0xf2, 0x24, 0xf2, 0x24, 0xf2, 0x24, 0xf2, 0x24, 0xf2, 0x25, 0xf2,
    0x24, 0xf2, 0x24, 0xf2, 0x24, 0xf2, 0x24, 0xf2, 0x24, 0xf2, 0x24, 0xf2, 0x24, 0xf2, 0x24, 0xf2,
    0x14, 0xf2, 0x24, 0xf2, 0x14, 0xf2, 0x14, 0xf2, 0x13, 0xf1, 0x14, 0xf2, 0x14, 0xf2, 0x24, 0xf2,
    0x24, 0xf2, 0x24, 0xf2, 0x24, 0xf2, 0x24, 0xf2, 0x24, 0xf2, 0x24, 0xf2, 0x14, 0xf2, 0x14, 0xf2,
    0x13, 0xf2, 0x13, 0xf2, 0x14, 0xf2, 0x14, 0xf2, 0x14, 0xf2, 0x14, 0xf2, 0x24, 0xf2, 0x24, 0xf2,
    0x14, 0xf2, 0x14, 0xf2, 0x24, 0xf2, 0x24, 0xf2, 0x24, 0xf2, 0x14, 0xf2, 0x24, 0xf2, 0x24, 0xf2,
    0x24, 0xf2, 0x14, 0xf2, 0x14, 0xf2, 0x14, 0xf2, 0x13, 0xf2, 0x13, 0xf2, 0x13, 0xf1, 0x13, 0xf1,
    0x13, 0xf1, 0x13, 0xf1, 0x13, 0xf1, 0x13, 0xf1, 0x13, 0xf1, 0x13, 0xf1, 0x13, 0xf1, 0x13, 0xf1,
    0x13, 0xf1, 0x13, 0xf1, 0x13, 0xf1, 0x13, 0xf1, 0x13, 0xf1, 0x13, 0xf1, 0x13, 0xf1, 0x13, 0xf1,
    0x13, 0xf1, 0x13, 0xf1, 0x13, 0xf1, 0x13, 0xf1, 0x13, 0xf1, 0x13, 0xf1, 0x13, 0xf1, 0x13, 0xf1,
    0x13, 0xf1, 0x12, 0xf1, 0x13, 0xf1, 0x12, 0xf1, 0x13, 0xf1, 0x13, 0xf1, 0x13, 0xf1, 0x13, 0xf1,
    0x13, 0xf1, 0x13, 0xf1, 0x13, 0xf1, 0x12, 0xf1, 0x13, 0xf1, 0x12, 0xf1, 0x12, 0xf1, 0x12, 0xf1,
    0x12, 0xf1, 0x12, 0xf1, 0x12, 0xf1, 0x12, 0xf1, 0x12, 0xf1, 0x02, 0xf1, 0x02, 0xf1, 0x02, 0xf1,
    0x02, 0xf1, 0x12, 0xf1, 0x02, 0xf1, 0x02, 0xf1, 0x02, 0xf1, 0x02, 0xf1, 0x02, 0xf1, 0x02, 0xf1,
    0x02, 0xf1, 0x12, 0xf1, 0x02, 0xf1, 0x12, 0xf1, 0x12, 0xf1, 0x02, 0xf1, 0x02, 0xf1, 0x12, 0xf1,
    0x14, 0xf2, 0x24, 0xf2, 0x14, 0xf2, 0x14, 0xf2, 0x14, 0xf2, 0x14, 0xf2, 0x14, 0xf2, 0x14, 0xf2,
    0x25, 0xf2, 0x25, 0xf2, 0x25, 0xf2, 0x25, 0xf2, 0x14, 0xf2, 0x14, 0xf2, 0x14, 0xf2, 0x14, 0xf2,
    0x14, 0xf2, 0x14, 0xf2, 0x14, 0xf2, 0x14, 0xf2, 0x14, 0xf2, 0x14, 0xf2, 0x14, 0xf2, 0x14, 0xf2,
    0x25, 0xf2, 0x25, 0xf2, 0x36, 0xf2, 0x25, 0xf2, 0x25, 0xf2, 0x14, 0xf2, 0x14, 0xf2, 0x14, 0xf2,
    0x14, 0xf2, 0x14, 0xf2, 0x14, 0xf2, 0x14, 0xf2, 0x36, 0xf2, 0x46, 0xf2, 0x14, 0xf2, 0x14, 0xf2,
    0x14, 0xf2, 0x14, 0xf2, 0x14, 0xf2, 0x14, 0xf2, 0x14, 0xf2, 0x25, 0xf2, 0x14, 0xf2, 0x14, 0xf2,
    0x14, 0xf2, 0x14, 0xf2, 0x14, 0xf2, 0x14, 0xf2, 0x14, 0xf2, 0x14, 0xf2, 0x14, 0xf2, 0x14, 0xf2,
    0x14, 0xf2, 0x14, 0xf2, 0x14, 0xf2, 0x14, 0xf2, 0x14, 0xf2, 0x14, 0xf2, 0x24, 0xf2, 0x14, 0xf2,
    0x14, 0xf2, 0x14, 0xf2, 0x14, 0xf2, 0x14, 0xf2, 0x24, 0xf2, 0x24, 0xf2, 0x25, 0xf2, 0x25, 0xf2,
    0x24, 0xf2, 0x14, 0xf2, 0x24, 0xf2, 0x24, 0xf2, 0x24, 0xf2, 0x24, 0xf2, 0x24, 0xf2, 0x14, 0xf2,
    0x14, 0xf2, 0x14, 0xf2, 0x14, 0xf2, 0x14, 0xf2, 0x14, 0xf2, 0x14, 0xf2, 0x14, 0xf2, 0x24, 0xf2,
    0x14, 0xf2, 0x13, 0xf2, 0x14, 0xf2, 0x14, 0xf2, 0x13, 0xf1, 0x14, 0xf2, 0x14, 0xf2, 0x24, 0xf2,
    0x14, 0xf2, 0x14, 0xf2, 0x14, 0xf2, 0x14, 0xf2, 0x14, 0xf2, 0x14, 0xf2, 0x24, 0xf2, 0x14, 0xf2,
    0x14, 0xf2, 0x14, 0xf2, 0x14, 0xf2, 0x14, 0xf2, 0x14, 0xf2, 0x14, 0xf2, 0x14, 0xf2, 0x24, 0xf2,
    0x14, 0xf2, 0x14, 0xf2, 0x14, 0xf2, 0x14, 0xf2, 0x24, 0xf2, 0x25, 0xf2, 0x24, 0xf2, 0x14, 0xf2,
    0x24, 0xf2, 0x24, 0xf2, 0x24, 0xf2, 0x24, 0xf2, 0x24, 0xf2, 0x24, 0xf2, 0x24, 0xf2, 0x24, 0xf2,
    0x24, 0xf2, 0x24, 0xf2, 0x24, 0xf2, 0x24, 0xf2, 0x24, 0xf2, 0x24, 0xf2, 0x24, 0xf2, 0x24, 0xf2,
    0x24, 0xf2, 0x24, 0xf2, 0x14, 0xf2, 0x24, 0xf2, 0x24, 0xf2, 0x14, 0xf2, 0x14, 0xf2, 0x24, 0xf2,
    0x14, 0xf2, 0x24, 0xf2, 0x24, 0xf2, 0x14, 0xf2, 0x14, 0xf2, 0x14, 0xf2, 0x24, 0xf2, 0x24, 0xf2,
    0x14, 0xf2, 0x14, 0xf2, 0x14, 0xf2, 0x24, 0xf2, 0x14, 0xf2, 0x14, 0xf2, 0x14, 0xf2, 0x14, 0xf2,
    0x14, 0xf2, 0x24, 0xf2, 0x14, 0xf2, 0x24, 0xf2, 0x24, 0xf2, 0x14, 0xf2, 0x24, 0xf2, 0x24, 0xf2,
    0x25, 0xf2, 0x24, 0xf2, 0x24, 0xf2, 0x24, 0xf2, 0x14, 0xf2, 0x13, 0xf2, 0x13, 0xf1, 0x13, 0xf1,
    0x13, 0xf1, 0x13, 0xf2, 0x13, 0xf1, 0x13, 0xf2, 0x13, 0xf1, 0x13, 0xf1, 0x13, 0xf1, 0x13, 0xf1,
    0x13, 0xf1, 0x13, 0xf1, 0x13, 0xf1, 0x13, 0xf1, 0x13, 0xf1, 0x13, 0xf1, 0x13, 0xf1, 0x13, 0xf1,
    0x13, 0xf1, 0x13, 0xf1, 0x13, 0xf1, 0x13, 0xf1, 0x13, 0xf1, 0x13, 0xf1, 0x13, 0xf1, 0x13, 0xf1,
    0x13, 0xf1, 0x13, 0xf1, 0x12, 0xf1, 0x12, 0xf1, 0x12, 0xf1, 0x13, 0xf1, 0x13, 0xf1, 0x13, 0xf1,
    0x13, 0xf1, 0x13, 0xf1, 0x13, 0xf1, 0x12, 0xf1, 0x12, 0xf1, 0x12, 0xf1, 0x12, 0xf1, 0x12, 0xf1,
    0x12, 0xf1, 0x12, 0xf1, 0x12, 0xf1, 0x02, 0xf1, 0x12, 0xf1, 0x02, 0xf1, 0x12, 0xf1, 0x12, 0xf1,
    0x02, 0xf1, 0x12, 0xf1, 0x02, 0xf1, 0x02, 0xf1, 0x02, 0xf1, 0x02, 0xf1, 0x02, 0xf1, 0x02, 0xf1,
    0x02, 0xf1, 0x12, 0xf1, 0x12, 0xf1, 0x12, 0xf1, 0x02, 0xf1, 0x02, 0xf1, 0x02, 0xf1, 0x02, 0xf1,
    0x14, 0xf2, 0x14, 0xf2, 0x14, 0xf2, 0x14, 0xf2, 0x14, 0xf2, 0x14, 0xf2, 0x14, 0xf2, 0x14, 0xf2,
    0x25, 0xf2, 0x14, 0xf2, 0x14, 0xf2, 0x14, 0xf2, 0x14, 0xf2, 0x14, 0xf2, 0x14, 0xf2, 0x14, 0xf2,
    0x14, 0xf2, 0x25, 0xf2, 0x25, 0xf2, 0x14, 0xf2, 0x14, 0xf2, 0x14, 0xf2, 0x14, 0xf2, 0x14, 0xf2,
    0x14, 0xf2, 0x25, 0xf2, 0x25, 0xf2, 0x25, 0xf2, 0x24, 0xf2, 0x14, 0xf2, 0x14, 0xf2, 0x14, 0xf2,
    0x14, 0xf2, 0x14, 0xf2, 0x14, 0xf2, 0x14, 0xf2, 0x25, 0xf2, 0x35, 0xf2, 0x14, 0xf2, 0x14, 0xf2,
    0x14, 0xf2, 0x14, 0xf2, 0x14, 0xf2, 0x14, 0xf2, 0x14, 0xf2, 0x25, 0xf2, 0x14, 0xf2, 0x14, 0xf2,
    0x14, 0xf2, 0x14, 0xf2, 0x14, 0xf2, 0x14, 0xf2, 0x14, 0xf2, 0x14, 0xf2, 0x14, 0xf2, 0x14, 0xf2,
    0x14, 0xf2, 0x14, 0xf2, 0x14, 0xf1, 0x14, 0xf2, 0x14, 0xf2, 0x14, 0xf2, 0x14, 0xf2, 0x14, 0xf2,
    0x24, 0xf2, 0x24, 0xf2, 0x24, 0xf2, 0x24, 0xf2, 0x24, 0xf2, 0x25, 0xf2, 0x25, 0xf2, 0x24, 0xf2,
    0x24, 0xf2, 0x24, 0xf2, 0x24, 0xf2, 0x24, 0xf2, 0x24, 0xf2, 0x24, 0xf2, 0x14, 0xf2, 0x24, 0xf2,
    0x14, 0xf2, 0x14, 0xf2, 0x14, 0xf2, 0x14, 0xf2, 0x24, 0xf2, 0x24, 0xf2, 0x24, 0xf2, 0x24, 0xf2,
    0x14, 0xf2, 0x14, 0xf2, 0x14, 0xf2, 0x14, 0xf1, 0x13, 0xf1, 0x14, 0xf2, 0x13, 0xf1, 0x13, 0xf1,
    0x14, 0xf2, 0x14, 0xf2, 0x14, 0xf2, 0x14, 0xf2, 0x14, 0xf2, 0x24, 0xf2, 0x24, 0xf2, 0x14, 0xf2,
    0x14, 0xf2, 0x14, 0xf2, 0x14, 0xf2, 0x14, 0xf2, 0x14, 0xf2, 0x14, 0xf2, 0x14, 0xf2, 0x14, 0xf2,
    0x25, 0xf2, 0x14, 0xf2, 0x14, 0xf2, 0x24, 0xf2, 0x24, 0xf2, 0x24, 0xf2, 0x24, 0xf2, 0x24, 0xf2,
    0x24, 0xf2, 0x24, 0xf2, 0x24, 0xf2, 0x24, 0xf2, 0x24, 0xf2, 0x24, 0xf2, 0x24, 0xf2, 0x24, 0xf2,
    0x24, 0xf2, 0x24, 0xf2, 0x14, 0xf2, 0x24, 0xf2, 0x24, 0xf2, 0x24, 0xf2, 0x24, 0xf2, 0x24, 0xf2,
    0x24, 0xf2, 0x24, 0xf2, 0x24, 0xf2, 0x14, 0xf2, 0x24, 0xf2, 0x14, 0xf2, 0x14, 0xf2, 0x24, 0xf2,
    0x24, 0xf2, 0x24, 0xf2, 0x14, 0xf2, 0x14, 0xf2, 0x24, 0xf2, 0x14, 0xf2, 0x14, 0xf2, 0x24, 0xf2,
    0x24, 0xf2, 0x24, 0xf2, 0x24, 0xf2, 0x24, 0xf2, 0x14, 0xf2, 0x24, 0xf2, 0x25, 0xf2, 0x24, 0xf2,
    0x24, 0xf2, 0x14, 0xf2, 0x14, 0xf2, 0x14, 0xf2, 0x14, 0xf2, 0x14, 0xf2, 0x24, 0xf2, 0x35, 0xf2,
    0x57, 0xf3, 0x47, 0xf3, 0x35, 0xf2, 0x25, 0xf2, 0x25, 0xf2, 0x14, 0xf2, 0x24, 0xf2, 0x14, 0xf2,
    0x13, 0xf1, 0x13, 0xf1, 0x13, 0xf1, 0x13, 0xf1, 0x13, 0xf1, 0x13, 0xf1, 0x13, 0xf1, 0x13, 0xf1,
    0x13, 0xf1, 0x13, 0xf1, 0x13, 0xf1, 0x13, 0xf1, 0x13, 0xf1, 0x13, 0xf1, 0x13, 0xf1, 0x13, 0xf1,
    0x13, 0xf1, 0x13, 0xf1, 0x13, 0xf1, 0x13, 0xf1, 0x13, 0xf1, 0x12, 0xf1, 0x12, 0xf1, 0x13, 0xf1,
    0x13, 0xf1, 0x13, 0xf1, 0x13, 0xf1, 0x12, 0xf1, 0x12, 0xf1, 0x13, 0xf1, 0x13, 0xf1, 0x13, 0xf1,
    0x13, 0xf1, 0x13, 0xf1, 0x12, 0xf1, 0x12, 0xf1, 0x13, 0xf1, 0x13, 0xf1, 0x12, 0xf1, 0x02, 0xf1,
    0x12, 0xf1, 0x12, 0xf1, 0x02, 0xf1, 0x12, 0xf1, 0x12, 0xf1, 0x12, 0xf1, 0x02, 0xf1, 0x12, 0xf1,
    0x12, 0xf1, 0x12, 0xf1, 0x02, 0xf1, 0x12, 0xf1, 0x02, 0xf1, 0x02, 0xf1, 0x12, 0xf1, 0x12, 0xf1,
    0x12, 0xf1, 0x12, 0xf1, 0x12, 0xf1, 0x12, 0xf1, 0x02, 0xf1, 0x02, 0xf1, 0x02, 0xf1, 0x02, 0xf1,
    0x14, 0xf2, 0x14, 0xf2, 0x14, 0xf2, 0x15, 0xf2, 0x14, 0xf2, 0x25, 0xf2, 0x25, 0xf2, 0x25, 0xf2,
    0x25, 0xf2, 0x24, 0xf2, 0x14, 0xf2, 0x14, 0xf2, 0x14, 0xf2, 0x14, 0xf2, 0x14, 0xf2, 0x14, 0xf2,
    0x25, 0xf2, 0x25, 0xf2, 0x14, 0xf2, 0x14, 0xf2, 0x14, 0xf2, 0x14, 0xf2, 0x14, 0xf2, 0x14, 0xf2,
    0x14, 0xf2, 0x14, 0xf2, 0x14, 0xf2, 0x14, 0xf2, 0x14, 0xf2, 0x14, 0xf2, 0x14, 0xf2, 0x14, 0xf2,
    0x14, 0xf2, 0x14, 0xf2, 0x14, 0xf2, 0x24, 0xf2, 0x24, 0xf2, 0x14, 0xf2, 0x14, 0xf2, 0x14, 0xf2,
    0x14, 0xf2, 0x14, 0xf2, 0x14, 0xf2, 0x14, 0xf2, 0x14, 0xf2, 0x14, 0xf2, 0x14, 0xf2, 0x14, 0xf2,
    0x14, 0xf2, 0x14, 0xf2, 0x14, 0xf2, 0x14, 0xf2, 0x14, 0xf2, 0x14, 0xf2, 0x14, 0xf2, 0x14, 0xf2,
    0x14, 0xf2, 0x14, 0xf2, 0x14, 0xf2, 0x24, 0xf2, 0x14, 0xf2, 0x24, 0xf2, 0x25, 0xf2, 0x24, 0xf2,
    0x24, 0xf2, 0x24, 0xf2, 0x25, 0xf2, 0x25, 0xf2, 0x25, 0xf2, 0x25, 0xf2, 0x25, 0xf2, 0x24, 0xf2,
    0x24, 0xf2, 0x24, 0xf2, 0x25, 0xf2, 0x24, 0xf2, 0x24, 0xf2, 0x24, 0xf2, 0x14, 0xf2, 0x24, 0xf2,
    0x14, 0xf2, 0x14, 0xf2, 0x24, 0xf2, 0x14, 0xf2, 0x14, 0xf2, 0x14, 0xf2, 0x14, 0xf2, 0x24, 0xf2,
    0x14, 0xf2, 0x14, 0xf2, 0x14, 0xf2, 0x14, 0xf2, 0x14, 0xf2, 0x14, 0xf2, 0x14, 0xf2, 0x14, 0xf2,
    0x24, 0xf2, 0x13, 0xf1, 0x13, 0xf1, 0x14, 0xf2, 0x14, 0xf2, 0x24, 0xf2, 0x24, 0xf2, 0x14, 0xf2,
    0x14, 0xf2, 0x14, 0xf2, 0x14, 0xf2, 0x14, 0xf2, 0x14, 0xf2, 0x14, 0xf2, 0x24, 0xf2, 0x24, 0xf2,
    0x14, 0xf2, 0x24, 0xf2, 0x14, 0xf2, 0x14, 0xf2, 0x24, 0xf2, 0x24, 0xf2, 0x24, 0xf2, 0x24, 0xf2,
    0x25, 0xf2, 0x24, 0xf2, 0x24, 0xf2, 0x24, 0xf2, 0x24, 0xf2, 0x24, 0xf2, 0x24, 0xf2, 0x24, 0xf2,
    0x24, 0xf2, 0x24, 0xf2, 0x24, 0xf2, 0x24, 0xf2, 0x24, 0xf2, 0x24, 0xf2, 0x24, 0xf2, 0x24, 0xf2,
    0x24, 0xf2, 0x24, 0xf2, 0x14, 0xf2, 0x13, 0xf2, 0x14, 0xf2, 0x24, 0xf2, 0x14, 0xf2, 0x24, 0xf2,
    0x24, 0xf2, 0x14, 0xf2, 0x24, 0xf2, 0x14, 0xf2, 0x14, 0xf2, 0x24, 0xf2, 0x14, 0xf2, 0x24, 0xf2,
    0x24, 0xf2, 0x24, 0xf2, 0x24, 0xf2, 0x24, 0xf2, 0x13, 0xf2, 0x24, 0xf2, 0x36, 0xf2, 0x14, 0xf2,
    0x14, 0xf2, 0x14, 0xf2, 0x14, 0xf2, 0x14, 0xf2, 0x24, 0xf2, 0x24, 0xf2, 0x24, 0xf2, 0x57, 0xf3,
    0x9a, 0xf7, 0x99, 0xf6, 0x46, 0xf2, 0x24, 0xf2, 0x24, 0xf2, 0x24, 0xf2, 0x24, 0xf2, 0x24, 0xf2,
    0x14, 0xf2, 0x13, 0xf1, 0x14, 0xf2, 0x13, 0xf1, 0x13, 0xf1, 0x13, 0xf1, 0x13, 0xf1, 0x13, 0xf1,
    0x13, 0xf1, 0x13, 0xf1, 0x13, 0xf1, 0x13, 0xf1, 0x13, 0xf1, 0x13, 0xf1, 0x13, 0xf1, 0x13, 0xf1,
    0x13, 0xf1, 0x13, 0xf1, 0x13, 0xf1, 0x13, 0xf1, 0x13, 0xf1, 0x13, 0xf1, 0x12, 0xf1, 0x13, 0xf1,
    0x13, 0xf1, 0x13, 0xf1, 0x13, 0xf1, 0x12, 0xf1, 0x13, 0xf1, 0x13, 0xf1, 0x13, 0xf1, 0x13, 0xf1,
    0x12, 0xf1, 0x13, 0xf1, 0x12, 0xf1, 0x12, 0xf1, 0x13, 0xf1, 0x13, 0xf1, 0x12, 0xf1, 0x13, 0xf1,
    0x13, 0xf1, 0x12, 0xf1, 0x12, 0xf1, 0x02, 0xf1, 0x24, 0xf2, 0x24, 0xf2, 0x02, 0xf1, 0x12, 0xf1,
    0x12, 0xf1, 0x12, 0xf1, 0x02, 0xf1, 0x12, 0xf1, 0x02, 0xf1, 0x02, 0xf1, 0x12, 0xf1, 0x12, 0xf1,
    0x12, 0xf1, 0x12, 0xf1, 0x12, 0xf1, 0x12, 0xf1, 0x02, 0xf1, 0x02, 0xf1, 0x02, 0xf1, 0x02, 0xf1,
    0x14, 0xf2, 0x14, 0xf2, 0x14, 0xf2, 0x25, 0xf2, 0x25, 0xf2, 0x25, 0xf2, 0x25, 0xf2, 0x25, 0xf2,
    0x25, 0xf2, 0x25, 0xf2, 0x15, 0xf2, 0x14, 0xf2, 0x25, 0xf2, 0x24, 0xf2, 0x14, 0xf2, 0x14, 0xf2,
    0x14, 0xf2, 0x14, 0xf2, 0x14, 0xf2, 0x14, 0xf2, 0x14, 0xf2, 0x14, 0xf2, 0x24, 0xf2, 0x14, 0xf2,
    0x24, 0xf2, 0x14, 0xf2, 0x14, 0xf2, 0x14, 0xf2, 0x14, 0xf2, 0x14, 0xf2, 0x14, 0xf2, 0x25, 0xf2,
    0x24, 0xf2, 0x24, 0xf2, 0x14, 0xf2, 0x14, 0xf2, 0x24, 0xf2, 0x24, 0xf2, 0x24, 0xf2, 0x14, 0xf2,
    0x14, 0xf2, 0x14, 0xf2, 0x14, 0xf2, 0x14, 0xf2, 0x14, 0xf2, 0x14, 0xf2, 0x14, 0xf2, 0x14, 0xf2,
    0x14, 0xf2, 0x14, 0xf2, 0x14, 0xf2, 0x14, 0xf2, 0x14, 0xf2, 0x14, 0xf2, 0x24, 0xf2, 0x14, 0xf2,
    0x14, 0xf2, 0x14, 0xf2, 0x14, 0xf2, 0x24, 0xf2, 0x25, 0xf2, 0x24, 0xf2, 0x24, 0xf2, 0x25, 0xf2,
    0x25, 0xf2, 0x25, 0xf2, 0x25, 0xf2, 0x25, 0xf2, 0x25, 0xf2, 0x25, 0xf2, 0x25, 0xf2, 0x24, 0xf2,
    0x25, 0xf2, 0x24, 0xf2, 0x24, 0xf2, 0x24, 0xf2, 0x24, 0xf2, 0x24, 0xf2, 0x24, 0xf2, 0x14, 0xf2,
    0x14, 0xf2, 0x14, 0xf2, 0x35, 0xf2, 0x24, 0xf2, 0x14, 0xf2, 0x14, 0xf2, 0x14, 0xf2, 0x14, 0xf2,
    0x14, 0xf2, 0x13, 0xf1, 0x14, 0xf2, 0x14, 0xf2, 0x14, 0xf2, 0x14, 0xf2, 0x14, 0xf2, 0x14, 0xf2,
    0x14, 0xf2, 0x14, 0xf2, 0x13, 0xf2, 0x14, 0xf2, 0x14, 0xf2, 0x14, 0xf2, 0x14, 0xf2, 0x14, 0xf2,
    0x14, 0xf2, 0x14, 0xf2, 0x14, 0xf2, 0x14, 0xf2, 0x14, 0xf2, 0x14, 0xf2, 0x24, 0xf2, 0x36, 0xf2,
    0x46, 0xf2, 0x25, 0xf2, 0x24, 0xf2, 0x14, 0xf2, 0x14, 0xf2, 0x24, 0xf2, 0x24, 0xf2, 0x24, 0xf2,
    0x25, 0xf2, 0x24, 0xf2, 0x14, 0xf2, 0x24, 0xf2, 0x24, 0xf2, 0x24, 0xf2, 0x24, 0xf2, 0x24, 0xf2,
    0x24, 0xf2, 0x24, 0xf2, 0x24, 0xf2, 0x24, 0xf2, 0x24, 0xf2, 0x24, 0xf2, 0x24, 0xf2, 0x24, 0xf2,
    0x14, 0xf2, 0x14, 0xf2, 0x13, 0xf2, 0x14, 0xf2, 0x24, 0xf2, 0x24, 0xf2, 0x24, 0xf2, 0x24, 0xf2,
    0x14, 0xf2, 0x24, 0xf2, 0x46, 0xf2, 0x25, 0xf2, 0x14, 0xf2, 0x24, 0xf2, 0x24, 0xf2, 0x24, 0xf2,
    0x24, 0xf2, 0x24, 0xf2, 0x24, 0xf2, 0x14, 0xf2, 0x14, 0xf2, 0x13, 0xf1, 0x13, 0xf1, 0x13, 0xf1,
    0x13, 0xf2, 0x14, 0xf2, 0x24, 0xf2, 0x35, 0xf2, 0x24, 0xf2, 0x24, 0xf2, 0x24, 0xf2, 0x46, 0xf2,
    0x8a, 0xf6, 0x89, 0xf6, 0x47, 0xf2, 0x24, 0xf2, 0x24, 0xf2, 0x24, 0xf2, 0x24, 0xf2, 0x24, 0xf2,
    0x24, 0xf2, 0x14, 0xf2, 0x14, 0xf2, 0x13, 0xf1, 0x13, 0xf1, 0x13, 0xf1, 0x13, 0xf1, 0x13, 0xf1,
    0x13, 0xf1, 0x13, 0xf1, 0x13, 0xf1, 0x13, 0xf1, 0x13, 0xf1, 0x13, 0xf1, 0x13, 0xf1, 0x13, 0xf1,
    0x13, 0xf1, 0x13, 0xf1, 0x13, 0xf1, 0x13, 0xf1, 0x13, 0xf1, 0x13, 0xf1, 0x13, 0xf1, 0x13, 0xf1,
    0x12, 0xf1, 0x12, 0xf1, 0x13, 0xf1, 0x13, 0xf1, 0x13, 0xf1, 0x13, 0xf1, 0x13, 0xf1, 0x12, 0xf1,
    0x12, 0xf1, 0x12, 0xf1, 0x12, 0xf1, 0x12, 0xf1, 0x12, 0xf1, 0x12, 0xf1, 0x12, 0xf1, 0x12, 0xf1,
    0x12, 0xf1, 0x12, 0xf1, 0x02, 0xf1, 0x12, 0xf1, 0x13, 0xf1, 0x13, 0xf1, 0x12, 0xf1, 0x12, 0xf1,
    0x12, 0xf1, 0x12, 0xf1, 0x12, 0xf1, 0x12, 0xf1, 0x12, 0xf1, 0x02, 0xf1, 0x02, 0xf1, 0x02, 0xf1,
    0x12, 0xf1, 0x12, 0xf1, 0x02, 0xf1, 0x02, 0xf1, 0x02, 0xf1, 0x02, 0xf1, 0x02, 0xf1, 0x02, 0xf1,
    0x25, 0xf2, 0x24, 0xf2, 0x25, 0xf2, 0x25, 0xf2, 0x25, 0xf2, 0x25, 0xf2, 0x25, 0xf2, 0x25, 0xf2,
    0x25, 0xf2, 0x25, 0xf2, 0x24, 0xf2, 0x25, 0xf2, 0x25, 0xf2, 0x25, 0xf2, 0x14, 0xf2, 0x14, 0xf2,
    0x14, 0xf2, 0x14, 0xf2, 0x14, 0xf2, 0x14, 0xf2, 0x14, 0xf2, 0x14, 0xf2, 0x14, 0xf2, 0x14, 0xf2,
    0x14, 0xf2, 0x14, 0xf2, 0x14, 0xf2, 0x14, 0xf2, 0x14, 0xf2, 0x14, 0xf2, 0x24, 0xf2, 0x25, 0xf2,
    0x24, 0xf2, 0x24, 0xf2, 0x24, 0xf2, 0x24, 0xf2, 0x24, 0xf2, 0x24, 0xf2, 0x24, 0xf2, 0x14, 0xf2,
    0x14, 0xf2, 0x14, 0xf2, 0x14, 0xf2, 0x14, 0xf2, 0x14, 0xf2, 0x14, 0xf2, 0x14, 0xf2, 0x14, 0xf2,
    0x25, 0xf2, 0x25, 0xf2, 0x25, 0xf2, 0x14, 0xf2, 0x14, 0xf2, 0x14, 0xf2, 0x14, 0xf2, 0x14, 0xf2,
    0x14, 0xf2, 0x14, 0xf2, 0x14, 0xf2, 0x14, 0xf2, 0x24, 0xf2, 0x24, 0xf2, 0x24, 0xf2, 0x25, 0xf2,
    0x25, 0xf2, 0x25, 0xf2, 0x25, 0xf2, 0x25, 0xf2, 0x25, 0xf2, 0x25, 0xf2, 0x25, 0xf2, 0x25, 0xf2,
    0x25, 0xf2, 0x24, 0xf2, 0x24, 0xf2, 0x24, 0xf2, 0x24, 0xf2, 0x14, 0xf2, 0x24, 0xf2, 0x14, 0xf2,
    0x14, 0xf2, 0x14, 0xf2, 0x14, 0xf2, 0x24, 0xf2, 0x14, 0xf2, 0x14, 0xf2, 0x14, 0xf2, 0x14, 0xf2,
    0x14, 0xf2, 0x14, 0xf2, 0x14, 0xf2, 0x14, 0xf2, 0x14, 0xf2, 0x14, 0xf2, 0x14, 0xf2, 0x14, 0xf2,
    0x14, 0xf2, 0x24, 0xf2, 0x24, 0xf2, 0x14, 0xf2, 0x14, 0xf2, 0x13, 0xf2, 0x14, 0xf2, 0x14, 0xf2,
    0x14, 0xf2, 0x14, 0xf2, 0x14, 0xf2, 0x14, 0xf2, 0x14, 0xf2, 0x14, 0xf2, 0x25, 0xf2, 0x47, 0xf2,
    0x57, 0xf3, 0x35, 0xf2, 0x25, 0xf2, 0x24, 0xf2, 0x24, 0xf2, 0x24, 0xf2, 0x25, 0xf2, 0x25, 0xf2,
    0x25, 0xf2, 0x24, 0xf2, 0x24, 0xf2, 0x24, 0xf2, 0x24, 0xf2, 0x24, 0xf2, 0x24, 0xf2, 0x24, 0xf2,
    0x24, 0xf2, 0x24, 0xf2, 0x24, 0xf2, 0x24, 0xf2, 0x24, 0xf2, 0x14, 0xf2, 0x14, 0xf2, 0x24, 0xf2,
    0x14, 0xf2, 0x14, 0xf2, 0x14, 0xf2, 0x14, 0xf2, 0x24, 0xf2, 0x24, 0xf2, 0x24, 0xf2, 0x24, 0xf2,
    0x14, 0xf2, 0x24, 0xf2, 0x46, 0xf2, 0x25, 0xf2, 0x14, 0xf2, 0x14, 0xf2, 0x24, 0xf2, 0x14, 0xf2,
    0x14, 0xf2, 0x24, 0xf2, 0x14, 0xf2, 0x14, 0xf2, 0x24, 0xf2, 0x14, 0xf2, 0x13, 0xf1, 0x13, 0xf2,
    0x13, 0xf2, 0x14, 0xf2, 0x24, 0xf2, 0x24, 0xf2, 0x24, 0xf2, 0x24, 0xf2, 0x24, 0xf2, 0x25, 0xf2,
    0x46, 0xf2, 0x46, 0xf2, 0x25, 0xf2, 0x24, 0xf2, 0x24, 0xf2, 0x14, 0xf2, 0x14, 0xf2, 0x14, 0xf2,
    0x24, 0xf2, 0x24, 0xf2, 0x14, 0xf2, 0x13, 0xf1, 0x13, 0xf1, 0x13, 0xf1, 0x13, 0xf1, 0x13, 0xf1,
    0x13, 0xf1, 0x13, 0xf1, 0x13, 0xf1, 0x13, 0xf1, 0x13, 0xf1, 0x13, 0xf1, 0x13, 0xf1, 0x13, 0xf1,
    0x13, 0xf1, 0x13, 0xf1, 0x13, 0xf1, 0x13, 0xf1, 0x13, 0xf1, 0x13, 0xf1, 0x13, 0xf1, 0x13, 0xf1,
    0x12, 0xf1, 0x13, 0xf1, 0x13, 0xf1, 0x13, 0xf1, 0x13, 0xf1, 0x13, 0xf1, 0x12, 0xf1, 0x12, 0xf1,
    0x12, 0xf1, 0x12, 0xf1, 0x13, 0xf1, 0x12, 0xf1, 0x12, 0xf1, 0x12, 0xf1, 0x12, 0xf1, 0x12, 0xf1,
    0x12, 0xf1, 0x12, 0xf1, 0x12, 0xf1, 0x12, 0xf1, 0x12, 0xf1, 0x12, 0xf1, 0x12, 0xf1, 0x12, 0xf1,
    0x12, 0xf1, 0x12, 0xf1, 0x12, 0xf1, 0x12, 0xf1, 0x12, 0xf1, 0x12, 0xf1, 0x12, 0xf1, 0x02, 0xf1,
    0x02, 0xf1, 0x12, 0xf1, 0x02, 0xf1, 0x02, 0xf1, 0x02, 0xf1, 0x02, 0xf1, 0x02, 0xf1, 0x02, 0xf1,
    0x25, 0xf2, 0x25, 0xf2, 0x15, 0xf2, 0x25, 0xf2, 0x25, 0xf2, 0x25, 0xf2, 0x25, 0xf2, 0x25, 0xf2,
    0x25, 0xf2, 0x25, 0xf2, 0x25, 0xf2, 0x25, 0xf2, 0x25, 0xf2, 0x25, 0xf2, 0x14, 0xf2, 0x14, 0xf2,
    0x14, 0xf2, 0x14, 0xf2, 0x14, 0xf2, 0x24, 0xf2, 0x14, 0xf2, 0x14, 0xf2, 0x14, 0xf2, 0x24, 0xf2,
    0x24, 0xf2, 0x24, 0xf2, 0x24, 0xf2, 0x14, 0xf2, 0x24, 0xf2, 0x24, 0xf2, 0x14, 0xf2, 0x14, 0xf2,
    0x14, 0xf2, 0x14, 0xf2, 0x24, 0xf2, 0x24, 0xf2, 0x24, 0xf2, 0x14, 0xf2, 0x14, 0xf2, 0x14, 0xf2,
    0x14, 0xf2, 0x14, 0xf2, 0x14, 0xf2, 0x24, 0xf2, 0x14, 0xf2, 0x14, 0xf2, 0x24, 0xf2, 0x24, 0xf2,
    0x25, 0xf2, 0x25, 0xf2, 0x25, 0xf2, 0x14, 0xf2, 0x14, 0xf2, 0x14, 0xf2, 0x14, 0xf2, 0x14, 0xf2,
    0x14, 0xf2, 0x24, 0xf2, 0x24, 0xf2, 0x24, 0xf2, 0x24, 0xf2, 0x14, 0xf2, 0x25, 0xf2, 0x25, 0xf2,
    0x24, 0xf2, 0x25, 0xf2, 0x25, 0xf2, 0x25, 0xf2, 0x25, 0xf2, 0x25, 0xf2, 0x25, 0xf2, 0x25, 0xf2,
    0x24, 0xf2, 0x24, 0xf2, 0x24, 0xf2, 0x24, 0xf2, 0x24, 0xf2, 0x24, 0xf2, 0x14, 0xf2, 0x14, 0xf2,
    0x14, 0xf2, 0x14, 0xf2, 0x14, 0xf2, 0x14, 0xf2, 0x14, 0xf2, 0x14, 0xf2, 0x14, 0xf2, 0x14, 0xf2,
    0x14, 0xf2, 0x14, 0xf2, 0x14, 0xf2, 0x14, 0xf2, 0x14, 0xf2, 0x14, 0xf2, 0x14, 0xf2, 0x14, 0xf2,
    0x14, 0xf2, 0x14, 0xf2, 0x14, 0xf2, 0x14, 0xf2, 0x13, 0xf2, 0x14, 0xf2, 0x24, 0xf2, 0x14, 0xf2,
    0x14, 0xf2, 0x14, 0xf2, 0x14, 0xf2, 0x14, 0xf2, 0x14, 0xf2, 0x14, 0xf2, 0x24, 0xf2, 0x25, 0xf2,
    0x36, 0xf2, 0x36, 0xf2, 0x25, 0xf2, 0x24, 0xf2, 0x24, 0xf2, 0x25, 0xf2, 0x25, 0xf2, 0x25, 0xf2,
    0x25, 0xf2, 0x24, 0xf2, 0x24, 0xf2, 0x24, 0xf2, 0x24, 0xf2, 0x24, 0xf2, 0x24, 0xf2, 0x24, 0xf2,
    0x24, 0xf2, 0x24, 0xf2, 0x24, 0xf2, 0x24, 0xf2, 0x24, 0xf2, 0x24, 0xf2, 0x14, 0xf2, 0x14, 0xf2,
    0x24, 0xf2, 0x24, 0xf2, 0x14, 0xf2, 0x24, 0xf2, 0x24, 0xf2, 0x14, 0xf2, 0x24, 0xf2, 0x14, 0xf2,
    0x24, 0xf2, 0x24, 0xf2, 0x14, 0xf2, 0x24, 0xf2, 0x25, 0xf2, 0x24, 0xf2, 0x24, 0xf2, 0x14, 0xf2,
    0x24, 0xf2, 0x14, 0xf2, 0x14, 0xf2, 0x24, 0xf2, 0x13, 0xf2, 0x14, 0xf2, 0x14, 0xf2, 0x14, 0xf2,
    0x13, 0xf1, 0x14, 0xf2, 0x24, 0xf2, 0x14, 0xf2, 0x24, 0xf2, 0x24, 0xf2, 0x24, 0xf2, 0x24, 0xf2,
    0x24, 0xf2, 0x24, 0xf2, 0x24, 0xf2, 0x24, 0xf2, 0x14, 0xf2, 0x14, 0xf2, 0x24, 0xf2, 0x24, 0xf2,
    0x14, 0xf2, 0x14, 0xf2, 0x14, 0xf2, 0x13, 0xf1, 0x13, 0xf1, 0x13, 0xf1, 0x13, 0xf1, 0x13, 0xf1,
    0x13, 0xf1, 0x13, 0xf1, 0x13, 0xf1, 0x13, 0xf1, 0x13, 0xf1, 0x13, 0xf1, 0x13, 0xf1, 0x13, 0xf1,
    0x13, 0xf1, 0x13, 0xf1, 0x13, 0xf1, 0x13, 0xf1, 0x13, 0xf1, 0x13, 0xf1, 0x13, 0xf1, 0x12, 0xf1,
    0x12, 0xf1, 0x13, 0xf1, 0x12, 0xf1, 0x13, 0xf1, 0x13, 0xf1, 0x13, 0xf1, 0x12, 0xf1, 0x12, 0xf1,
    0x12, 0xf1, 0x12, 0xf1, 0x12, 0xf1, 0x12, 0xf1, 0x12, 0xf1, 0x12, 0xf1, 0x12, 0xf1, 0x12, 0xf1,
    0x13, 0xf1, 0x13, 0xf1, 0x13, 0xf1, 0x12, 0xf1, 0x12, 0xf1, 0x12, 0xf1, 0x02, 0xf1, 0x12, 0xf1,
    0x12, 0xf1, 0x12, 0xf1, 0x12, 0xf1, 0x12, 0xf1, 0x12, 0xf1, 0x12, 0xf1, 0x12, 0xf1, 0x02, 0xf1,
    0x12, 0xf1, 0x02, 0xf1, 0x02, 0xf1, 0x12, 0xf1, 0x02, 0xf1, 0x02, 0xf1, 0x02, 0xf1, 0x02, 0xf1,
    0x25, 0xf2, 0x25, 0xf2, 0x15, 0xf2, 0x24, 0xf2, 0x25, 0xf2, 0x25, 0xf2, 0x25, 0xf2, 0x25, 0xf2,
    0x25, 0xf2, 0x25, 0xf2, 0x15, 0xf2, 0x24, 0xf2, 0x24, 0xf2, 0x24, 0xf2, 0x14, 0xf2, 0x14, 0xf2,
    0x14, 0xf2, 0x14, 0xf2, 0x14, 0xf2, 0x14, 0xf2, 0x14, 0xf2, 0x14, 0xf2, 0x14, 0xf2, 0x14, 0xf2,
    0x14, 0xf2, 0x14, 0xf2, 0x14, 0xf2, 0x24, 0xf2, 0x24, 0xf2, 0x24, 0xf2, 0x24, 0xf2, 0x24, 0xf2,
    0x14, 0xf2, 0x14, 0xf2, 0x24, 0xf2, 0x24, 0xf2, 0x24, 0xf2, 0x24, 0xf2, 0x14, 0xf2, 0x14, 0xf2,
    0x25, 0xf2, 0x14, 0xf2, 0x14, 0xf2, 0x14, 0xf2, 0x24, 0xf2, 0x14, 0xf2, 0x14, 0xf2, 0x14, 0xf2,
    0x15, 0xf2, 0x25, 0xf2, 0x25, 0xf2, 0x14, 0xf2, 0x14, 0xf2, 0x14, 0xf2, 0x14, 0xf2, 0x14, 0xf2,
    0x25, 0xf2, 0x25, 0xf2, 0x25, 0xf2, 0x24, 0xf2, 0x24, 0xf2, 0x24, 0xf2, 0x24, 0xf2, 0x24, 0xf2,
    0x24, 0xf2, 0x25, 0xf2, 0x36, 0xf2, 0x25, 0xf2, 0x24, 0xf2, 0x24, 0xf2, 0x25, 0xf2, 0x25, 0xf2,
    0x25, 0xf2, 0x24, 0xf2, 0x25, 0xf2, 0x24, 0xf2, 0x24, 0xf2, 0x24, 0xf2, 0x14, 0xf2, 0x14, 0xf2,
    0x14, 0xf2, 0x24, 0xf2, 0x14, 0xf2, 0x14, 0xf2, 0x14, 0xf2, 0x14, 0xf2, 0x14, 0xf2, 0x14, 0xf2,
    0x14, 0xf2, 0x14, 0xf2, 0x14, 0xf2, 0x14, 0xf2, 0x14, 0xf2, 0x14, 0xf2, 0x14, 0xf2, 0x14, 0xf2,
    0x24, 0xf2, 0x24, 0xf2, 0x24, 0xf2, 0x14, 0xf2, 0x14, 0xf2, 0x24, 0xf2, 0x14, 0xf2, 0x24, 0xf2,
    0x14, 0xf2, 0x14, 0xf2, 0x14, 0xf2, 0x14, 0xf2, 0x24, 0xf2, 0x14, 0xf2, 0x24, 0xf2, 0x25, 0xf2,
    0x25, 0xf2, 0x25, 0xf2, 0x25, 0xf2, 0x25, 0xf2, 0x25, 0xf2, 0x25, 0xf2, 0x24, 0xf2, 0x25, 0xf2,
    0x25, 0xf2, 0x24, 0xf2, 0x25, 0xf2, 0x25, 0xf2, 0x24, 0xf2, 0x25, 0xf2, 0x25, 0xf2, 0x24, 0xf2,
    0x24, 0xf2, 0x24, 0xf2, 0x24, 0xf2, 0x24, 0xf2, 0x24, 0xf2, 0x24, 0xf2, 0x24, 0xf2, 0x24, 0xf2,
    0x24, 0xf2, 0x24, 0xf2, 0x14, 0xf2, 0x24, 0xf2, 0x24, 0xf2, 0x14, 0xf2, 0x24, 0xf2, 0x24, 0xf2,
    0x24, 0xf2, 0x24, 0xf2, 0x24, 0xf2, 0x14, 0xf2, 0x24, 0xf2, 0x14, 0xf2, 0x14, 0xf2, 0x14, 0xf2,
    0x14, 0xf2, 0x14, 0xf2, 0x14, 0xf2, 0x14, 0xf2, 0x13, 0xf2, 0x14, 0xf2, 0x14, 0xf2, 0x24, 0xf2,
    0x14, 0xf2, 0x14, 0xf2, 0x24, 0xf2, 0x14, 0xf2, 0x24, 0xf2, 0x24, 0xf2, 0x24, 0xf2, 0x24, 0xf2,
    0x24, 0xf2, 0x24, 0xf2, 0x24, 0xf2, 0x14, 0xf2, 0x14, 0xf2, 0x24, 0xf2, 0x24, 0xf2, 0x46, 0xf2,
    0x14, 0xf2, 0x13, 0xf2, 0x13, 0xf2, 0x13, 0xf1, 0x13, 0xf1, 0x13, 0xf1, 0x13, 0xf1, 0x13, 0xf1,
    0x13, 0xf1, 0x13, 0xf1, 0x13, 0xf1, 0x13, 0xf1, 0x13, 0xf1, 0x13, 0xf1, 0x13, 0xf1, 0x13, 0xf1,
    0x13, 0xf1, 0x13, 0xf1, 0x13, 0xf1, 0x13, 0xf1, 0x13, 0xf1, 0x13, 0xf1, 0x13, 0xf1, 0x12, 0xf1,
    0x12, 0xf1, 0x12, 0xf1, 0x12, 0xf1, 0x12, 0xf1, 0x13, 0xf1, 0x13, 0xf1, 0x12, 0xf1, 0x12, 0xf1,
    0x12, 0xf1, 0x12, 0xf1, 0x12, 0xf1, 0x13, 0xf1, 0x13, 0xf1, 0x12, 0xf1, 0x13, 0xf1, 0x13, 0xf1,
    0x12, 0xf1, 0x12, 0xf1, 0x12, 0xf1, 0x12, 0xf1, 0x13, 0xf1, 0x13, 0xf1, 0x13, 0xf1, 0x12, 0xf1,
    0x12, 0xf1, 0x12, 0xf1, 0x12, 0xf1, 0x12, 0xf1, 0x13, 0xf1, 0x02, 0xf1, 0x12, 0xf1, 0x12, 0xf1,
    0x02, 0xf1, 0x02, 0xf1, 0x02, 0xf1, 0x12, 0xf1, 0x12, 0xf1, 0x02, 0xf1, 0x02, 0xf1, 0x02, 0xf1,
    0x25, 0xf2, 0x24, 0xf2, 0x24, 0xf2, 0x24, 0xf2, 0x25, 0xf2, 0x25, 0xf2, 0x25, 0xf2, 0x25, 0xf2,
    0x25, 0xf2, 0x25, 0xf2, 0x14, 0xf2, 0x24, 0xf2, 0x24, 0xf2, 0x24, 0xf2, 0x24, 0xf2, 0x25, 0xf2,
    0x14, 0xf2, 0x14, 0xf2, 0x24, 0xf2, 0x14, 0xf2, 0x14, 0xf2, 0x24, 0xf2, 0x25, 0xf2, 0x24, 0xf2,
    0x24, 0xf2, 0x14, 0xf2, 0x14, 0xf2, 0x24, 0xf2, 0x24, 0xf2, 0x25, 0xf2, 0x24, 0xf2, 0x24, 0xf2,
    0x14, 0xf2, 0x24, 0xf2, 0x24, 0xf2, 0x24, 0xf2, 0x24, 0xf2, 0x24, 0xf2, 0x24, 0xf2, 0x25, 0xf2,
    0x25, 0xf2, 0x24, 0xf2, 0x25, 0xf2, 0x25, 0xf2, 0x24, 0xf2, 0x24, 0xf2, 0x14, 0xf2, 0x24, 0xf2,
    0x25, 0xf2, 0x25, 0xf2, 0x25, 0xf2, 0x14, 0xf2, 0x14, 0xf2, 0x14, 0xf2, 0x25, 0xf2, 0x24, 0xf2,
    0x24, 0xf2, 0x24, 0xf2, 0x24, 0xf2, 0x24, 0xf2, 0x25, 0xf2, 0x25, 0xf2, 0x24, 0xf2, 0x25, 0xf2,
    0x25, 0xf2, 0x25, 0xf2, 0x25, 0xf2, 0x26, 0xf2, 0x25, 0xf2, 0x24, 0xf2, 0x25, 0xf2, 0x25, 0xf2,
    0x25, 0xf2, 0x25, 0xf2, 0x25, 0xf2, 0x25, 0xf2, 0x24, 0xf2, 0x24, 0xf2, 0x24, 0xf2, 0x14, 0xf2,
    0x24, 0xf2, 0x24, 0xf2, 0x14, 0xf2, 0x14, 0xf2, 0x14, 0xf2, 0x14, 0xf2, 0x14, 0xf2, 0x14, 0xf2,
    0x14, 0xf2, 0x14, 0xf2, 0x14, 0xf2, 0x14, 0xf2, 0x14, 0xf2, 0x14, 0xf2, 0x14, 0xf2, 0x24, 0xf2,
    0x14, 0xf2, 0x14, 0xf2, 0x14, 0xf2, 0x14, 0xf2, 0x14, 0xf2, 0x14, 0xf2, 0x14, 0xf2, 0x24, 0xf2,
    0x24, 0xf2, 0x24, 0xf2, 0x24, 0xf2, 0x24, 0xf2, 0x14, 0xf2, 0x24, 0xf2, 0x24, 0xf2, 0x25, 0xf2,
    0x25, 0xf2, 0x25, 0xf2, 0x25, 0xf2, 0x25, 0xf2, 0x25, 0xf2, 0x24, 0xf2, 0x25, 0xf2, 0x25, 0xf2,
    0x25, 0xf2, 0x25, 0xf2, 0x25, 0xf2, 0x25, 0xf2, 0x25, 0xf2, 0x25, 0xf2, 0x24, 0xf2, 0x24, 0xf2,
    0x24, 0xf2, 0x24, 0xf2, 0x24, 0xf2, 0x24, 0xf2, 0x24, 0xf2, 0x24, 0xf2, 0x24, 0xf2, 0x14, 0xf2,
    0x14, 0xf2, 0x14, 0xf2, 0x14, 0xf2, 0x24, 0xf2, 0x24, 0xf2, 0x14, 0xf2, 0x24, 0xf2, 0x24, 0xf2,
    0x24, 0xf2, 0x24, 0xf2, 0x24, 0xf2, 0x24, 0xf2, 0x24, 0xf2, 0x14, 0xf2, 0x14, 0xf2, 0x14, 0xf2,
    0x24, 0xf2, 0x24, 0xf2, 0x24, 0xf2, 0x24, 0xf2, 0x14, 0xf2, 0x14, 0xf2, 0x13, 0xf2, 0x13, 0xf1,
    0x24, 0xf2, 0x14, 0xf2, 0x24, 0xf2, 0x24, 0xf2, 0x24, 0xf2, 0x24, 0xf2, 0x14, 0xf2, 0x14, 0xf2,
    0x24, 0xf2, 0x24, 0xf2, 0x24, 0xf2, 0x24, 0xf2, 0x14, 0xf2, 0x24, 0xf2, 0x24, 0xf2, 0x24, 0xf2,
    0x14, 0xf2, 0x13, 0xf2, 0x13, 0xf2, 0x13, 0xf2, 0x13, 0xf1, 0x13, 0xf1, 0x13, 0xf1, 0x13, 0xf1,
    0x13, 0xf1, 0x13, 0xf1, 0x24, 0xf2, 0x13, 0xf2, 0x13, 0xf1, 0x13, 0xf1, 0x13, 0xf1, 0x13, 0xf1,
    0x13, 0xf1, 0x13, 0xf1, 0x13, 0xf1, 0x13, 0xf1, 0x13, 0xf1, 0x13, 0xf1, 0x13, 0xf1, 0x12, 0xf1,
    0x13, 0xf1, 0x12, 0xf1, 0x13, 0xf1, 0x13, 0xf1, 0x13, 0xf1, 0x13, 0xf1, 0x13, 0xf1, 0x13, 0xf1,
    0x12, 0xf1, 0x12, 0xf1, 0x13, 0xf1, 0x13, 0xf1, 0x13, 0xf1, 0x13, 0xf1, 0x13, 0xf1, 0x13, 0xf1,
    0x12, 0xf1, 0x12, 0xf1, 0x12, 0xf1, 0x12, 0xf1, 0x13, 0xf1, 0x13, 0xf1, 0x13, 0xf1, 0x12, 0xf1,
    0x13, 0xf1, 0x13, 0xf1, 0x13, 0xf1, 0x13, 0xf1, 0x12, 0xf1, 0x12, 0xf1, 0x02, 0xf1, 0x12, 0xf1,
    0x12, 0xf1, 0x02, 0xf1, 0x12, 0xf1, 0x12, 0xf1, 0x02, 0xf1, 0x02, 0xf1, 0x02, 0xf1, 0x02, 0xf1,
    0x25, 0xf2, 0x24, 0xf2, 0x24, 0xf2, 0x25, 0xf2, 0x24, 0xf2, 0x25, 0xf2, 0x25, 0xf2, 0x25, 0xf2,
    0x24, 0xf2, 0x24, 0xf2, 0x24, 0xf2, 0x24, 0xf2, 0x25, 0xf2, 0x25, 0xf2, 0x25, 0xf2, 0x25, 0xf2,
    0x24, 0xf2, 0x24, 0xf2, 0x24, 0xf2, 0x14, 0xf2, 0x14, 0xf2, 0x24, 0xf2, 0x25, 0xf2, 0x25, 0xf2,
    0x25, 0xf2, 0x25, 0xf2, 0x24, 0xf2, 0x14, 0xf2, 0x14, 0xf2, 0x25, 0xf2, 0x25, 0xf2, 0x24, 0xf2,
    0x24, 0xf2, 0x24, 0xf2, 0x24, 0xf2, 0x24, 0xf2, 0x24, 0xf2, 0x24, 0xf2, 0x24, 0xf2, 0x25, 0xf2,
    0x24, 0xf2, 0x24, 0xf2, 0x25, 0xf2, 0x26, 0xf2, 0x25, 0xf2, 0x24, 0xf2, 0x14, 0xf2, 0x14, 0xf2,
    0x25, 0xf2, 0x25, 0xf2, 0x25, 0xf2, 0x25, 0xf2, 0x24, 0xf2, 0x14, 0xf2, 0x14, 0xf2, 0x24, 0xf2,
    0x24, 0xf2, 0x14, 0xf2, 0x24, 0xf2, 0x25, 0xf2, 0x25, 0xf2, 0x25, 0xf2, 0x25, 0xf2, 0x25, 0xf2,
    0x25, 0xf2, 0x25, 0xf2, 0x25, 0xf2, 0x25, 0xf2, 0x25, 0xf2, 0x25, 0xf2, 0x25, 0xf2, 0x25, 0xf2,
    0x25, 0xf2, 0x25, 0xf2, 0x25, 0xf2, 0x25, 0xf2, 0x24, 0xf2, 0x24, 0xf2, 0x24, 0xf2, 0x24, 0xf2,
    0x24, 0xf2, 0x14, 0xf2, 0x14, 0xf2, 0x14, 0xf2, 0x24, 0xf2, 0x14, 0xf2, 0x14, 0xf2, 0x14, 0xf2,
    0x25, 0xf2, 0x24, 0xf2, 0x14, 0xf2, 0x14, 0xf2, 0x14, 0xf2, 0x24, 0xf2, 0x14, 0xf2, 0x25, 0xf2,
    0x24, 0xf2, 0x14, 0xf2, 0x14, 0xf2, 0x14, 0xf2, 0x14, 0xf2, 0x14, 0xf2, 0x14, 0xf2, 0x14, 0xf2,
    0x14, 0xf2, 0x24, 0xf2, 0x14, 0xf2, 0x14, 0xf2, 0x14, 0xf2, 0x24, 0xf2, 0x14, 0xf2, 0x24, 0xf2,
    0x25, 0xf2, 0x25, 0xf2, 0x25, 0xf2, 0x25, 0xf2, 0x25, 0xf2, 0x25, 0xf2, 0x36, 0xf2, 0x25, 0xf2,
    0x25, 0xf2, 0x25, 0xf2, 0x25, 0xf2, 0x25, 0xf2, 0x25, 0xf2, 0x24, 0xf2, 0x24, 0xf2, 0x24, 0xf2,
    0x24, 0xf2, 0x24, 0xf2, 0x24, 0xf2, 0x24, 0xf2, 0x24, 0xf2, 0x24, 0xf2, 0x24, 0xf2, 0x14, 0xf2,
    0x24, 0xf2, 0x24, 0xf2, 0x24, 0xf2, 0x24, 0xf2, 0x14, 0xf2, 0x13, 0xf2, 0x14, 0xf2, 0x24, 0xf2,
    0x14, 0xf2, 0x24, 0xf2, 0x24, 0xf2, 0x24, 0xf2, 0x24, 0xf2, 0x14, 0xf2, 0x14, 0xf2, 0x14, 0xf2,
    0x24, 0xf2, 0x24, 0xf2, 0x14, 0xf2, 0x14, 0xf2, 0x24, 0xf2, 0x24, 0xf2, 0x24, 0xf2, 0x14, 0xf2,
    0x24, 0xf2, 0x24, 0xf2, 0x24, 0xf2, 0x24, 0xf2, 0x24, 0xf2, 0x24, 0xf2, 0x24, 0xf2, 0x24, 0xf2,
    0x24, 0xf2, 0x24, 0xf2, 0x24, 0xf2, 0x24, 0xf2, 0x24, 0xf2, 0x24, 0xf2, 0x14, 0xf2, 0x14, 0xf2,
    0x14, 0xf2, 0x14, 0xf2, 0x14, 0xf2, 0x14, 0xf2, 0x13, 0xf1, 0x13, 0xf1, 0x13, 0xf1, 0x13, 0xf1,
    0x13, 0xf1, 0x13, 0xf1, 0x13, 0xf1, 0x13, 0xf1, 0x13, 0xf1, 0x13, 0xf1, 0x13, 0xf1, 0x13, 0xf1,
    0x13, 0xf1, 0x13, 0xf1, 0x13, 0xf1, 0x13, 0xf1, 0x13, 0xf2, 0x23, 0xf2, 0x12, 0xf1, 0x13, 0xf1,
    0x12, 0xf1, 0x12, 0xf1, 0x13, 0xf1, 0x13, 0xf1, 0x24, 0xf2, 0x57, 0xf3, 0x24, 0xf2, 0x13, 0xf1,
    0x13, 0xf1, 0x13, 0xf1, 0x13, 0xf1, 0x13, 0xf1, 0x14, 0xf2, 0x13, 0xf2, 0x13, 0xf1, 0x13, 0xf1,
    0x12, 0xf1, 0x12, 0xf1, 0x12, 0xf1, 0x12, 0xf1, 0x12, 0xf1, 0x12, 0xf1, 0x12, 0xf1, 0x12, 0xf1,
    0x13, 0xf1, 0x13, 0xf1, 0x13, 0xf1, 0x13, 0xf1, 0x12, 0xf1, 0x12, 0xf1, 0x12, 0xf1, 0x12, 0xf1,
    0x02, 0xf1, 0x12, 0xf1, 0x12, 0xf1, 0x02, 0xf1, 0x02, 0xf1, 0x02, 0xf1, 0x02, 0xf1, 0x02, 0xf1,
    0x25, 0xf2, 0x24, 0xf2, 0x25, 0xf2, 0x25, 0xf2, 0x14, 0xf2, 0x24, 0xf2, 0x25, 0xf2, 0x24, 0xf2,
    0x14, 0xf2, 0x24, 0xf2, 0x24, 0xf2, 0x25, 0xf2, 0x25, 0xf2, 0x25, 0xf2, 0x25, 0xf2, 0x25, 0xf2,
    0x25, 0xf2, 0x24, 0xf2, 0x25, 0xf2, 0x24, 0xf2, 0x24, 0xf2, 0x25, 0xf2, 0x25, 0xf2, 0x25, 0xf2,
    0x25, 0xf2, 0x25, 0xf2, 0x25, 0xf2, 0x24, 0xf2, 0x24, 0xf2, 0x25, 0xf2, 0x25, 0xf2, 0x25, 0xf2,
    0x24, 0xf2, 0x24, 0xf2, 0x24, 0xf2, 0x24, 0xf2, 0x14, 0xf2, 0x24, 0xf2, 0x25, 0xf2, 0x24, 0xf2,
    0x14, 0xf2, 0x24, 0xf2, 0x25, 0xf2, 0x25, 0xf2, 0x25, 0xf2, 0x24, 0xf2, 0x24, 0xf2, 0x14, 0xf2,
    0x24, 0xf2, 0x25, 0xf2, 0x25, 0xf2, 0x25, 0xf2, 0x24, 0xf2, 0x24, 0xf2, 0x24, 0xf2, 0x24, 0xf2,
    0x24, 0xf2, 0x25, 0xf2, 0x25, 0xf2, 0x25, 0xf2, 0x25, 0xf2, 0x25, 0xf2, 0x25, 0xf2, 0x25, 0xf2,
    0x25, 0xf2, 0x25, 0xf2, 0x25, 0xf2, 0x25, 0xf2, 0x25, 0xf2, 0x25, 0xf2, 0x25, 0xf2, 0x25, 0xf2,
    0x25, 0xf2, 0x24, 0xf2, 0x24, 0xf2, 0x24, 0xf2, 0x24, 0xf2, 0x24, 0xf2, 0x24, 0xf2, 0x25, 0xf2,
    0x36, 0xf2, 0x14, 0xf2, 0x14, 0xf2, 0x14, 0xf2, 0x14, 0xf2, 0x14, 0xf2, 0x14, 0xf2, 0x14, 0xf2,
    0x24, 0xf2, 0x24, 0xf2, 0x14, 0xf2, 0x14, 0xf2, 0x14, 0xf2, 0x24, 0xf2, 0x14, 0xf2, 0x36, 0xf2,
    0x35, 0xf2, 0x14, 0xf2, 0x24, 0xf2, 0x14, 0xf2, 0x14, 0xf2, 0x24, 0xf2, 0x14, 0xf2, 0x14, 0xf2,
    0x24, 0xf2, 0x14, 0xf2, 0x25, 0xf2, 0x24, 0xf2, 0x24, 0xf2, 0x24, 0xf2, 0x24, 0xf2, 0x24, 0xf2,
    0x25, 0xf2, 0x25, 0xf2, 0x25, 0xf2, 0x25, 0xf2, 0x25, 0xf2, 0x24, 0xf2, 0x25, 0xf2, 0x25, 0xf2,
    0x25, 0xf2, 0x25, 0xf2, 0x25, 0xf2, 0x25, 0xf2, 0x25, 0xf2, 0x24, 0xf2, 0x24, 0xf2, 0x24, 0xf2,
    0x25, 0xf2, 0x24, 0xf2, 0x24, 0xf2, 0x24, 0xf2, 0x24, 0xf2, 0x25, 0xf2, 0x24, 0xf2, 0x24, 0xf2,
    0x24, 0xf2, 0x24, 0xf2, 0x14, 0xf2, 0x24, 0xf2, 0x14, 0xf2, 0x14, 0xf2, 0x14, 0xf2, 0x24, 0xf2,
    0x24, 0xf2, 0x24, 0xf2, 0x24, 0xf2, 0x24, 0xf2, 0x24, 0xf2, 0x14, 0xf2, 0x24, 0xf2, 0x13, 0xf2,
    0x24, 0xf2, 0x24, 0xf2, 0x24, 0xf2, 0x14, 0xf2, 0x24, 0xf2, 0x24, 0xf2, 0x24, 0xf2, 0x24, 0xf2,
    0x24, 0xf2, 0x24, 0xf2, 0x24, 0xf2, 0x24, 0xf2, 0x24, 0xf2, 0x24, 0xf2, 0x24, 0xf2, 0x24, 0xf2,
    0x24, 0xf2, 0x24, 0xf2, 0x24, 0xf2, 0x24, 0xf2, 0x24, 0xf2, 0x14, 0xf2, 0x14, 0xf2, 0x14, 0xf2,
    0x14, 0xf2, 0x14, 0xf2, 0x14, 0xf2, 0x24, 0xf2, 0x13, 0xf2, 0x13, 0xf1, 0x13, 0xf1, 0x13, 0xf1,
    0x13, 0xf1, 0x13, 0xf1, 0x13, 0xf1, 0x13, 0xf1, 0x13, 0xf1, 0x13, 0xf1, 0x13, 0xf1, 0x13, 0xf1,
    0x13, 0xf1, 0x13, 0xf1, 0x13, 0xf1, 0x13, 0xf1, 0x13, 0xf1, 0x13, 0xf1, 0x13, 0xf1, 0x12, 0xf1,
    0x13, 0xf1, 0x13, 0xf1, 0x13, 0xf1, 0x13, 0xf1, 0x35, 0xf2, 0x68, 0xf3, 0x13, 0xf2, 0x13, 0xf1,
    0x13, 0xf1, 0x13, 0xf1, 0x13, 0xf2, 0x13, 0xf1, 0x13, 0xf1, 0x13, 0xf1, 0x12, 0xf1, 0x12, 0xf1,
    0x12, 0xf1, 0x12, 0xf1, 0x13, 0xf1, 0x12, 0xf1, 0x12, 0xf1, 0x12, 0xf1, 0x12, 0xf1, 0x13, 0xf1,
    0x13, 0xf1, 0x13, 0xf1, 0x13, 0xf1, 0x13, 0xf1, 0x13, 0xf1, 0x12, 0xf1, 0x12, 0xf1, 0x12, 0xf1,
    0x12, 0xf1, 0x12, 0xf1, 0x12, 0xf1, 0x02, 0xf1, 0x02, 0xf1, 0x12, 0xf1, 0x02, 0xf1, 0x02, 0xf1,
    0x25, 0xf2, 0x25, 0xf2, 0x24, 0xf2, 0x24, 0xf2, 0x25, 0xf2, 0x25, 0xf2, 0x25, 0xf2, 0x24, 0xf2,
    0x24, 0xf2, 0x24, 0xf2, 0x25, 0xf2, 0x25, 0xf2, 0x25, 0xf2, 0x25, 0xf2, 0x25, 0xf2, 0x24, 0xf2,
    0x24, 0xf2, 0x24, 0xf2, 0x25, 0xf2, 0x24, 0xf2, 0x24, 0xf2, 0x24, 0xf2, 0x25, 0xf2, 0x25, 0xf2,
    0x25, 0xf2, 0x25, 0xf2, 0x25, 0xf2, 0x25, 0xf2, 0x25, 0xf2, 0x25, 0xf2, 0x25, 0xf2, 0x25, 0xf2,
    0x25, 0xf2, 0x25, 0xf2, 0x25, 0xf2, 0x24, 0xf2, 0x24, 0xf2, 0x24, 0xf2, 0x25, 0xf2, 0x25, 0xf2,
    0x24, 0xf2, 0x24, 0xf2, 0x25, 0xf2, 0x25, 0xf2, 0x25, 0xf2, 0x25, 0xf2, 0x15, 0xf2, 0x25, 0xf2,
    0x24, 0xf2, 0x25, 0xf2, 0x25, 0xf2, 0x25, 0xf2, 0x25, 0xf2, 0x25, 0xf2, 0x25, 0xf2, 0x25, 0xf2,
    0x25, 0xf2, 0x25, 0xf2, 0x47, 0xf2, 0x47, 0xf3, 0x25, 0xf2, 0x25, 0xf2, 0x25, 0xf2, 0x25, 0xf2,
    0x25, 0xf2, 0x25, 0xf2, 0x25, 0xf2, 0x25, 0xf2, 0x25, 0xf2, 0x25, 0xf2, 0x24, 0xf2, 0x25, 0xf2,
    0x25, 0xf2, 0x24, 0xf2, 0x24, 0xf2, 0x24, 0xf2, 0x24, 0xf2, 0x24, 0xf2, 0x14, 0xf2, 0x25, 0xf2,
    0x25, 0xf2, 0x24, 0xf2, 0x24, 0xf2, 0x14, 0xf2, 0x24, 0xf2, 0x14, 0xf2, 0x14, 0xf2, 0x14, 0xf2,
    0x14, 0xf2, 0x14, 0xf2, 0x14, 0xf2, 0x14, 0xf2, 0x14, 0xf2, 0x14, 0xf2, 0x14, 0xf2, 0x24, 0xf2,
    0x24, 0xf2, 0x14, 0xf2, 0x24, 0xf2, 0x14, 0xf2, 0x14, 0xf2, 0x14, 0xf2, 0x14, 0xf2, 0x14, 0xf2,
    0x14, 0xf2, 0x24, 0xf2, 0x24, 0xf2, 0x24, 0xf2, 0x25, 0xf2, 0x24, 0xf2, 0x14, 0xf2, 0x24, 0xf2,
    0x25, 0xf2, 0x25, 0xf2, 0x25, 0xf2, 0x25, 0xf2, 0x24, 0xf2, 0x24, 0xf2, 0x25, 0xf2, 0x25, 0xf2,
    0x25, 0xf2, 0x25, 0xf2, 0x25, 0xf2, 0x25, 0xf2, 0x25, 0xf2, 0x25, 0xf2, 0x25, 0xf2, 0x25, 0xf2,
    0x25, 0xf2, 0x25, 0xf2, 0x24, 0xf2, 0x24, 0xf2, 0x24, 0xf2, 0x24, 0xf2, 0x24, 0xf2, 0x24, 0xf2,
    0x24, 0xf2, 0x24, 0xf2, 0x24, 0xf2, 0x24, 0xf2, 0x24, 0xf2, 0x24, 0xf2, 0x14, 0xf2, 0x24, 0xf2,
    0x24, 0xf2, 0x24, 0xf2, 0x24, 0xf2, 0x24, 0xf2, 0x24, 0xf2, 0x24, 0xf2, 0x24, 0xf2, 0x14, 0xf2,
    0x24, 0xf2, 0x24, 0xf2, 0x24, 0xf2, 0x24, 0xf2, 0x24, 0xf2, 0x14, 0xf2, 0x14, 0xf2, 0x24, 0xf2,
    0x24, 0xf2, 0x24, 0xf2, 0x24, 0xf2, 0x24, 0xf2, 0x14, 0xf2, 0x24, 0xf2, 0x24, 0xf2, 0x24, 0xf2,
    0x24, 0xf2, 0x24, 0xf2, 0x24, 0xf2, 0x24, 0xf2, 0x14, 0xf2, 0x14, 0xf2, 0x14, 0xf2, 0x14, 0xf2,
    0x14, 0xf2, 0x14, 0xf2, 0x14, 0xf2, 0x14, 0xf2, 0x13, 0xf2, 0x13, 0xf1, 0x13, 0xf1, 0x13, 0xf2,
    0x14, 0xf2, 0x13, 0xf1, 0x13, 0xf2, 0x13, 0xf1, 0x13, 0xf1, 0x13, 0xf1, 0x13, 0xf1, 0x13, 0xf1,
    0x13, 0xf1, 0x13, 0xf1, 0x13, 0xf1, 0x13, 0xf1, 0x13, 0xf1, 0x13, 0xf1, 0x13, 0xf1, 0x12, 0xf1,
    0x13, 0xf1, 0x13, 0xf1, 0x13, 0xf1, 0x13, 0xf1, 0x13, 0xf1, 0x13, 0xf2, 0x13, 0xf1, 0x13, 0xf1,
    0x13, 0xf1, 0x13, 0xf1, 0x14, 0xf2, 0x13, 0xf1, 0x12, 0xf1, 0x12, 0xf1, 0x12, 0xf1, 0x12, 0xf1,
    0x12, 0xf1, 0x12, 0xf1, 0x12, 0xf1, 0x12, 0xf1, 0x12, 0xf1, 0x12, 0xf1, 0x12, 0xf1, 0x13, 0xf1,
    0x13, 0xf1, 0x13, 0xf1, 0x13, 0xf1, 0x13, 0xf2, 0x13, 0xf1, 0x12, 0xf1, 0x12, 0xf1, 0x12, 0xf1,
    0x12, 0xf1, 0x02, 0xf1, 0x12, 0xf1, 0x12, 0xf1, 0x12, 0xf1, 0x12, 0xf1, 0x02, 0xf1, 0x02, 0xf1,
    0x25, 0xf2, 0x25, 0xf2, 0x25, 0xf2, 0x25, 0xf2, 0x25, 0xf2, 0x25, 0xf2, 0x25, 0xf2, 0x25, 0xf2,
    0x25, 0xf2, 0x25, 0xf2, 0x25, 0xf2, 0x25, 0xf2, 0x25, 0xf2, 0x25, 0xf2, 0x24, 0xf2, 0x14, 0xf2,
    0x24, 0xf2, 0x14, 0xf2, 0x25, 0xf2, 0x25, 0xf2, 0x25, 0xf2, 0x25, 0xf2, 0x25, 0xf2, 0x25, 0xf2,
    0x25, 0xf2, 0x25, 0xf2, 0x25, 0xf2, 0x25, 0xf2, 0x25, 0xf2, 0x25, 0xf2, 0x25, 0xf2, 0x25, 0xf2,
    0x25, 0xf2, 0x25, 0xf2, 0x25, 0xf2, 0x24, 0xf2, 0x25, 0xf2, 0x25, 0xf2, 0x25, 0xf2, 0x25, 0xf2,
    0x25, 0xf2, 0x24, 0xf2, 0x25, 0xf2, 0x24, 0xf2, 0x25, 0xf2, 0x25, 0xf2, 0x25, 0xf2, 0x25, 0xf2,
    0x25, 0xf2, 0x25, 0xf2, 0x25, 0xf2, 0x25, 0xf2, 0x25, 0xf2, 0x25, 0xf2, 0x25, 0xf2, 0x25, 0xf2,
    0x36, 0xf2, 0x36, 0xf2, 0x37, 0xf2, 0x37, 0xf2, 0x25, 0xf2, 0x25, 0xf2, 0x25, 0xf2, 0x25, 0xf2,
    0x25, 0xf2, 0x25, 0xf2, 0x25, 0xf2, 0x25, 0xf2, 0x25, 0xf2, 0x25, 0xf2, 0x25, 0xf2, 0x25, 0xf2,
    0x24, 0xf2, 0x24, 0xf2, 0x24, 0xf2, 0x24, 0xf2, 0x24, 0xf2, 0x24, 0xf2, 0x14, 0xf2, 0x24, 0xf2,
    0x24, 0xf2, 0x24, 0xf2, 0x24, 0xf2, 0x14, 0xf2, 0x14, 0xf2, 0x24, 0xf2, 0x14, 0xf2, 0x14, 0xf2,
    0x14, 0xf2, 0x14, 0xf2, 0x24, 0xf2, 0x24, 0xf2, 0x14, 0xf2, 0x14, 0xf2, 0x14, 0xf2, 0x24, 0xf2,
    0x14, 0xf2, 0x24, 0xf2, 0x24, 0xf2, 0x14, 0xf2, 0x14, 0xf2, 0x14, 0xf2, 0x14, 0xf2, 0x14, 0xf2,
    0x14, 0xf2, 0x24, 0xf2, 0x24, 0xf2, 0x24, 0xf2, 0x24, 0xf2, 0x24, 0xf2, 0x24, 0xf2, 0x25, 0xf2,
    0x25, 0xf2, 0x25, 0xf2, 0x25, 0xf2, 0x25, 0xf2, 0x24, 0xf2, 0x25, 0xf2, 0x25, 0xf2, 0x25, 0xf2,
    0x25, 0xf2, 0x25, 0xf2, 0x26, 0xf2, 0x26, 0xf2, 0x25, 0xf2, 0x24, 0xf2, 0x25, 0xf2, 0x25, 0xf2,
    0x25, 0xf2, 0x25, 0xf2, 0x24, 0xf2, 0x25, 0xf2, 0x24, 0xf2, 0x24, 0xf2, 0x24, 0xf2, 0x24, 0xf2,
    0x24, 0xf2, 0x24, 0xf2, 0x24, 0xf2, 0x24, 0xf2, 0x24, 0xf2, 0x24, 0xf2, 0x13, 0xf2, 0x14, 0xf2,
    0x14, 0xf2, 0x24, 0xf2, 0x24, 0xf2, 0x24, 0xf2, 0x24, 0xf2, 0x24, 0xf2, 0x24, 0xf2, 0x24, 0xf2,
    0x24, 0xf2, 0x14, 0xf2, 0x24, 0xf2, 0x24, 0xf2, 0x24, 0xf2, 0x14, 0xf2, 0x24, 0xf2, 0x24, 0xf2,
    0x24, 0xf2, 0x24, 0xf2, 0x24, 0xf2, 0x24, 0xf2, 0x24, 0xf2, 0x24, 0xf2, 0x24, 0xf2, 0x24, 0xf2,
    0x24, 0xf2, 0x24, 0xf2, 0x24, 0xf2, 0x24, 0xf2, 0x24, 0xf2, 0x24, 0xf2, 0x24, 0xf2, 0x14, 0xf2,
    0x24, 0xf2, 0x14, 0xf2, 0x14, 0xf2, 0x14, 0xf2, 0x14, 0xf2, 0x13, 0xf2, 0x13, 0xf1, 0x14, 0xf2,
    0x14, 0xf2, 0x13, 0xf2, 0x13, 0xf1, 0x13, 0xf1, 0x13, 0xf1, 0x13, 0xf1, 0x13, 0xf1, 0x13, 0xf1,
    0x13, 0xf1, 0x13, 0xf1, 0x13, 0xf1, 0x13, 0xf1, 0x12, 0xf1, 0x13, 0xf1, 0x13, 0xf1, 0x13, 0xf1,
    0x13, 0xf1, 0x13, 0xf1, 0x13, 0xf1, 0x13, 0xf1, 0x13, 0xf1, 0x13, 0xf1, 0x12, 0xf1, 0x13, 0xf1,
    0x13, 0xf1, 0x13, 0xf1, 0x13, 0xf1, 0x13, 0xf1, 0x12, 0xf1, 0x12, 0xf1, 0x13, 0xf1, 0x12, 0xf1,
    0x12, 0xf1, 0x12, 0xf1, 0x12, 0xf1, 0x12, 0xf1, 0x12, 0xf1, 0x13, 0xf1, 0x13, 0xf1, 0x13, 0xf1,
    0x13, 0xf1, 0x35, 0xf2, 0x35, 0xf2, 0x13, 0xf1, 0x12, 0xf1, 0x13, 0xf1, 0x13, 0xf1, 0x12, 0xf1,
    0x13, 0xf1, 0x12, 0xf1, 0x12, 0xf1, 0x13, 0xf1, 0x13, 0xf1, 0x12, 0xf1, 0x12, 0xf1, 0x02, 0xf1,
    0x25, 0xf2, 0x25, 0xf2, 0x25, 0xf2, 0x25, 0xf2, 0x25, 0xf2, 0x25, 0xf2, 0x25, 0xf2, 0x25, 0xf2,
    0x25, 0xf2, 0x25, 0xf2, 0x25, 0xf2, 0x25, 0xf2, 0x25, 0xf2, 0x24, 0xf2, 0x24, 0xf2, 0x24, 0xf2,
    0x14, 0xf2, 0x24, 0xf2, 0x24, 0xf2, 0x25, 0xf2, 0x24, 0xf2, 0x24, 0xf2, 0x25, 0xf2, 0x25, 0xf2,
    0x25, 0xf2, 0x25, 0xf2, 0x25, 0xf2, 0x25, 0xf2, 0x25, 0xf2, 0x25, 0xf2, 0x25, 0xf2, 0x25, 0xf2,
    0x25, 0xf2, 0x25, 0xf2, 0x25, 0xf2, 0x24, 0xf2, 0x25, 0xf2, 0x25, 0xf2, 0x25, 0xf2, 0x25, 0xf2,
    0x25, 0xf2, 0x25, 0xf2, 0x25, 0xf2, 0x25, 0xf2, 0x25, 0xf2, 0x25, 0xf2, 0x25, 0xf2, 0x25, 0xf2,
    0x25, 0xf2, 0x25, 0xf2, 0x26, 0xf2, 0x25, 0xf2, 0x25, 0xf2, 0x25, 0xf2, 0x25, 0xf2, 0x48, 0xf3,
    0x37, 0xf3, 0x26, 0xf2, 0x26, 0xf2, 0x26, 0xf2, 0x25, 0xf2, 0x25, 0xf2, 0x25, 0xf2, 0x25, 0xf2,
    0x25, 0xf2, 0x25, 0xf2, 0x25, 0xf2, 0x25, 0xf2, 0x25, 0xf2, 0x25, 0xf2, 0x25, 0xf2, 0x25, 0xf2,
    0x24, 0xf2, 0x24, 0xf2, 0x24, 0xf2, 0x25, 0xf2, 0x24, 0xf2, 0x24, 0xf2, 0x24, 0xf2, 0x24, 0xf2,
    0x25, 0xf2, 0x24, 0xf2, 0x24, 0xf2, 0x24, 0xf2, 0x24, 0xf2, 0x24, 0xf2, 0x14, 0xf2, 0x14, 0xf2,
    0x24, 0xf2, 0x24, 0xf2, 0x14, 0xf2, 0x14, 0xf2, 0x24, 0xf2, 0x14, 0xf2, 0x14, 0xf2, 0x24, 0xf2,
    0x24, 0xf2, 0x24, 0xf2, 0x24, 0xf2, 0x24, 0xf2, 0x24, 0xf2, 0x14, 0xf2, 0x24, 0xf2, 0x24, 0xf2,
    0x14, 0xf2, 0x24, 0xf2, 0x25, 0xf2, 0x25, 0xf2, 0x25, 0xf2, 0x25, 0xf2, 0x25, 0xf2, 0x25, 0xf2,
    0x25, 0xf2, 0x25, 0xf2, 0x25, 0xf2, 0x25, 0xf2, 0x24, 0xf2, 0x25, 0xf2, 0x25, 0xf2, 0x25, 0xf2,
    0x25, 0xf2, 0x25, 0xf2, 0x25, 0xf2, 0x36, 0xf2, 0x25, 0xf2, 0x24, 0xf2, 0x24, 0xf2, 0x24, 0xf2,
    0x25, 0xf2, 0x35, 0xf2, 0x35, 0xf2, 0x25, 0xf2, 0x25, 0xf2, 0x24, 0xf2, 0x24, 0xf2, 0x24, 0xf2,
    0x25, 0xf2, 0x24, 0xf2, 0x24, 0xf2, 0x24, 0xf2, 0x24, 0xf2, 0x24, 0xf2, 0x24, 0xf2, 0x14, 0xf2,
    0x24, 0xf2, 0x24, 0xf2, 0x24, 0xf2, 0x24, 0xf2, 0x24, 0xf2, 0x24, 0xf2, 0x24, 0xf2, 0x24, 0xf2,
    0x24, 0xf2, 0x14, 0xf2, 0x13, 0xf2, 0x24, 0xf2, 0x24, 0xf2, 0x24, 0xf2, 0x24, 0xf2, 0x24, 0xf2,
    0x24, 0xf2, 0x24, 0xf2, 0x24, 0xf2, 0x24, 0xf2, 0x24, 0xf2, 0x25, 0xf2, 0x25, 0xf2, 0x25, 0xf2,
    0x24, 0xf2, 0x24, 0xf2, 0x24, 0xf2, 0x24, 0xf2, 0x24, 0xf2, 0x14, 0xf2, 0x24, 0xf2, 0x24, 0xf2,
    0x24, 0xf2, 0x24, 0xf2, 0x14, 0xf2, 0x14, 0xf2, 0x14, 0xf2, 0x14, 0xf2, 0x14, 0xf2, 0x13, 0xf2,
    0x14, 0xf2, 0x14, 0xf2, 0x14, 0xf2, 0x13, 0xf1, 0x13, 0xf1, 0x13, 0xf1, 0x13, 0xf1, 0x13, 0xf1,
    0x13, 0xf1, 0x13, 0xf1, 0x13, 0xf1, 0x13, 0xf1, 0x13, 0xf1, 0x13, 0xf1, 0x13, 0xf1, 0x13, 0xf1,
    0x13, 0xf1, 0x13, 0xf1, 0x13, 0xf1, 0x13, 0xf1, 0x13, 0xf1, 0x13, 0xf1, 0x13, 0xf1, 0x13, 0xf1,
    0x13, 0xf1, 0x13, 0xf1, 0x13, 0xf1, 0x13, 0xf1, 0x13, 0xf1, 0x12, 0xf1, 0x13, 0xf1, 0x12, 0xf1,
    0x12, 0xf1, 0x12, 0xf1, 0x12, 0xf1, 0x12, 0xf1, 0x12, 0xf1, 0x13, 0xf1, 0x12, 0xf1, 0x13, 0xf1,
    0x13, 0xf1, 0x24, 0xf2, 0x13, 0xf1, 0x13, 0xf1, 0x13, 0xf1, 0x13, 0xf1, 0x13, 0xf1, 0x12, 0xf1,
    0x13, 0xf1, 0x12, 0xf1, 0x12, 0xf1, 0x13, 0xf1, 0x13, 0xf1, 0x12, 0xf1, 0x12, 0xf1, 0x02, 0xf1,
    0x25, 0xf2, 0x25, 0xf2, 0x25, 0xf2, 0x25, 0xf2, 0x25, 0xf2, 0x25, 0xf2, 0x25, 0xf2, 0x25, 0xf2,
    0x25, 0xf2, 0x25, 0xf2, 0x24, 0xf2, 0x24, 0xf2, 0x14, 0xf2, 0x25, 0xf2, 0x25, 0xf2, 0x24, 0xf2,
    0x24, 0xf2, 0x24, 0xf2, 0x25, 0xf2, 0x25, 0xf2, 0x25, 0xf2, 0x25, 0xf2, 0x25, 0xf2, 0x25, 0xf2,
    0x25, 0xf2, 0x25, 0xf2, 0x25, 0xf2, 0x25, 0xf2, 0x25, 0xf2, 0x25, 0xf2, 0x25, 0xf2, 0x24, 0xf2,
    0x24, 0xf2, 0x25, 0xf2, 0x24, 0xf2, 0x24, 0xf2, 0x25, 0xf2, 0x25, 0xf2, 0x25, 0xf2, 0x25, 0xf2,
    0x25, 0xf2, 0x25, 0xf2, 0x25, 0xf2, 0x25, 0xf2, 0x25, 0xf2, 0x25, 0xf2, 0x25, 0xf2, 0x25, 0xf2,
    0x26, 0xf2, 0x36, 0xf2, 0x37, 0xf2, 0x25, 0xf2, 0x25, 0xf2, 0x25, 0xf2, 0x37, 0xf3, 0x48, 0xf3,
    0x26, 0xf2, 0x26, 0xf2, 0x26, 0xf2, 0x25, 0xf2, 0x25, 0xf2, 0x25, 0xf2, 0x25, 0xf2, 0x25, 0xf2,
    0x25, 0xf2, 0x25, 0xf2, 0x25, 0xf2, 0x25, 0xf2, 0x25, 0xf2, 0x24, 0xf2, 0x24, 0xf2, 0x24, 0xf2,
    0x24, 0xf2, 0x24, 0xf2, 0x24, 0xf2, 0x25, 0xf2, 0x24, 0xf2, 0x24, 0xf2, 0x25, 0xf2, 0x25, 0xf2,
    0x25, 0xf2, 0x24, 0xf2, 0x24, 0xf2, 0x24, 0xf2, 0x25, 0xf2, 0x24, 0xf2, 0x24, 0xf2, 0x24, 0xf2,
    0x24, 0xf2, 0x24, 0xf2, 0x14, 0xf2, 0x14, 0xf2, 0x14, 0xf2, 0x24, 0xf2, 0x24, 0xf2, 0x24, 0xf2,
    0x25, 0xf2, 0x24, 0xf2, 0x14, 0xf2, 0x14, 0xf2, 0x14, 0xf2, 0x14, 0xf2, 0x14, 0xf2, 0x24, 0xf2,
    0x24, 0xf2, 0x25, 0xf2, 0x25, 0xf2, 0x25, 0xf2, 0x25, 0xf2, 0x25, 0xf2, 0x25, 0xf2, 0x25, 0xf2,
    0x25, 0xf2, 0x25, 0xf2, 0x25, 0xf2, 0x25, 0xf2, 0x25, 0xf2, 0x25, 0xf2, 0x25, 0xf2, 0x25, 0xf2,
    0x25, 0xf2, 0x25, 0xf2, 0x25, 0xf2, 0x25, 0xf2, 0x25, 0xf2, 0x25, 0xf2, 0x25, 0xf2, 0x25, 0xf2,
    0x24, 0xf2, 0x25, 0xf2, 0x25, 0xf2, 0x35, 0xf2, 0x25, 0xf2, 0x25, 0xf2, 0x24, 0xf2, 0x25, 0xf2,
    0x25, 0xf2, 0x25, 0xf2, 0x24, 0xf2, 0x24, 0xf2, 0x24, 0xf2, 0x24, 0xf2, 0x24, 0xf2, 0x24, 0xf2,
    0x14, 0xf2, 0x24, 0xf2, 0x24, 0xf2, 0x24, 0xf2, 0x24, 0xf2, 0x24, 0xf2, 0x24, 0xf2, 0x24, 0xf2,
    0x24, 0xf2, 0x24, 0xf2, 0x24, 0xf2, 0x24, 0xf2, 0x24, 0xf2, 0x24, 0xf2, 0x24, 0xf2, 0x24, 0xf2,
    0x24, 0xf2, 0x24, 0xf2, 0x24, 0xf2, 0x24, 0xf2, 0x24, 0xf2, 0x25, 0xf2, 0x25, 0xf2, 0x24, 0xf2,
    0x24, 0xf2, 0x24, 0xf2, 0x24, 0xf2, 0x24, 0xf2, 0x24, 0xf2, 0x24, 0xf2, 0x24, 0xf2, 0x24, 0xf2,
    0x14, 0xf2, 0x14, 0xf2, 0x14, 0xf2, 0x14, 0xf2, 0x14, 0xf2, 0x14, 0xf2, 0x14, 0xf2, 0x13, 0xf2,
    0x14, 0xf2, 0x14, 0xf2, 0x14, 0xf2, 0x13, 0xf1, 0x13, 0xf1, 0x13, 0xf1, 0x13, 0xf1, 0x13, 0xf1,
    0x13, 0xf1, 0x13, 0xf1, 0x13, 0xf1, 0x13, 0xf1, 0x13, 0xf1, 0x13, 0xf1, 0x13, 0xf1, 0x13, 0xf1,
    0x13, 0xf1, 0x13, 0xf1, 0x13, 0xf1, 0x13, 0xf1, 0x13, 0xf1, 0x13, 0xf1, 0x13, 0xf1, 0x13, 0xf1,
    0x13, 0xf1, 0x13, 0xf1, 0x13, 0xf1, 0x13, 0xf1, 0x13, 0xf1, 0x12, 0xf1, 0x12, 0xf1, 0x12, 0xf1,
    0x12, 0xf1, 0x12, 0xf1, 0x12, 0xf1, 0x12, 0xf1, 0x12, 0xf1, 0x13, 0xf1, 0x12, 0xf1, 0x13, 0xf1,
    0x23, 0xf2, 0x13, 0xf1, 0x13, 0xf1, 0x13, 0xf1, 0x13, 0xf1, 0x13, 0xf1, 0x13, 0xf1, 0x13, 0xf1,
    0x12, 0xf1, 0x12, 0xf1, 0x02, 0xf1, 0x12, 0xf1, 0x12, 0xf1, 0x12, 0xf1, 0x12, 0xf1, 0x12, 0xf1,
    0x25, 0xf2, 0x25, 0xf2, 0x25, 0xf2, 0x25, 0xf2, 0x25, 0xf2, 0x25, 0xf2, 0x25, 0xf2, 0x25, 0xf2,
    0x24, 0xf2, 0x25, 0xf2, 0x25, 0xf2, 0x25, 0xf2, 0x25, 0xf2, 0x25, 0xf2, 0x25, 0xf2, 0x25, 0xf2,
    0x24, 0xf2, 0x24, 0xf2, 0x25, 0xf2, 0x25, 0xf2, 0x24, 0xf2, 0x25, 0xf2, 0x25, 0xf2, 0x25, 0xf2,
    0x25, 0xf2, 0x25, 0xf2, 0x25, 0xf2, 0x25, 0xf2, 0x25, 0xf2, 0x25, 0xf2, 0x25, 0xf2, 0x25, 0xf2,
    0x25, 0xf2, 0x25, 0xf2, 0x25, 0xf2, 0x25, 0xf2, 0x25, 0xf2, 0x25, 0xf2, 0x25, 0xf2, 0x25, 0xf2,
    0x26, 0xf2, 0x25, 0xf2, 0x25, 0xf2, 0x25, 0xf2, 0x25, 0xf2, 0x25, 0xf2, 0x25, 0xf2, 0x26, 0xf2,
    0x37, 0xf2, 0x37, 0xf3, 0x36, 0xf2, 0x25, 0xf2, 0x36, 0xf2, 0x36, 0xf2, 0x37, 0xf3, 0x26, 0xf2,
    0x26, 0xf2, 0x26, 0xf2, 0x26, 0xf2, 0x25, 0xf2, 0x25, 0xf2, 0x25, 0xf2, 0x25, 0xf2, 0x25, 0xf2,
    0x25, 0xf2, 0x25, 0xf2, 0x25, 0xf2, 0x25, 0xf2, 0x25, 0xf2, 0x24, 0xf2, 0x24, 0xf2, 0x24, 0xf2,
    0x24, 0xf2, 0x25, 0xf2, 0x25, 0xf2, 0x24, 0xf2, 0x25, 0xf2, 0x25, 0xf2, 0x24, 0xf2, 0x24, 0xf2,
    0x24, 0xf2, 0x24, 0xf2, 0x24, 0xf2, 0x24, 0xf2, 0x24, 0xf2, 0x24, 0xf2, 0x24, 0xf2, 0x24, 0xf2,
    0x24, 0xf2, 0x24, 0xf2, 0x24, 0xf2, 0x24, 0xf2, 0x24, 0xf2, 0x24, 0xf2, 0x24, 0xf2, 0x25, 0xf2,
    0x24, 0xf2, 0x24, 0xf2, 0x14, 0xf2, 0x14, 0xf2, 0x24, 0xf2, 0x14, 0xf2, 0x14, 0xf2, 0x24, 0xf2,
    0x24, 0xf2, 0x25, 0xf2, 0x25, 0xf2, 0x25, 0xf2, 0x25, 0xf2, 0x25, 0xf2, 0x25, 0xf2, 0x25, 0xf2,
    0x25, 0xf2, 0x25, 0xf2, 0x25, 0xf2, 0x25, 0xf2, 0x25, 0xf2, 0x25, 0xf2, 0x25, 0xf2, 0x25, 0xf2,
    0x25, 0xf2, 0x25, 0xf2, 0x25, 0xf2, 0x36, 0xf2, 0x25, 0xf2, 0x25, 0xf2, 0x25, 0xf2, 0x25, 0xf2,
    0x25, 0xf2, 0x25, 0xf2, 0x25, 0xf2, 0x25, 0xf2, 0x35, 0xf2, 0x25, 0xf2, 0x25, 0xf2, 0x25, 0xf2,
    0x25, 0xf2, 0x24, 0xf2, 0x24, 0xf2, 0x24, 0xf2, 0x24, 0xf2, 0x24, 0xf2, 0x24, 0xf2, 0x24, 0xf2,
    0x24, 0xf2, 0x24, 0xf2, 0x24, 0xf2, 0x24, 0xf2, 0x24, 0xf2, 0x24, 0xf2, 0x24, 0xf2, 0x24, 0xf2,
    0x24, 0xf2, 0x24, 0xf2, 0x24, 0xf2, 0x14, 0xf2, 0x24, 0xf2, 0x24, 0xf2, 0x24, 0xf2, 0x24, 0xf2,
    0x24, 0xf2, 0x24, 0xf2, 0x24, 0xf2, 0x24, 0xf2, 0x24, 0xf2, 0x24, 0xf2, 0x25, 0xf2, 0x24, 0xf2,
    0x24, 0xf2, 0x24, 0xf2, 0x24, 0xf2, 0x24, 0xf2, 0x24, 0xf2, 0x24, 0xf2, 0x24, 0xf2, 0x24, 0xf2,
    0x14, 0xf2, 0x13, 0xf2, 0x14, 0xf2, 0x14, 0xf2, 0x14, 0xf2, 0x14, 0xf2, 0x14, 0xf2, 0x14, 0xf2,
    0x14, 0xf2, 0x14, 0xf2, 0x14, 0xf2, 0x13, 0xf1, 0x13, 0xf1, 0x13, 0xf1, 0x13, 0xf1, 0x13, 0xf2,
    0x13, 0xf1, 0x13, 0xf1, 0x13, 0xf1, 0x13, 0xf1, 0x13, 0xf1, 0x13, 0xf1, 0x13, 0xf1, 0x13, 0xf1,
    0x13, 0xf1, 0x13, 0xf1, 0x13, 0xf1, 0x13, 0xf1, 0x13, 0xf1, 0x13, 0xf1, 0x13, 0xf1, 0x13, 0xf1,
    0x13, 0xf1, 0x13, 0xf1, 0x13, 0xf1, 0x13, 0xf1, 0x13, 0xf1, 0x12, 0xf1, 0x12, 0xf1, 0x12, 0xf1,
    0x12, 0xf1, 0x12, 0xf1, 0x12, 0xf1, 0x12, 0xf1, 0x12, 0xf1, 0x13, 0xf1, 0x13, 0xf1, 0x13, 0xf1,
    0x13, 0xf2, 0x13, 0xf1, 0x13, 0xf1, 0x13, 0xf1, 0x13, 0xf1, 0x13, 0xf1, 0x13, 0xf1, 0x13, 0xf1,
    0x12, 0xf1, 0x12, 0xf1, 0x12, 0xf1, 0x12, 0xf1, 0x12, 0xf1, 0x12, 0xf1, 0x12, 0xf1, 0x12, 0xf1,
    0x25, 0xf2, 0x25, 0xf2, 0x25, 0xf2, 0x25, 0xf2, 0x25, 0xf2, 0x25, 0xf2, 0x25, 0xf2, 0x25, 0xf2,
    0x25, 0xf2, 0x25, 0xf2, 0x25, 0xf2, 0x25, 0xf2, 0x25, 0xf2, 0x25, 0xf2, 0x25, 0xf2, 0x25, 0xf2,
    0x25, 0xf2, 0x24, 0xf2, 0x25, 0xf2, 0x25, 0xf2, 0x24, 0xf2, 0x25, 0xf2, 0x25, 0xf2, 0x25, 0xf2,
    0x25, 0xf2, 0x25, 0xf2, 0x25, 0xf2, 0x25, 0xf2, 0x25, 0xf2, 0x25, 0xf2, 0x25, 0xf2, 0x25, 0xf2,
    0x25, 0xf2, 0x25, 0xf2, 0x25, 0xf2, 0x25, 0xf2, 0x25, 0xf2, 0x25, 0xf2, 0x25, 0xf2, 0x25, 0xf2,
    0x25, 0xf2, 0x25, 0xf2, 0x25, 0xf2, 0x25, 0xf2, 0x25, 0xf2, 0x25, 0xf2, 0x25, 0xf2, 0x26, 0xf2,
    0x37, 0xf3, 0x37, 0xf2, 0x37, 0xf2, 0x37, 0xf2, 0x37, 0xf3, 0x36, 0xf2, 0x26, 0xf2, 0x25, 0xf2,
    0x26, 0xf2, 0x25, 0xf2, 0x25, 0xf2, 0x25, 0xf2, 0x25, 0xf2, 0x25, 0xf2, 0x25, 0xf2, 0x25, 0xf2,
    0x25, 0xf2, 0x25, 0xf2, 0x25, 0xf2, 0x25, 0xf2, 0x25, 0xf2, 0x24, 0xf2, 0x24, 0xf2, 0x24, 0xf2,
    0x24, 0xf2, 0x25, 0xf2, 0x25, 0xf2, 0x25, 0xf2, 0x25, 0xf2, 0x25, 0xf2, 0x24, 0xf2, 0x24, 0xf2,
    0x24, 0xf2, 0x24, 0xf2, 0x24, 0xf2, 0x24, 0xf2, 0x24, 0xf2, 0x24, 0xf2, 0x24, 0xf2, 0x24, 0xf2,
    0x25, 0xf2, 0x47, 0xf3, 0x25, 0xf2, 0x24, 0xf2, 0x14, 0xf2, 0x24, 0xf2, 0x24, 0xf2, 0x24, 0xf2,
    0x24, 0xf2, 0x14, 0xf2, 0x14, 0xf2, 0x14, 0xf2, 0x24, 0xf2, 0x24, 0xf2, 0x14, 0xf2, 0x24, 0xf2,
    0x24, 0xf2, 0x24, 0xf2, 0x24, 0xf2, 0x25, 0xf2, 0x25, 0xf2, 0x25, 0xf2, 0x25, 0xf2, 0x25, 0xf2,
    0x25, 0xf2, 0x25, 0xf2, 0x25, 0xf2, 0x25, 0xf2, 0x25, 0xf2, 0x25, 0xf2, 0x25, 0xf2, 0x25, 0xf2,
    0x25, 0xf2, 0x24, 0xf2, 0x25, 0xf2, 0x25, 0xf2, 0x25, 0xf2, 0x25, 0xf2, 0x25, 0xf2, 0x25, 0xf2,
    0x24, 0xf2, 0x25, 0xf2, 0x25, 0xf2, 0x25, 0xf2, 0x35, 0xf2, 0x35, 0xf2, 0x25, 0xf2, 0x25, 0xf2,
    0x25, 0xf2, 0x25, 0xf2, 0x24, 0xf2, 0x24, 0xf2, 0x24, 0xf2, 0x24, 0xf2, 0x24, 0xf2, 0x24, 0xf2,
    0x24, 0xf2, 0x24, 0xf2, 0x24, 0xf2, 0x24, 0xf2, 0x24, 0xf2, 0x24, 0xf2, 0x24, 0xf2, 0x24, 0xf2,
    0x24, 0xf2, 0x24, 0xf2, 0x24, 0xf2, 0x24, 0xf2, 0x24, 0xf2, 0x25, 0xf2, 0x25, 0xf2, 0x24, 0xf2,
    0x24, 0xf2, 0x24, 0xf2, 0x24, 0xf2, 0x24, 0xf2, 0x24, 0xf2, 0x24, 0xf2, 0x25, 0xf2, 0x25, 0xf2,
    0x24, 0xf2, 0x24, 0xf2, 0x24, 0xf2, 0x24, 0xf2, 0x24, 0xf2, 0x24, 0xf2, 0x24, 0xf2, 0x14, 0xf2,
    0x13, 0xf1, 0x14, 0xf2, 0x14, 0xf2, 0x14, 0xf2, 0x14, 0xf2, 0x14, 0xf2, 0x14, 0xf2, 0x14, 0xf2,
    0x14, 0xf2, 0x13, 0xf1, 0x13, 0xf1, 0x13, 0xf2, 0x13, 0xf1, 0x13, 0xf1, 0x13, 0xf1, 0x24, 0xf2,
    0x24, 0xf2, 0x13, 0xf1, 0x13, 0xf1, 0x13, 0xf1, 0x13, 0xf1, 0x13, 0xf1, 0x13, 0xf1, 0x13, 0xf1,
    0x13, 0xf1, 0x13, 0xf1, 0x13, 0xf1, 0x13, 0xf1, 0x13, 0xf1, 0x13, 0xf1, 0x13, 0xf1, 0x13, 0xf1,
    0x13, 0xf1, 0x13, 0xf1, 0x13, 0xf1, 0x13, 0xf1, 0x13, 0xf1, 0x13, 0xf1, 0x13, 0xf1, 0x13, 0xf1,
    0x13, 0xf1, 0x12, 0xf1, 0x12, 0xf1, 0x12, 0xf1, 0x13, 0xf1, 0x13, 0xf1, 0x13, 0xf1, 0x13, 0xf1,
    0x13, 0xf2, 0x13, 0xf1, 0x13, 0xf1, 0x13, 0xf1, 0x13, 0xf1, 0x13, 0xf1, 0x13, 0xf1, 0x13, 0xf1,
    0x12, 0xf1, 0x12, 0xf1, 0x13, 0xf1, 0x13, 0xf1, 0x12, 0xf1, 0x12, 0xf1, 0x12, 0xf1, 0x12, 0xf1,
    0x25, 0xf2, 0x25, 0xf2, 0x25, 0xf2, 0x25, 0xf2, 0x25, 0xf2, 0x25, 0xf2, 0x25, 0xf2, 0x25, 0xf2,
    0x25, 0xf2, 0x25, 0xf2, 0x25, 0xf2, 0x25, 0xf2, 0x25, 0xf2, 0x25, 0xf2, 0x25, 0xf2, 0x25, 0xf2,
    0x25, 0xf2, 0x25, 0xf2, 0x25, 0xf2, 0x25, 0xf2, 0x25, 0xf2, 0x25, 0xf2, 0x25, 0xf2, 0x25, 0xf2,
    0x25, 0xf2, 0x25, 0xf2, 0x25, 0xf2, 0x25, 0xf2, 0x25, 0xf2, 0x25, 0xf2, 0x25, 0xf2, 0x25, 0xf2,
    0x25, 0xf2, 0x25, 0xf2, 0x25, 0xf2, 0x25, 0xf2, 0x25, 0xf2, 0x25, 0xf2, 0x25, 0xf2, 0x25, 0xf2,
    0x25, 0xf2, 0x25, 0xf2, 0x25, 0xf2, 0x25, 0xf2, 0x25, 0xf2, 0x25, 0xf2, 0x26, 0xf2, 0x37, 0xf2,
    0x37, 0xf2, 0x37, 0xf2, 0x37, 0xf2, 0x37, 0xf3, 0x36, 0xf2, 0x26, 0xf2, 0x25, 0xf2, 0x26, 0xf2,
    0x25, 0xf2, 0x25, 0xf2, 0x25, 0xf2, 0x25, 0xf2, 0x25, 0xf2, 0x25, 0xf2, 0x25, 0xf2, 0x25, 0xf2,
    0x25, 0xf2, 0x25, 0xf2, 0x25, 0xf2, 0x25, 0xf2, 0x25, 0xf2, 0x25, 0xf2, 0x25, 0xf2, 0x25, 0xf2,
    0x25, 0xf2, 0x25, 0xf2, 0x25, 0xf2, 0x25, 0xf2, 0x25, 0xf2, 0x25, 0xf2, 0x25, 0xf2, 0x24, 0xf2,
    0x24, 0xf2, 0x24, 0xf2, 0x24, 0xf2, 0x24, 0xf2, 0x24, 0xf2, 0x24, 0xf2, 0x24, 0xf2, 0x24, 0xf2,
    0x24, 0xf2, 0x25, 0xf2, 0x25, 0xf2, 0x24, 0xf2, 0x14, 0xf2, 0x24, 0xf2, 0x24, 0xf2, 0x24, 0xf2,
    0x24, 0xf2, 0x14, 0xf2, 0x14, 0xf2, 0x24, 0xf2, 0x24, 0xf2, 0x24, 0xf2, 0x24, 0xf2, 0x24, 0xf2,
    0x24, 0xf2, 0x24, 0xf2, 0x25, 0xf2, 0x25, 0xf2, 0x25, 0xf2, 0x25, 0xf2, 0x25, 0xf2, 0x25, 0xf2,
    0x25, 0xf2, 0x25, 0xf2, 0x25, 0xf2, 0x25, 0xf2, 0x25, 0xf2, 0x25, 0xf2, 0x25, 0xf2, 0x25, 0xf2,
    0x25, 0xf2, 0x25, 0xf2, 0x25, 0xf2, 0x25, 0xf2, 0x25, 0xf2, 0x25, 0xf2, 0x25, 0xf2, 0x25, 0xf2,
    0x25, 0xf2, 0x25, 0xf2, 0x25, 0xf2, 0x25, 0xf2, 0x25, 0xf2, 0x35, 0xf2, 0x35, 0xf2, 0x25, 0xf2,
    0x25, 0xf2, 0x25, 0xf2, 0x25, 0xf2, 0x25, 0xf2, 0x25, 0xf2, 0x24, 0xf2, 0x24, 0xf2, 0x24, 0xf2,
    0x24, 0xf2, 0x24, 0xf2, 0x24, 0xf2, 0x24, 0xf2, 0x24, 0xf2, 0x24, 0xf2, 0x24, 0xf2, 0x24, 0xf2,
    0x24, 0xf2, 0x24, 0xf2, 0x24, 0xf2, 0x24, 0xf2, 0x25, 0xf2, 0x25, 0xf2, 0x24, 0xf2, 0x24, 0xf2,
    0x24, 0xf2, 0x24, 0xf2, 0x24, 0xf2, 0x24, 0xf2, 0x24, 0xf2, 0x24, 0xf2, 0x24, 0xf2, 0x25, 0xf2,
    0x24, 0xf2, 0x24, 0xf2, 0x24, 0xf2, 0x24, 0xf2, 0x24, 0xf2, 0x24, 0xf2, 0x24, 0xf2, 0x14, 0xf2,
    0x14, 0xf2, 0x14, 0xf2, 0x24, 0xf2, 0x14, 0xf2, 0x14, 0xf2, 0x14, 0xf2, 0x24, 0xf2, 0x24, 0xf2,
    0x14, 0xf2, 0x14, 0xf2, 0x13, 0xf2, 0x13, 0xf2, 0x13, 0xf1, 0x13, 0xf1, 0x13, 0xf1, 0x13, 0xf1,
    0x13, 0xf1, 0x13, 0xf1, 0x13, 0xf1, 0x13, 0xf1, 0x13, 0xf1, 0x13, 0xf1, 0x13, 0xf1, 0x13, 0xf1,
    0x13, 0xf2, 0x13, 0xf1, 0x13, 0xf1, 0x13, 0xf1, 0x13, 0xf1, 0x13, 0xf1, 0x13, 0xf1, 0x13, 0xf1,
    0x13, 0xf1, 0x13, 0xf1, 0x13, 0xf1, 0x13, 0xf1, 0x13, 0xf1, 0x13, 0xf1, 0x13, 0xf1, 0x13, 0xf1,
    0x13, 0xf1, 0x13, 0xf1, 0x13, 0xf1, 0x13, 0xf1, 0x13, 0xf1, 0x13, 0xf1, 0x13, 0xf1, 0x13, 0xf2,
    0x24, 0xf2, 0x24, 0xf2, 0x13, 0xf1, 0x13, 0xf1, 0x13, 0xf1, 0x12, 0xf1, 0x12, 0xf1, 0x12, 0xf1,
    0x13, 0xf1, 0x13, 0xf1, 0x13, 0xf1, 0x13, 0xf1, 0x13, 0xf1, 0x13, 0xf1, 0x12, 0xf1, 0x13, 0xf1,
    0x25, 0xf2, 0x25, 0xf2, 0x25, 0xf2, 0x25, 0xf2, 0x25, 0xf2, 0x25, 0xf2, 0x25, 0xf2, 0x25, 0xf2,
    0x25, 0xf2, 0x25, 0xf2, 0x36, 0xf2, 0x36, 0xf2, 0x25, 0xf2, 0x25, 0xf2, 0x25, 0xf2, 0x25, 0xf2,
    0x25, 0xf2, 0x25, 0xf2, 0x25, 0xf2, 0x25, 0xf2, 0x25, 0xf2, 0x25, 0xf2, 0x25, 0xf2, 0x25, 0xf2,
    0x25, 0xf2, 0x25, 0xf2, 0x25, 0xf2, 0x25, 0xf2, 0x25, 0xf2, 0x25, 0xf2, 0x25, 0xf2, 0x25, 0xf2,
    0x26, 0xf2, 0x25, 0xf2, 0x25, 0xf2, 0x25, 0xf2, 0x25, 0xf2, 0x25, 0xf2, 0x25, 0xf2, 0x25, 0xf2,
    0x25, 0xf2, 0x25, 0xf2, 0x25, 0xf2, 0x25, 0xf2, 0x25, 0xf2, 0x26, 0xf2, 0x36, 0xf2, 0x26, 0xf2,
    0x36, 0xf2, 0x36, 0xf2, 0x36, 0xf2, 0x26, 0xf2, 0x25, 0xf2, 0x25, 0xf2, 0x25, 0xf2, 0x26, 0xf2,
    0x25, 0xf2, 0x25, 0xf2, 0x25, 0xf2, 0x25, 0xf2, 0x25, 0xf2, 0x25, 0xf2, 0x25, 0xf2, 0x25, 0xf2,
    0x25, 0xf2, 0x25, 0xf2, 0x25, 0xf2, 0x25, 0xf2, 0x25, 0xf2, 0x25, 0xf2, 0x25, 0xf2, 0x25, 0xf2,
    0x25, 0xf2, 0x25, 0xf2, 0x25, 0xf2, 0x25, 0xf2, 0x25, 0xf2, 0x25, 0xf2, 0x24, 0xf2, 0x24, 0xf2,
    0x24, 0xf2, 0x24, 0xf2, 0x24, 0xf2, 0x25, 0xf2, 0x25, 0xf2, 0x24, 0xf2, 0x24, 0xf2, 0x24, 0xf2,
    0x24, 0xf2, 0x24, 0xf2, 0x24, 0xf2, 0x24, 0xf2, 0x14, 0xf2, 0x14, 0xf2, 0x24, 0xf2, 0x24, 0xf2,
    0x24, 0xf2, 0x24, 0xf2, 0x24, 0xf2, 0x24, 0xf2, 0x24, 0xf2, 0x25, 0xf2, 0x25, 0xf2, 0x24, 0xf2,
    0x24, 0xf2, 0x24, 0xf2, 0x25, 0xf2, 0x25, 0xf2, 0x25, 0xf2, 0x25, 0xf2, 0x25, 0xf2, 0x25, 0xf2,
    0x25, 0xf2, 0x25, 0xf2, 0x25, 0xf2, 0x25, 0xf2, 0x25, 0xf2, 0x25, 0xf2, 0x25, 0xf2, 0x25, 0xf2,
    0x25, 0xf2, 0x25, 0xf2, 0x25, 0xf2, 0x25, 0xf2, 0x25, 0xf2, 0x25, 0xf2, 0x25, 0xf2, 0x25, 0xf2,
    0x25, 0xf2, 0x25, 0xf2, 0x25, 0xf2, 0x25, 0xf2, 0x25, 0xf2, 0x25, 0xf2, 0x25, 0xf2, 0x25, 0xf2,
    0x25, 0xf2, 0x25, 0xf2, 0x25, 0xf2, 0x25, 0xf2, 0x25, 0xf2, 0x25, 0xf2, 0x24, 0xf2, 0x24, 0xf2,
    0x24, 0xf2, 0x24, 0xf2, 0x25, 0xf2, 0x25, 0xf2, 0x24, 0xf2, 0x24, 0xf2, 0x24, 0xf2, 0x24, 0xf2,
    0x24, 0xf2, 0x24, 0xf2, 0x24, 0xf2, 0x24, 0xf2, 0x24, 0xf2, 0x24, 0xf2, 0x24, 0xf2, 0x24, 0xf2,
    0x24, 0xf2, 0x24, 0xf2, 0x24, 0xf2, 0x24, 0xf2, 0x24, 0xf2, 0x24, 0xf2, 0x24, 0xf2, 0x24, 0xf2,
    0x24, 0xf2, 0x24, 0xf2, 0x24, 0xf2, 0x24, 0xf2, 0x24, 0xf2, 0x24, 0xf2, 0x24, 0xf2, 0x24, 0xf2,
    0x14, 0xf2, 0x14, 0xf2, 0x14, 0xf2, 0x14, 0xf2, 0x14, 0xf2, 0x14, 0xf2, 0x14, 0xf2, 0x24, 0xf2,
    0x14, 0xf2, 0x24, 0xf2, 0x24, 0xf2, 0x13, 0xf2, 0x13, 0xf2, 0x13, 0xf2, 0x13, 0xf1, 0x13, 0xf1,
    0x13, 0xf1, 0x13, 0xf1, 0x13, 0xf1, 0x13, 0xf1, 0x13, 0xf1, 0x13, 0xf1, 0x13, 0xf1, 0x13, 0xf1,
    0x13, 0xf1, 0x13, 0xf1, 0x13, 0xf1, 0x13, 0xf1, 0x13, 0xf1, 0x13, 0xf1, 0x13, 0xf1, 0x13, 0xf1,
    0x13, 0xf1, 0x13, 0xf1, 0x13, 0xf1, 0x13, 0xf1, 0x13, 0xf1, 0x13, 0xf1, 0x13, 0xf1, 0x13, 0xf1,
    0x13, 0xf1, 0x13, 0xf1, 0x13, 0xf1, 0x13, 0xf1, 0x13, 0xf1, 0x13, 0xf1, 0x13, 0xf1, 0x13, 0xf2,
    0x24, 0xf2, 0x23, 0xf2, 0x13, 0xf1, 0x13, 0xf1, 0x13, 0xf1, 0x13, 0xf1, 0x13, 0xf1, 0x13, 0xf1,
    0x13, 0xf1, 0x13, 0xf1, 0x13, 0xf1, 0x13, 0xf1, 0x13, 0xf1, 0x13, 0xf1, 0x13, 0xf1, 0x13, 0xf1,
    0x26, 0xf2, 0x25, 0xf2, 0x25, 0xf2, 0x25, 0xf2, 0x25, 0xf2, 0x25, 0xf2, 0x25, 0xf2, 0x25, 0xf2,
    0x25, 0xf2, 0x25, 0xf2, 0x26, 0xf2, 0x25, 0xf2, 0x25, 0xf2, 0x25, 0xf2, 0x25, 0xf2, 0x26, 0xf2,
    0x25, 0xf2, 0x25, 0xf2, 0x25, 0xf2, 0x25, 0xf2, 0x25, 0xf2, 0x25, 0xf2, 0x25, 0xf2, 0x25, 0xf2,
    0x25, 0xf2, 0x25, 0xf2, 0x25, 0xf2, 0x25, 0xf2, 0x25, 0xf2, 0x25, 0xf2, 0x25, 0xf2, 0x25, 0xf2,
    0x25, 0xf2, 0x25, 0xf2, 0x25, 0xf2, 0x25, 0xf2, 0x25, 0xf2, 0x25, 0xf2, 0x25, 0xf2, 0x25, 0xf2,
    0x25, 0xf2, 0x25, 0xf2, 0x25, 0xf2, 0x25, 0xf2, 0x25, 0xf2, 0x25, 0xf2, 0x26, 0xf2, 0x26, 0xf2,
    0x26, 0xf2, 0x26, 0xf2, 0x26, 0xf2, 0x25, 0xf2, 0x25, 0xf2, 0x25, 0xf2, 0x25, 0xf2, 0x25, 0xf2,
    0x25, 0xf2, 0x26, 0xf2, 0x25, 0xf2, 0x25, 0xf2, 0x25, 0xf2, 0x25, 0xf2, 0x25, 0xf2, 0x25, 0xf2,
    0x25, 0xf2, 0x25, 0xf2, 0x25, 0xf2, 0x25, 0xf2, 0x25, 0xf2, 0x25, 0xf2, 0x25, 0xf2, 0x25, 0xf2,
    0x24, 0xf2, 0x25, 0xf2, 0x25, 0xf2, 0x25, 0xf2, 0x25, 0xf2, 0x24, 0xf2, 0x24, 0xf2, 0x24, 0xf2,
    0x24, 0xf2, 0x24, 0xf2, 0x24, 0xf2, 0x24, 0xf2, 0x25, 0xf2, 0x25, 0xf2, 0x24, 0xf2, 0x24, 0xf2,
    0x24, 0xf2, 0x24, 0xf2, 0x24, 0xf2, 0x24, 0xf2, 0x24, 0xf2, 0x14, 0xf2, 0x24, 0xf2, 0x24, 0xf2,
    0x24, 0xf2, 0x24, 0xf2, 0x24, 0xf2, 0x24, 0xf2, 0x24, 0xf2, 0x24, 0xf2, 0x24, 0xf2, 0x25, 0xf2,
    0x25, 0xf2, 0x24, 0xf2, 0x25, 0xf2, 0x25, 0xf2, 0x25, 0xf2, 0x25, 0xf2, 0x25, 0xf2, 0x25, 0xf2,
    0x25, 0xf2, 0x25, 0xf2, 0x25, 0xf2, 0x25, 0xf2, 0x25, 0xf2, 0x25, 0xf2, 0x25, 0xf2, 0x25, 0xf2,
    0x25, 0xf2, 0x25, 0xf2, 0x25, 0xf2, 0x25, 0xf2, 0x25, 0xf2, 0x25, 0xf2, 0x25, 0xf2, 0x25, 0xf2,
    0x25, 0xf2, 0x25, 0xf2, 0x25, 0xf2, 0x25, 0xf2, 0x25, 0xf2, 0x25, 0xf2, 0x25, 0xf2, 0x25, 0xf2,
    0x25, 0xf2, 0x25, 0xf2, 0x25, 0xf2, 0x25, 0xf2, 0x25, 0xf2, 0x25, 0xf2, 0x24, 0xf2, 0x24, 0xf2,
    0x24, 0xf2, 0x24, 0xf2, 0x24, 0xf2, 0x24, 0xf2, 0x24, 0xf2, 0x24, 0xf2, 0x24, 0xf2, 0x24, 0xf2,
    0x25, 0xf2, 0x24, 0xf2, 0x24, 0xf2, 0x24, 0xf2, 0x24, 0xf2, 0x25, 0xf2, 0x24, 0xf2, 0x24, 0xf2,
    0x24, 0xf2, 0x24, 0xf2, 0x25, 0xf2, 0x24, 0xf2, 0x24, 0xf2, 0x24, 0xf2, 0x24, 0xf2, 0x24, 0xf2,
    0x24, 0xf2, 0x24, 0xf2, 0x24, 0xf2, 0x24, 0xf2, 0x24, 0xf2, 0x14, 0xf2, 0x24, 0xf2, 0x24, 0xf2,
    0x24, 0xf2, 0x14, 0xf2, 0x14, 0xf2, 0x14, 0xf2, 0x14, 0xf2, 0x14, 0xf2, 0x14, 0xf2, 0x14, 0xf2,
    0x14, 0xf2, 0x14, 0xf2, 0x14, 0xf2, 0x24, 0xf2, 0x13, 0xf2, 0x24, 0xf2, 0x13, 0xf1, 0x13, 0xf1,
    0x13, 0xf1, 0x13, 0xf1, 0x13, 0xf1, 0x13, 0xf1, 0x13, 0xf1, 0x13, 0xf1, 0x13, 0xf1, 0x13, 0xf1,
    0x13, 0xf1, 0x13, 0xf1, 0x13, 0xf1, 0x13, 0xf1, 0x13, 0xf1, 0x13, 0xf1, 0x13, 0xf1, 0x13, 0xf1,
    0x13, 0xf1, 0x13, 0xf1, 0x13, 0xf1, 0x13, 0xf1, 0x13, 0xf1, 0x13, 0xf1, 0x13, 0xf1, 0x13, 0xf1,
    0x13, 0xf1, 0x13, 0xf1, 0x13, 0xf1, 0x13, 0xf1, 0x13, 0xf1, 0x13, 0xf1, 0x13, 0xf1, 0x24, 0xf2,
    0x13, 0xf2, 0x13, 0xf1, 0x13, 0xf1, 0x13, 0xf1, 0x13, 0xf1, 0x13, 0xf1, 0x13, 0xf1, 0x13, 0xf1,
    0x13, 0xf1, 0x13, 0xf1, 0x13, 0xf1, 0x13, 0xf1, 0x13, 0xf1, 0x13, 0xf1, 0x13, 0xf1, 0x12, 0xf1,
    0x26, 0xf2, 0x26, 0xf2, 0x26, 0xf2, 0x26, 0xf2, 0x26, 0xf2, 0x25, 0xf2, 0x26, 0xf2, 0x25, 0xf2,
    0x25, 0xf2, 0x25, 0xf2, 0x26, 0xf2, 0x25, 0xf2, 0x25, 0xf2, 0x25, 0xf2, 0x25, 0xf2, 0x25, 0xf2,
    0x25, 0xf2, 0x25, 0xf2, 0x25, 0xf2, 0x25, 0xf2, 0x25, 0xf2, 0x25, 0xf2, 0x25, 0xf2, 0x25, 0xf2,
    0x25, 0xf2, 0x25, 0xf2, 0x25, 0xf2, 0x25, 0xf2, 0x25, 0xf2, 0x26, 0xf2, 0x25, 0xf2, 0x24, 0xf2,
    0x25, 0xf2, 0x25, 0xf2, 0x25, 0xf2, 0x25, 0xf2, 0x24, 0xf2, 0x25, 0xf2, 0x25, 0xf2, 0x25, 0xf2,
    0x25, 0xf2, 0x25, 0xf2, 0x25, 0xf2, 0x25, 0xf2, 0x25, 0xf2, 0x26, 0xf2, 0x26, 0xf2, 0x26, 0xf2,
    0x26, 0xf2, 0x26, 0xf2, 0x25, 0xf2, 0x25, 0xf2, 0x25, 0xf2, 0x25, 0xf2, 0x25, 0xf2, 0x25, 0xf2,
    0x25, 0xf2, 0x25, 0xf2, 0x25, 0xf2, 0x25, 0xf2, 0x25, 0xf2, 0x25, 0xf2, 0x25, 0xf2, 0x25, 0xf2,
    0x25, 0xf2, 0x36, 0xf2, 0x25, 0xf2, 0x25, 0xf2, 0x25, 0xf2, 0x25, 0xf2, 0x25, 0xf2, 0x25, 0xf2,
    0x24, 0xf2, 0x24, 0xf2, 0x24, 0xf2, 0x24, 0xf2, 0x24, 0xf2, 0x24, 0xf2, 0x24, 0xf2, 0x24, 0xf2,
    0x24, 0xf2, 0x24, 0xf2, 0x24, 0xf2, 0x24, 0xf2, 0x24, 0xf2, 0x24, 0xf2, 0x24, 0xf2, 0x24, 0xf2,
    0x24, 0xf2, 0x24, 0xf2, 0x24, 0xf2, 0x14, 0xf2, 0x24, 0xf2, 0x24, 0xf2, 0x25, 0xf2, 0x24, 0xf2,
    0x24, 0xf2, 0x24, 0xf2, 0x24, 0xf2, 0x24, 0xf2, 0x25, 0xf2, 0x25, 0xf2, 0x25, 0xf2, 0x25, 0xf2,
    0x25, 0xf2, 0x25, 0xf2, 0x25, 0xf2, 0x25, 0xf2, 0x25, 0xf2, 0x25, 0xf2, 0x25, 0xf2, 0x25, 0xf2,
    0x25, 0xf2, 0x25, 0xf2, 0x25, 0xf2, 0x25, 0xf2, 0x25, 0xf2, 0x25, 0xf2, 0x25, 0xf2, 0x25, 0xf2,
    0x25, 0xf2, 0x25, 0xf2, 0x25, 0xf2, 0x25, 0xf2, 0x25, 0xf2, 0x25, 0xf2, 0x25, 0xf2, 0x25, 0xf2,
    0x25, 0xf2, 0x25, 0xf2, 0x25, 0xf2, 0x36, 0xf2, 0x25, 0xf2, 0x25, 0xf2, 0x25, 0xf2, 0x25, 0xf2,
    0x25, 0xf2, 0x25, 0xf2, 0x25, 0xf2, 0x25, 0xf2, 0x25, 0xf2, 0x25, 0xf2, 0x25, 0xf2, 0x24, 0xf2,
    0x24, 0xf2, 0x25, 0xf2, 0x24, 0xf2, 0x24, 0xf2, 0x24, 0xf2, 0x24, 0xf2, 0x24, 0xf2, 0x24, 0xf2,
    0x24, 0xf2, 0x24, 0xf2, 0x24, 0xf2, 0x24, 0xf2, 0x25, 0xf2, 0x36, 0xf2, 0x35, 0xf2, 0x25, 0xf2,
    0x24, 0xf2, 0x24, 0xf2, 0x25, 0xf2, 0x25, 0xf2, 0x24, 0xf2, 0x24, 0xf2, 0x24, 0xf2, 0x24, 0xf2,
    0x24, 0xf2, 0x24, 0xf2, 0x24, 0xf2, 0x24, 0xf2, 0x24, 0xf2, 0x14, 0xf2, 0x14, 0xf2, 0x24, 0xf2,
    0x24, 0xf2, 0x24, 0xf2, 0x14, 0xf2, 0x14, 0xf2, 0x14, 0xf2, 0x14, 0xf2, 0x14, 0xf2, 0x14, 0xf2,
    0x24, 0xf2, 0x14, 0xf2, 0x24, 0xf2, 0x24, 0xf2, 0x14, 0xf2, 0x13, 0xf2, 0x13, 0xf1, 0x13, 0xf1,
    0x13, 0xf1, 0x13, 0xf1, 0x13, 0xf1, 0x13, 0xf1, 0x13, 0xf1, 0x13, 0xf1, 0x13, 0xf1, 0x13, 0xf1,
    0x13, 0xf1, 0x13, 0xf1, 0x13, 0xf1, 0x13, 0xf1, 0x13, 0xf1, 0x13, 0xf1, 0x13, 0xf1, 0x13, 0xf1,
    0x13, 0xf1, 0x13, 0xf1, 0x13, 0xf1, 0x13, 0xf1, 0x13, 0xf1, 0x13, 0xf1, 0x13, 0xf1, 0x13, 0xf1,
    0x13, 0xf1, 0x13, 0xf1, 0x13, 0xf1, 0x13, 0xf1, 0x13, 0xf1, 0x13, 0xf1, 0x13, 0xf2, 0x13, 0xf2,
    0x13, 0xf1, 0x13, 0xf1, 0x13, 0xf1, 0x13, 0xf1, 0x13, 0xf1, 0x13, 0xf1, 0x13, 0xf1, 0x13, 0xf1,
    0x13, 0xf1, 0x13, 0xf1, 0x13, 0xf1, 0x13, 0xf1, 0x13, 0xf1, 0x13, 0xf1, 0x13, 0xf1, 0x13, 0xf1,
    0x26, 0xf2, 0x26, 0xf2, 0x26, 0xf2, 0x26, 0xf2, 0x26, 0xf2, 0x26, 0xf2, 0x26, 0xf2, 0x25, 0xf2,
    0x25, 0xf2, 0x25, 0xf2, 0x25, 0xf2, 0x25, 0xf2, 0x25, 0xf2, 0x25, 0xf2, 0x25, 0xf2, 0x25, 0xf2,
    0x25, 0xf2, 0x25, 0xf2, 0x25, 0xf2, 0x25, 0xf2, 0x25, 0xf2, 0x25, 0xf2, 0x25, 0xf2, 0x25, 0xf2,
    0x25, 0xf2, 0x25, 0xf2, 0x25, 0xf2, 0x25, 0xf2, 0x26, 0xf2, 0x26, 0xf2, 0x25, 0xf2, 0x25, 0xf2,
    0x25, 0xf2, 0x25, 0xf2, 0x25, 0xf2, 0x25, 0xf2, 0x25, 0xf2, 0x24, 0xf2, 0x25, 0xf2, 0x25, 0xf2,
    0x25, 0xf2, 0x25, 0xf2, 0x25, 0xf2, 0x25, 0xf2, 0x25, 0xf2, 0x25, 0xf2, 0x25, 0xf2, 0x26, 0xf2,
    0x26, 0xf2, 0x25, 0xf2, 0x25, 0xf2, 0x25, 0xf2, 0x25, 0xf2, 0x25, 0xf2, 0x25, 0xf2, 0x25, 0xf2,
    0x26, 0xf2, 0x26, 0xf2, 0x25, 0xf2, 0x25, 0xf2, 0x25, 0xf2, 0x25, 0xf2, 0x25, 0xf2, 0x25, 0xf2,
    0x25, 0xf2, 0x25, 0xf2, 0x25, 0xf2, 0x25, 0xf2, 0x25, 0xf2, 0x25, 0xf2, 0x25, 0xf2, 0x25, 0xf2,
    0x24, 0xf2, 0x24, 0xf2, 0x24, 0xf2, 0x24, 0xf2, 0x24, 0xf2, 0x24, 0xf2, 0x24, 0xf2, 0x24, 0xf2,
    0x24, 0xf2, 0x24, 0xf2, 0x24, 0xf2, 0x24, 0xf2, 0x24, 0xf2, 0x24, 0xf2, 0x24, 0xf2, 0x24, 0xf2,
    0x14, 0xf2, 0x24, 0xf2, 0x24, 0xf2, 0x24, 0xf2, 0x24, 0xf2, 0x24, 0xf2, 0x25, 0xf2, 0x24, 0xf2,
    0x24, 0xf2, 0x24, 0xf2, 0x24, 0xf2, 0x25, 0xf2, 0x25, 0xf2, 0x25, 0xf2, 0x25, 0xf2, 0x25, 0xf2,
    0x25, 0xf2, 0x25, 0xf2, 0x25, 0xf2, 0x25, 0xf2, 0x25, 0xf2, 0x25, 0xf2, 0x25, 0xf2, 0x25, 0xf2,
    0x25, 0xf2, 0x25, 0xf2, 0x26, 0xf2, 0x25, 0xf2, 0x25, 0xf2, 0x25, 0xf2, 0x25, 0xf2, 0x25, 0xf2,
    0x25, 0xf2, 0x25, 0xf2, 0x25, 0xf2, 0x25, 0xf2, 0x25, 0xf2, 0x25, 0xf2, 0x25, 0xf2, 0x25, 0xf2,
    0x25, 0xf2, 0x25, 0xf2, 0x25, 0xf2, 0x25, 0xf2, 0x25, 0xf2, 0x25, 0xf2, 0x25, 0xf2, 0x25, 0xf2,
    0x25, 0xf2, 0x25, 0xf2, 0x25, 0xf2, 0x25, 0xf2, 0x25, 0xf2, 0x25, 0xf2, 0x25, 0xf2, 0x24, 0xf2,
    0x25, 0xf2, 0x25, 0xf2, 0x25, 0xf2, 0x24, 0xf2, 0x24, 0xf2, 0x24, 0xf2, 0x24, 0xf2, 0x24, 0xf2,
    0x24, 0xf2, 0x24, 0xf2, 0x24, 0xf2, 0x24, 0xf2, 0x36, 0xf2, 0x89, 0xf4, 0x68, 0xf3, 0x25, 0xf2,
    0x25, 0xf2, 0x25, 0xf2, 0x25, 0xf2, 0x24, 0xf2, 0x24, 0xf2, 0x25, 0xf2, 0x24, 0xf2, 0x24, 0xf2,
    0x24, 0xf2, 0x24, 0xf2, 0x24, 0xf2, 0x24, 0xf2, 0x24, 0xf2, 0x24, 0xf2, 0x14, 0xf2, 0x24, 0xf2,
    0x24, 0xf2, 0x24, 0xf2, 0x24, 0xf2, 0x24, 0xf2, 0x14, 0xf2, 0x24, 0xf2, 0x14, 0xf2, 0x14, 0xf2,
    0x14, 0xf2, 0x24, 0xf2, 0x24, 0xf2, 0x13, 0xf1, 0x13, 0xf2, 0x14, 0xf2, 0x14, 0xf2, 0x13, 0xf2,
    0x13, 0xf1, 0x13, 0xf1, 0x13, 0xf1, 0x13, 0xf1, 0x13, 0xf1, 0x13, 0xf1, 0x13, 0xf1, 0x13, 0xf1,
    0x13, 0xf1, 0x13, 0xf1, 0x13, 0xf1, 0x13, 0xf1, 0x13, 0xf1, 0x13, 0xf1, 0x13, 0xf1, 0x13, 0xf1,
    0x13, 0xf1, 0x13, 0xf1, 0x13, 0xf1, 0x13, 0xf1, 0x13, 0xf1, 0x13, 0xf1, 0x13, 0xf1, 0x13, 0xf1,
    0x13, 0xf1, 0x13, 0xf1, 0x13, 0xf1, 0x13, 0xf1, 0x13, 0xf1, 0x13, 0xf1, 0x13, 0xf1, 0x13, 0xf1,
    0x13, 0xf1, 0x13, 0xf1, 0x13, 0xf1, 0x13, 0xf1, 0x13, 0xf1, 0x13, 0xf1, 0x13, 0xf1, 0x13, 0xf1,
    0x13, 0xf1, 0x13, 0xf1, 0x13, 0xf1, 0x13, 0xf1, 0x13, 0xf1, 0x13, 0xf1, 0x13, 0xf1, 0x13, 0xf1,
    0x26, 0xf2, 0x26, 0xf2, 0x26, 0xf2, 0x26, 0xf2, 0x26, 0xf2, 0x26, 0xf2, 0x26, 0xf2, 0x25, 0xf2,
    0x25, 0xf2, 0x25, 0xf2, 0x25, 0xf2, 0x25, 0xf2, 0x25, 0xf2, 0x25, 0xf2, 0x25, 0xf2, 0x25, 0xf2,
    0x25, 0xf2, 0x25, 0xf2, 0x25, 0xf2, 0x25, 0xf2, 0x25, 0xf2, 0x25, 0xf2, 0x25, 0xf2, 0x25, 0xf2,
    0x25, 0xf2, 0x25, 0xf2, 0x25, 0xf2, 0x25, 0xf2, 0x36, 0xf2, 0x26, 0xf2, 0x25, 0xf2, 0x25, 0xf2,
    0x25, 0xf2, 0x25, 0xf2, 0x25, 0xf2, 0x25, 0xf2, 0x25, 0xf2, 0x25, 0xf2, 0x25, 0xf2, 0x25, 0xf2,
    0x25, 0xf2, 0x25, 0xf2, 0x25, 0xf2, 0x25, 0xf2, 0x26, 0xf2, 0x25, 0xf2, 0x25, 0xf2, 0x36, 0xf2,
    0x26, 0xf2, 0x26, 0xf2, 0x25, 0xf2, 0x25, 0xf2, 0x25, 0xf2, 0x26, 0xf2, 0x26, 0xf2, 0x26, 0xf2,
    0x36, 0xf2, 0x26, 0xf2, 0x25, 0xf2, 0x25, 0xf2, 0x25, 0xf2, 0x25, 0xf2, 0x25, 0xf2, 0x25, 0xf2,
    0x25, 0xf2, 0x36, 0xf2, 0x25, 0xf2, 0x25, 0xf2, 0x25, 0xf2, 0x25, 0xf2, 0x25, 0xf2, 0x25, 0xf2,
    0x24, 0xf2, 0x25, 0xf2, 0x25, 0xf2, 0x25, 0xf2, 0x24, 0xf2, 0x24, 0xf2, 0x24, 0xf2, 0x24, 0xf2,
    0x24, 0xf2, 0x24, 0xf2, 0x24, 0xf2, 0x24, 0xf2, 0x24, 0xf2, 0x24, 0xf2, 0x24, 0xf2, 0x24, 0xf2,
    0x14, 0xf2, 0x24, 0xf2, 0x25, 0xf2, 0x24, 0xf2, 0x24, 0xf2, 0x24, 0xf2, 0x24, 0xf2, 0x24, 0xf2,
    0x24, 0xf2, 0x24, 0xf2, 0x24, 0xf2, 0x24, 0xf2, 0x25, 0xf2, 0x25, 0xf2, 0x25, 0xf2, 0x25, 0xf2,
    0x25, 0xf2, 0x25, 0xf2, 0x26, 0xf2, 0x25, 0xf2, 0x25, 0xf2, 0x25, 0xf2, 0x36, 0xf2, 0x36, 0xf2,
    0x25, 0xf2, 0x25, 0xf2, 0x25, 0xf2, 0x25, 0xf2, 0x25, 0xf2, 0x25, 0xf2, 0x25, 0xf2, 0x25, 0xf2,
    0x25, 0xf2, 0x25, 0xf2, 0x25, 0xf2, 0x25, 0xf2, 0x25, 0xf2, 0x25, 0xf2, 0x25, 0xf2, 0x25, 0xf2,
    0x25, 0xf2, 0x25, 0xf2, 0x25, 0xf2, 0x25, 0xf2, 0x25, 0xf2, 0x25, 0xf2, 0x25, 0xf2, 0x25, 0xf2,
    0x25, 0xf2, 0x25, 0xf2, 0x25, 0xf2, 0x25, 0xf2, 0x25, 0xf2, 0x25, 0xf2, 0x25, 0xf2, 0x24, 0xf2,
    0x25, 0xf2, 0x24, 0xf2, 0x24, 0xf2, 0x24, 0xf2, 0x25, 0xf2, 0x25, 0xf2, 0x25, 0xf2, 0x25, 0xf2,
    0x24, 0xf2, 0x24, 0xf2, 0x24, 0xf2, 0x25, 0xf2, 0x36, 0xf2, 0x68, 0xf3, 0x47, 0xf3, 0x25, 0xf2,
    0x58, 0xf3, 0x36, 0xf2, 0x24, 0xf2, 0x24, 0xf2, 0x25, 0xf2, 0x25, 0xf2, 0x25, 0xf2, 0x24, 0xf2,
    0x24, 0xf2, 0x24, 0xf2, 0x24, 0xf2, 0x14, 0xf2, 0x24, 0xf2, 0x14, 0xf2, 0x14, 0xf2, 0x24, 0xf2,
    0x24, 0xf2, 0x24, 0xf2, 0x24, 0xf2, 0x24, 0xf2, 0x14, 0xf2, 0x24, 0xf2, 0x14, 0xf2, 0x14, 0xf2,
    0x14, 0xf2, 0x14, 0xf2, 0x14, 0xf2, 0x14, 0xf2, 0x14, 0xf2, 0x14, 0xf2, 0x14, 0xf2, 0x14, 0xf2,
    0x13, 0xf2, 0x13, 0xf1, 0x13, 0xf1, 0x13, 0xf1, 0x13, 0xf1, 0x13, 0xf1, 0x13, 0xf1, 0x13, 0xf1,
    0x13, 0xf1, 0x13, 0xf1, 0x13, 0xf1, 0x13, 0xf1, 0x13, 0xf1, 0x13, 0xf1, 0x13, 0xf1, 0x13, 0xf1,
    0x13, 0xf2, 0x13, 0xf1, 0x13, 0xf1, 0x13, 0xf1, 0x13, 0xf1, 0x13, 0xf1, 0x13, 0xf1, 0x13, 0xf1,
    0x13, 0xf1, 0x13, 0xf1, 0x13, 0xf1, 0x13, 0xf1, 0x13, 0xf1, 0x13, 0xf1, 0x13, 0xf1, 0x13, 0xf1,
    0x13, 0xf1, 0x13, 0xf1, 0x13, 0xf1, 0x13, 0xf1, 0x13, 0xf1, 0x13, 0xf1, 0x13, 0xf1, 0x13, 0xf1,
    0x13, 0xf1, 0x13, 0xf1, 0x13, 0xf1, 0x13, 0xf1, 0x13, 0xf1, 0x13, 0xf1, 0x13, 0xf1, 0x13, 0xf1,
    0x26, 0xf2, 0x26, 0xf2, 0x26, 0xf2, 0x26, 0xf2, 0x26, 0xf2, 0x26, 0xf2, 0x26, 0xf2, 0x25, 0xf2,
    0x25, 0xf2, 0x25, 0xf2, 0x25, 0xf2, 0x25, 0xf2, 0x25, 0xf2, 0x25, 0xf2, 0x25, 0xf2, 0x25, 0xf2,
    0x25, 0xf2, 0x25, 0xf2, 0x25, 0xf2, 0x25, 0xf2, 0x25, 0xf2, 0x25, 0xf2, 0x25, 0xf2, 0x25, 0xf2,
    0x25, 0xf2, 0x25, 0xf2, 0x25, 0xf2, 0x25, 0xf2, 0x26, 0xf2, 0x26, 0xf2, 0x25, 0xf2, 0x25, 0xf2,
    0x25, 0xf2, 0x25, 0xf2, 0x25, 0xf2, 0x25, 0xf2, 0x25, 0xf2, 0x25, 0xf2, 0x25, 0xf2, 0x25, 0xf2,
    0x25, 0xf2, 0x25, 0xf2, 0x25, 0xf2, 0x25, 0xf2, 0x26, 0xf2, 0x25, 0xf2, 0x26, 0xf2, 0x26, 0xf2,
    0x36, 0xf2, 0x36, 0xf2, 0x26, 0xf2, 0x26, 0xf2, 0x26, 0xf2, 0x36, 0xf2, 0x47, 0xf2, 0x36, 0xf2,
    0x26, 0xf2, 0x36, 0xf2, 0x36, 0xf2, 0x25, 0xf2, 0x25, 0xf2, 0x25, 0xf2, 0x25, 0xf2, 0x25, 0xf2,
    0x25, 0xf2, 0x25, 0xf2, 0x25, 0xf2, 0x25, 0xf2, 0x25, 0xf2, 0x25, 0xf2, 0x25, 0xf2, 0x25, 0xf2,
    0x25, 0xf2, 0x25, 0xf2, 0x25, 0xf2, 0x25, 0xf2, 0x25, 0xf2, 0x25, 0xf2, 0x24, 0xf2, 0x25, 0xf2,
    0x24, 0xf2, 0x24, 0xf2, 0x24, 0xf2, 0x14, 0xf2, 0x14, 0xf2, 0x14, 0xf2, 0x24, 0xf2, 0x24, 0xf2,
    0x24, 0xf2, 0x24, 0xf2, 0x24, 0xf2, 0x24, 0xf2, 0x24, 0xf2, 0x24, 0xf2, 0x24, 0xf2, 0x24, 0xf2,
    0x24, 0xf2, 0x24, 0xf2, 0x24, 0xf2, 0x25, 0xf2, 0x25, 0xf2, 0x25, 0xf2, 0x25, 0xf2, 0x25, 0xf2,
    0x25, 0xf2, 0x26, 0xf2, 0x26, 0xf2, 0x25, 0xf2, 0x25, 0xf2, 0x25, 0xf2, 0x25, 0xf2, 0x25, 0xf2,
    0x25, 0xf2, 0x25, 0xf2, 0x25, 0xf2, 0x25, 0xf2, 0x25, 0xf2, 0x25, 0xf2, 0x25, 0xf2, 0x25, 0xf2,
    0x25, 0xf2, 0x25, 0xf2, 0x25, 0xf2, 0x25, 0xf2, 0x25, 0xf2, 0x25, 0xf2, 0x25, 0xf2, 0x25, 0xf2,
    0x25, 0xf2, 0x25, 0xf2, 0x25, 0xf2, 0x25, 0xf2, 0x25, 0xf2, 0x25, 0xf2, 0x25, 0xf2, 0x25, 0xf2,
    0x25, 0xf2, 0x25, 0xf2, 0x25, 0xf2, 0x25, 0xf2, 0x25, 0xf2, 0x25, 0xf2, 0x25, 0xf2, 0x24, 0xf2,
    0x25, 0xf2, 0x24, 0xf2, 0x24, 0xf2, 0x25, 0xf2, 0x25, 0xf2, 0x25, 0xf2, 0x25, 0xf2, 0x25, 0xf2,
    0x24, 0xf2, 0x24, 0xf2, 0x25, 0xf2, 0x25, 0xf2, 0x26, 0xf2, 0x25, 0xf2, 0x36, 0xf2, 0x25, 0xf2,
    0x36, 0xf2, 0x25, 0xf2, 0x25, 0xf2, 0x25, 0xf2, 0x25, 0xf2, 0x25, 0xf2, 0x25, 0xf2, 0x24, 0xf2,
    0x24, 0xf2, 0x25, 0xf2, 0x24, 0xf2, 0x24, 0xf2, 0x24, 0xf2, 0x24, 0xf2, 0x24, 0xf2, 0x24, 0xf2,
    0x24, 0xf2, 0x24, 0xf2, 0x24, 0xf2, 0x24, 0xf2, 0x24, 0xf2, 0x14, 0xf2, 0x24, 0xf2, 0x14, 0xf2,
    0x14, 0xf2, 0x24, 0xf2, 0x14, 0xf2, 0x14, 0xf2, 0x14, 0xf2, 0x14, 0xf2, 0x24, 0xf2, 0x14, 0xf2,
    0x14, 0xf2, 0x14, 0xf2, 0x13, 0xf1, 0x13, 0xf1, 0x13, 0xf1, 0x13, 0xf1, 0x13, 0xf1, 0x13, 0xf1,
    0x13, 0xf2, 0x13, 0xf1, 0x13, 0xf1, 0x13, 0xf1, 0x13, 0xf1, 0x13, 0xf1, 0x13, 0xf1, 0x13, 0xf1,
    0x13, 0xf1, 0x13, 0xf1, 0x13, 0xf1, 0x13, 0xf1, 0x13, 0xf1, 0x13, 0xf1, 0x13, 0xf1, 0x13, 0xf1,
    0x13, 0xf1, 0x13, 0xf1, 0x13, 0xf1, 0x13, 0xf1, 0x13, 0xf1, 0x13, 0xf1, 0x13, 0xf1, 0x13, 0xf1,
    0x13, 0xf1, 0x13, 0xf1, 0x13, 0xf1, 0x13, 0xf1, 0x13, 0xf1, 0x13, 0xf1, 0x13, 0xf1, 0x13, 0xf1,
    0x13, 0xf1, 0x13, 0xf1, 0x13, 0xf1, 0x13, 0xf1, 0x13, 0xf1, 0x13, 0xf1, 0x13, 0xf1, 0x13, 0xf1,
    0x26, 0xf2, 0x26, 0xf2, 0x26, 0xf2, 0x26, 0xf2, 0x26, 0xf2, 0x26, 0xf2, 0x26, 0xf2, 0x26, 0xf2,
    0x25, 0xf2, 0x25, 0xf2, 0x25, 0xf2, 0x25, 0xf2, 0x25, 0xf2, 0x25, 0xf2, 0x25, 0xf2, 0x25, 0xf2,
    0x25, 0xf2, 0x25, 0xf2, 0x25, 0xf2, 0x25, 0xf2, 0x25, 0xf2, 0x25, 0xf2, 0x25, 0xf2, 0x25, 0xf2,
    0x25, 0xf2, 0x25, 0xf2, 0x25, 0xf2, 0x25, 0xf2, 0x25, 0xf2, 0x25, 0xf2, 0x25, 0xf2, 0x25, 0xf2,
    0x25, 0xf2, 0x25, 0xf2, 0x25, 0xf2, 0x25, 0xf2, 0x25, 0xf2, 0x25, 0xf2, 0x25, 0xf2, 0x25, 0xf2,
    0x25, 0xf2, 0x25, 0xf2, 0x25, 0xf2, 0x26, 0xf2, 0x26, 0xf2, 0x26, 0xf2, 0x26, 0xf2, 0x36, 0xf2,
    0x47, 0xf3, 0x57, 0xf3, 0x47, 0xf2, 0x36, 0xf2, 0x36, 0xf2, 0x57, 0xf3, 0x79, 0xf4, 0x47, 0xf3,
    0x26, 0xf2, 0x26, 0xf2, 0x36, 0xf2, 0x25, 0xf2, 0x25, 0xf2, 0x25, 0xf2, 0x25, 0xf2, 0x25, 0xf2,
    0x25, 0xf2, 0x25, 0xf2, 0x25, 0xf2, 0x25, 0xf2, 0x25, 0xf2, 0x25, 0xf2, 0x25, 0xf2, 0x25, 0xf2,
    0x25, 0xf2, 0x25, 0xf2, 0x25, 0xf2, 0x36, 0xf2, 0x25, 0xf2, 0x25, 0xf2, 0x24, 0xf2, 0x25, 0xf2,
    0x24, 0xf2, 0x24, 0xf2, 0x24, 0xf2, 0x14, 0xf2, 0x14, 0xf2, 0x14, 0xf2, 0x24, 0xf2, 0x24, 0xf2,
    0x24, 0xf2, 0x24, 0xf2, 0x24, 0xf2, 0x24, 0xf2, 0x24, 0xf2, 0x24, 0xf2, 0x24, 0xf2, 0x25, 0xf2,
    0x24, 0xf2, 0x24, 0xf2, 0x24, 0xf2, 0x25, 0xf2, 0x25, 0xf2, 0x25, 0xf2, 0x25, 0xf2, 0x25, 0xf2,
    0x25, 0xf2, 0x36, 0xf2, 0x36, 0xf2, 0x25, 0xf2, 0x25, 0xf2, 0x25, 0xf2, 0x25, 0xf2, 0x25, 0xf2,
    0x25, 0xf2, 0x25, 0xf2, 0x25, 0xf2, 0x25, 0xf2, 0x25, 0xf2, 0x25, 0xf2, 0x25, 0xf2, 0x25, 0xf2,
    0x25, 0xf2, 0x25, 0xf2, 0x25, 0xf2, 0x25, 0xf2, 0x25, 0xf2, 0x25, 0xf2, 0x25, 0xf2, 0x25, 0xf2,
    0x25, 0xf2, 0x25, 0xf2, 0x25, 0xf2, 0x25, 0xf2, 0x25, 0xf2, 0x25, 0xf2, 0x25, 0xf2, 0x25, 0xf2,
    0x25, 0xf2, 0x25, 0xf2, 0x25, 0xf2, 0x25, 0xf2, 0x25, 0xf2, 0x25, 0xf2, 0x25, 0xf2, 0x24, 0xf2,
    0x25, 0xf2, 0x24, 0xf2, 0x24, 0xf2, 0x25, 0xf2, 0x24, 0xf2, 0x25, 0xf2, 0x25, 0xf2, 0x25, 0xf2,
    0x24, 0xf2, 0x24, 0xf2, 0x25, 0xf2, 0x25, 0xf2, 0x25, 0xf2, 0x25, 0xf2, 0x25, 0xf2, 0x25, 0xf2,
    0x25, 0xf2, 0x25, 0xf2, 0x25, 0xf2, 0x25, 0xf2, 0x25, 0xf2, 0x25, 0xf2, 0x24, 0xf2, 0x24, 0xf2,
    0x24, 0xf2, 0x24, 0xf2, 0x24, 0xf2, 0x24, 0xf2, 0x24, 0xf2, 0x24, 0xf2, 0x24, 0xf2, 0x24, 0xf2,
    0x24, 0xf2, 0x14, 0xf2, 0x14, 0xf2, 0x24, 0xf2, 0x24, 0xf2, 0x24, 0xf2, 0x24, 0xf2, 0x24, 0xf2,
    0x24, 0xf2, 0x14, 0xf2, 0x14, 0xf2, 0x14, 0xf2, 0x14, 0xf2, 0x14, 0xf2, 0x24, 0xf2, 0x24, 0xf2,
    0x14, 0xf2, 0x14, 0xf2, 0x14, 0xf2, 0x13, 0xf1, 0x13, 0xf1, 0x13, 0xf1, 0x13, 0xf1, 0x13, 0xf1,
    0x13, 0xf1, 0x13, 0xf1, 0x13, 0xf1, 0x13, 0xf1, 0x13, 0xf1, 0x13, 0xf1, 0x13, 0xf1, 0x13, 0xf1,
    0x13, 0xf1, 0x13, 0xf1, 0x13, 0xf1, 0x13, 0xf1, 0x13, 0xf1, 0x13, 0xf1, 0x13, 0xf1, 0x13, 0xf1,
    0x13, 0xf1, 0x13, 0xf1, 0x13, 0xf1, 0x13, 0xf1, 0x13, 0xf1, 0x13, 0xf1, 0x13, 0xf1, 0x13, 0xf1,
    0x13, 0xf1, 0x13, 0xf1, 0x13, 0xf1, 0x13, 0xf1, 0x13, 0xf1, 0x13, 0xf1, 0x13, 0xf1, 0x13, 0xf1,
    0x13, 0xf1, 0x13, 0xf1, 0x13, 0xf1, 0x13, 0xf1, 0x13, 0xf1, 0x13, 0xf1, 0x13, 0xf1, 0x13, 0xf1,
    0x26, 0xf2, 0x26, 0xf2, 0x26, 0xf2, 0x26, 0xf2, 0x26, 0xf2, 0x26, 0xf2, 0x26, 0xf2, 0x25, 0xf2,
    0x25, 0xf2, 0x25, 0xf2, 0x25, 0xf2, 0x25, 0xf2, 0x25, 0xf2, 0x25, 0xf2, 0x25, 0xf2, 0x25, 0xf2,
    0x25, 0xf2, 0x25, 0xf2, 0x25, 0xf2, 0x25, 0xf2, 0x25, 0xf2, 0x25, 0xf2, 0x25, 0xf2, 0x25, 0xf2,
    0x25, 0xf2, 0x25, 0xf2, 0x25, 0xf2, 0x25, 0xf2, 0x25, 0xf2, 0x25, 0xf2, 0x25, 0xf2, 0x25, 0xf2,
    0x25, 0xf2, 0x25, 0xf2, 0x25, 0xf2, 0x25, 0xf2, 0x25, 0xf2, 0x26, 0xf2, 0x25, 0xf2, 0x25, 0xf2,
    0x26, 0xf2, 0x26, 0xf2, 0x26, 0xf2, 0x26, 0xf2, 0x26, 0xf2, 0x26, 0xf2, 0x26, 0xf2, 0x36, 0xf2,
    0x68, 0xf3, 0x89, 0xf5, 0x68, 0xf3, 0x36, 0xf2, 0x26, 0xf2, 0x47, 0xf2, 0x58, 0xf3, 0x36, 0xf2,
    0x25, 0xf2, 0x25, 0xf2, 0x25, 0xf2, 0x25, 0xf2, 0x25, 0xf2, 0x25, 0xf2, 0x25, 0xf2, 0x25, 0xf2,
    0x25, 0xf2, 0x25, 0xf2, 0x25, 0xf2, 0x25, 0xf2, 0x25, 0xf2, 0x25, 0xf2, 0x25, 0xf2, 0x25, 0xf2,
    0x25, 0xf2, 0x25, 0xf2, 0x36, 0xf2, 0x47, 0xf2, 0x25, 0xf2, 0x25, 0xf2, 0x24, 0xf2, 0x25, 0xf2,
    0x24, 0xf2, 0x24, 0xf2, 0x24, 0xf2, 0x24, 0xf2, 0x14, 0xf2, 0x24, 0xf2, 0x24, 0xf2, 0x24, 0xf2,
    0x24, 0xf2, 0x24, 0xf2, 0x24, 0xf2, 0x24, 0xf2, 0x24, 0xf2, 0x24, 0xf2, 0x25, 0xf2, 0x25, 0xf2,
    0x25, 0xf2, 0x25, 0xf2, 0x25, 0xf2, 0x25, 0xf2, 0x25, 0xf2, 0x25, 0xf2, 0x25, 0xf2, 0x25, 0xf2,
    0x25, 0xf2, 0x26, 0xf2, 0x36, 0xf2, 0x25, 0xf2, 0x25, 0xf2, 0x25, 0xf2, 0x25, 0xf2, 0x25, 0xf2,
    0x25, 0xf2, 0x25, 0xf2, 0x25, 0xf2, 0x25, 0xf2, 0x26, 0xf2, 0x26, 0xf2, 0x25, 0xf2, 0x25, 0xf2,
    0x25, 0xf2, 0x36, 0xf2, 0x36, 0xf2, 0x35, 0xf2, 0x25, 0xf2, 0x25, 0xf2, 0x25, 0xf2, 0x25, 0xf2,
    0x25, 0xf2, 0x25, 0xf2, 0x25, 0xf2, 0x25, 0xf2, 0x25, 0xf2, 0x25, 0xf2, 0x25, 0xf2, 0x25, 0xf2,
    0x25, 0xf2, 0x25, 0xf2, 0x25, 0xf2, 0x25, 0xf2, 0x25, 0xf2, 0x25, 0xf2, 0x25, 0xf2, 0x25, 0xf2,
    0x24, 0xf2, 0x24, 0xf2, 0x24, 0xf2, 0x24, 0xf2, 0x24, 0xf2, 0x25, 0xf2, 0x25, 0xf2, 0x25, 0xf2,
    0x24, 0xf2, 0x25, 0xf2, 0x25, 0xf2, 0x25, 0xf2, 0x25, 0xf2, 0x25, 0xf2, 0x25, 0xf2, 0x25, 0xf2,
    0x25, 0xf2, 0x25, 0xf2, 0x25, 0xf2, 0x25, 0xf2, 0x25, 0xf2, 0x25, 0xf2, 0x24, 0xf2, 0x24, 0xf2,
    0x24, 0xf2, 0x24, 0xf2, 0x25, 0xf2, 0x24, 0xf2, 0x24, 0xf2, 0x24, 0xf2, 0x24, 0xf2, 0x24, 0xf2,
    0x24, 0xf2, 0x24, 0xf2, 0x24, 0xf2, 0x24, 0xf2, 0x57, 0xf3, 0x46, 0xf2, 0x24, 0xf2, 0x24, 0xf2,
    0x24, 0xf2, 0x24, 0xf2, 0x14, 0xf2, 0x14, 0xf2, 0x14, 0xf2, 0x14, 0xf2, 0x14, 0xf2, 0x14, 0xf2,
    0x14, 0xf2, 0x14, 0xf2, 0x14, 0xf2, 0x13, 0xf2, 0x13, 0xf1, 0x13, 0xf1, 0x13, 0xf1, 0x13, 0xf1,
    0x13, 0xf2, 0x13, 0xf2, 0x13, 0xf1, 0x13, 0xf1, 0x13, 0xf1, 0x13, 0xf1, 0x13, 0xf1, 0x13, 0xf1,
    0x13, 0xf1, 0x13, 0xf1, 0x13, 0xf1, 0x13, 0xf1, 0x13, 0xf1, 0x13, 0xf1, 0x13, 0xf1, 0x13, 0xf1,
    0x13, 0xf1, 0x13, 0xf1, 0x13, 0xf1, 0x13, 0xf1, 0x13, 0xf1, 0x13, 0xf1, 0x13, 0xf1, 0x13, 0xf1,
    0x13, 0xf1, 0x13, 0xf1, 0x13, 0xf1, 0x13, 0xf1, 0x13, 0xf1, 0x13, 0xf1, 0x13, 0xf1, 0x13, 0xf1,
    0x13, 0xf1, 0x13, 0xf1, 0x13, 0xf1, 0x13, 0xf1, 0x13, 0xf1, 0x13, 0xf1, 0x13, 0xf1, 0x13, 0xf1,
    0x26, 0xf2, 0x26, 0xf2, 0x26, 0xf2, 0x26, 0xf2, 0x26, 0xf2, 0x26, 0xf2, 0x26, 0xf2, 0x26, 0xf2,
    0x25, 0xf2, 0x25, 0xf2, 0x25, 0xf2, 0x25, 0xf2, 0x25, 0xf2, 0x25, 0xf2, 0x25, 0xf2, 0x25, 0xf2,
    0x25, 0xf2, 0x25, 0xf2, 0x25, 0xf2, 0x25, 0xf2, 0x25, 0xf2, 0x25, 0xf2, 0x25, 0xf2, 0x25, 0xf2,
    0x25, 0xf2, 0x25, 0xf2, 0x25, 0xf2, 0x25, 0xf2, 0x25, 0xf2, 0x25, 0xf2, 0x25, 0xf2, 0x25, 0xf2,
    0x25, 0xf2, 0x25, 0xf2, 0x26, 0xf2, 0x25, 0xf2, 0x25, 0xf2, 0x25, 0xf2, 0x25, 0xf2, 0x25, 0xf2,
    0x26, 0xf2, 0x26, 0xf2, 0x36, 0xf2, 0x26, 0xf2, 0x26, 0xf2, 0x26, 0xf2, 0x26, 0xf2, 0x37, 0xf2,
    0x58, 0xf3, 0x78, 0xf4, 0x58, 0xf3, 0x36, 0xf2, 0x26, 0xf2, 0x26, 0xf2, 0x26, 0xf2, 0x25, 0xf2,
    0x25, 0xf2, 0x25, 0xf2, 0x25, 0xf2, 0x25, 0xf2, 0x25, 0xf2, 0x25, 0xf2, 0x25, 0xf2, 0x25, 0xf2,
    0x25, 0xf2, 0x25, 0xf2, 0x25, 0xf2, 0x25, 0xf2, 0x25, 0xf2, 0x25, 0xf2, 0x25, 0xf2, 0x25, 0xf2,
    0x25, 0xf2, 0x25, 0xf2, 0x25, 0xf2, 0x25, 0xf2, 0x25, 0xf2, 0x25, 0xf2, 0x24, 0xf2, 0x24, 0xf2,
    0x24, 0xf2, 0x24, 0xf2, 0x24, 0xf2, 0x24, 0xf2, 0x24, 0xf2, 0x24, 0xf2, 0x24, 0xf2, 0x24, 0xf2,
    0x24, 0xf2, 0x24, 0xf2, 0x24, 0xf2, 0x24, 0xf2, 0x24, 0xf2, 0x25, 0xf2, 0x25, 0xf2, 0x25, 0xf2,
    0x25, 0xf2, 0x25, 0xf2, 0x25, 0xf2, 0x25, 0xf2, 0x25, 0xf2, 0x25, 0xf2, 0x25, 0xf2, 0x25, 0xf2,
    0x25, 0xf2, 0x25, 0xf2, 0x25, 0xf2, 0x25, 0xf2, 0x25, 0xf2, 0x25, 0xf2, 0x25, 0xf2, 0x25, 0xf2,
    0x25, 0xf2, 0x25, 0xf2, 0x25, 0xf2, 0x26, 0xf2, 0x36, 0xf2, 0x36, 0xf2, 0x25, 0xf2, 0x25, 0xf2,
    0x36, 0xf2, 0x58, 0xf3, 0x57, 0xf3, 0x36, 0xf2, 0x25, 0xf2, 0x25, 0xf2, 0x25, 0xf2, 0x25, 0xf2,
    0x25, 0xf2, 0x25, 0xf2, 0x25, 0xf2, 0x25, 0xf2, 0x25, 0xf2, 0x25, 0xf2, 0x25, 0xf2, 0x25, 0xf2,
    0x25, 0xf2, 0x25, 0xf2, 0x25, 0xf2, 0x25, 0xf2, 0x25, 0xf2, 0x25, 0xf2, 0x25, 0xf2, 0x25, 0xf2,
    0x24, 0xf2, 0x24, 0xf2, 0x24, 0xf2, 0x24, 0xf2, 0x24, 0xf2, 0x25, 0xf2, 0x25, 0xf2, 0x25, 0xf2,
    0x25, 0xf2, 0x25, 0xf2, 0x36, 0xf2, 0x25, 0xf2, 0x25, 0xf2, 0x25, 0xf2, 0x25, 0xf2, 0x25, 0xf2,
    0x25, 0xf2, 0x25, 0xf2, 0x25, 0xf2, 0x25, 0xf2, 0x25, 0xf2, 0x25, 0xf2, 0x25, 0xf2, 0x24, 0xf2,
    0x24, 0xf2, 0x24, 0xf2, 0x25, 0xf2, 0x25, 0xf2, 0x24, 0xf2, 0x24, 0xf2, 0x24, 0xf2, 0x24, 0xf2,
    0x24, 0xf2, 0x24, 0xf2, 0x24, 0xf2, 0x24, 0xf2, 0x57, 0xf3, 0x57, 0xf3, 0x24, 0xf2, 0x24, 0xf2,
    0x24, 0xf2, 0x24, 0xf2, 0x24, 0xf2, 0x14, 0xf2, 0x14, 0xf2, 0x14, 0xf2, 0x14, 0xf2, 0x14, 0xf2,
    0x14, 0xf2, 0x14, 0xf2, 0x14, 0xf2, 0x13, 0xf2, 0x13, 0xf2, 0x24, 0xf2, 0x24, 0xf2, 0x13, 0xf1,
    0x13, 0xf1, 0x13, 0xf2, 0x13, 0xf1, 0x13, 0xf1, 0x13, 0xf1, 0x13, 0xf1, 0x13, 0xf1, 0x13, 0xf1,
    0x13, 0xf1, 0x13, 0xf1, 0x13, 0xf1, 0x13, 0xf1, 0x13, 0xf1, 0x13, 0xf1, 0x13, 0xf1, 0x13, 0xf1,
    0x13, 0xf1, 0x13, 0xf1, 0x13, 0xf1, 0x13, 0xf1, 0x13, 0xf1, 0x13, 0xf1, 0x13, 0xf1, 0x13, 0xf1,
    0x13, 0xf1, 0x13, 0xf1, 0x13, 0xf1, 0x13, 0xf1, 0x13, 0xf1, 0x13, 0xf1, 0x13, 0xf1, 0x13, 0xf1,
    0x13, 0xf1, 0x13, 0xf1, 0x13, 0xf1, 0x13, 0xf1, 0x13, 0xf1, 0x13, 0xf1, 0x13, 0xf1, 0x13, 0xf1,
    0x26, 0xf2, 0x26, 0xf2, 0x26, 0xf2, 0x26, 0xf2, 0x26, 0xf2, 0x26, 0xf2, 0x26, 0xf2, 0x26, 0xf2,
    0x26, 0xf2, 0x26, 0xf2, 0x25, 0xf2, 0x25, 0xf2, 0x25, 0xf2, 0x25, 0xf2, 0x25, 0xf2, 0x25, 0xf2,
    0x25, 0xf2, 0x25, 0xf2, 0x25, 0xf2, 0x25, 0xf2, 0x25, 0xf2, 0x25, 0xf2, 0x25, 0xf2, 0x25, 0xf2,
    0x25, 0xf2, 0x25, 0xf2, 0x25, 0xf2, 0x25, 0xf2, 0x25, 0xf2, 0x25, 0xf2, 0x25, 0xf2, 0x25, 0xf2,
    0x26, 0xf2, 0x26, 0xf2, 0x26, 0xf2, 0x25, 0xf2, 0x25, 0xf2, 0x25, 0xf2, 0x25, 0xf2, 0x26, 0xf2,
    0x26, 0xf2, 0x26, 0xf2, 0x26, 0xf2, 0x26, 0xf2, 0x26, 0xf2, 0x26, 0xf2, 0x26, 0xf2, 0x36, 0xf2,
    0x37, 0xf2, 0x47, 0xf2, 0x37, 0xf2, 0x36, 0xf2, 0x26, 0xf2, 0x25, 0xf2, 0x25, 0xf2, 0x25, 0xf2,
    0x25, 0xf2, 0x25, 0xf2, 0x25, 0xf2, 0x25, 0xf2, 0x25, 0xf2, 0x25, 0xf2, 0x25, 0xf2, 0x25, 0xf2,
    0x25, 0xf2, 0x25, 0xf2, 0x25, 0xf2, 0x25, 0xf2, 0x25, 0xf2, 0x25, 0xf2, 0x25, 0xf2, 0x25, 0xf2,
    0x25, 0xf2, 0x25, 0xf2, 0x25, 0xf2, 0x25, 0xf2, 0x25, 0xf2, 0x25, 0xf2, 0x24, 0xf2, 0x24, 0xf2,
    0x24, 0xf2, 0x24, 0xf2, 0x24, 0xf2, 0x24, 0xf2, 0x24, 0xf2, 0x24, 0xf2, 0x24, 0xf2, 0x24, 0xf2,
    0x25, 0xf2, 0x24, 0xf2, 0x24, 0xf2, 0x24, 0xf2, 0x25, 0xf2, 0x25, 0xf2, 0x25, 0xf2, 0x25, 0xf2,
    0x25, 0xf2, 0x25, 0xf2, 0x25, 0xf2, 0x25, 0xf2, 0x25, 0xf2, 0x25, 0xf2, 0x25, 0xf2, 0x25, 0xf2,
    0x25, 0xf2, 0x25, 0xf2, 0x25, 0xf2, 0x25, 0xf2, 0x25, 0xf2, 0x25, 0xf2, 0x25, 0xf2, 0x25, 0xf2,
    0x36, 0xf2, 0x26, 0xf2, 0x26, 0xf2, 0x25, 0xf2, 0x25, 0xf2, 0x25, 0xf2, 0x25, 0xf2, 0x25, 0xf2,
    0x46, 0xf2, 0x89, 0xf5, 0x68, 0xf3, 0x36, 0xf2, 0x26, 0xf2, 0x25, 0xf2, 0x35, 0xf2, 0x25, 0xf2,
    0x25, 0xf2, 0x25, 0xf2, 0x25, 0xf2, 0x25, 0xf2, 0x25, 0xf2, 0x25, 0xf2, 0x25, 0xf2, 0x25, 0xf2,
    0x26, 0xf2, 0x25, 0xf2, 0x25, 0xf2, 0x25, 0xf2, 0x25, 0xf2, 0x25, 0xf2, 0x25, 0xf2, 0x25, 0xf2,
    0x24, 0xf2, 0x24, 0xf2, 0x24, 0xf2, 0x24, 0xf2, 0x25, 0xf2, 0x25, 0xf2, 0x25, 0xf2, 0x25, 0xf2,
    0x25, 0xf2, 0x25, 0xf2, 0x25, 0xf2, 0x25, 0xf2, 0x36, 0xf2, 0x26, 0xf2, 0x36, 0xf2, 0x36, 0xf2,
    0x35, 0xf2, 0x25, 0xf2, 0x25, 0xf2, 0x25, 0xf2, 0x25, 0xf2, 0x25, 0xf2, 0x25, 0xf2, 0x25, 0xf2,
    0x24, 0xf2, 0x25, 0xf2, 0x25, 0xf2, 0x24, 0xf2, 0x24, 0xf2, 0x24, 0xf2, 0x25, 0xf2, 0x25, 0xf2,
    0x24, 0xf2, 0x24, 0xf2, 0x24, 0xf2, 0x24, 0xf2, 0x25, 0xf2, 0x24, 0xf2, 0x24, 0xf2, 0x24, 0xf2,
    0x24, 0xf2, 0x24, 0xf2, 0x24, 0xf2, 0x14, 0xf2, 0x24, 0xf2, 0x14, 0xf2, 0x24, 0xf2, 0x14, 0xf2,
    0x14, 0xf2, 0x14, 0xf2, 0x24, 0xf2, 0x13, 0xf2, 0x14, 0xf2, 0x14, 0xf2, 0x14, 0xf2, 0x13, 0xf1,
    0x13, 0xf2, 0x14, 0xf2, 0x13, 0xf1, 0x13, 0xf1, 0x13, 0xf1, 0x13, 0xf1, 0x13, 0xf1, 0x13, 0xf1,
    0x13, 0xf1, 0x13, 0xf1, 0x14, 0xf2, 0x13, 0xf1, 0x13, 0xf1, 0x13, 0xf1, 0x13, 0xf1, 0x13, 0xf1,
    0x13, 0xf1, 0x13, 0xf1, 0x13, 0xf1, 0x13, 0xf1, 0x13, 0xf1, 0x13, 0xf1, 0x13, 0xf1, 0x13, 0xf1,
    0x13, 0xf1, 0x13, 0xf1, 0x13, 0xf1, 0x13, 0xf1, 0x13, 0xf1, 0x13, 0xf1, 0x13, 0xf1, 0x13, 0xf1,
    0x13, 0xf1, 0x13, 0xf1, 0x13, 0xf1, 0x13, 0xf1, 0x13, 0xf1, 0x13, 0xf1, 0x13, 0xf1, 0x13, 0xf1,
    0x26, 0xf2, 0x26, 0xf2, 0x26, 0xf2, 0x26, 0xf2, 0x26, 0xf2, 0x26, 0xf2, 0x26, 0xf2, 0x26, 0xf2,
    0x26, 0xf2, 0x26, 0xf2, 0x25, 0xf2, 0x25, 0xf2, 0x25, 0xf2, 0x25, 0xf2, 0x25, 0xf2, 0x25, 0xf2,
    0x25, 0xf2, 0x25, 0xf2, 0x25, 0xf2, 0x25, 0xf2, 0x25, 0xf2, 0x25, 0xf2, 0x25, 0xf2, 0x25, 0xf2,
    0x25, 0xf2, 0x25, 0xf2, 0x25, 0xf2, 0x25, 0xf2, 0x25, 0xf2, 0x25, 0xf2, 0x25, 0xf2, 0x26, 0xf2,
    0x26, 0xf2, 0x26, 0xf2, 0x26, 0xf2, 0x26, 0xf2, 0x26, 0xf2, 0x26, 0xf2, 0x26, 0xf2, 0x26, 0xf2,
    0x26, 0xf2, 0x26, 0xf2, 0x26, 0xf2, 0x26, 0xf2, 0x26, 0xf2, 0x36, 0xf2, 0x36, 0xf2, 0x26, 0xf2,
    0x26, 0xf2, 0x26, 0xf2, 0x26, 0xf2, 0x26, 0xf2, 0x26, 0xf2, 0x26, 0xf2, 0x25, 0xf2, 0x25, 0xf2,
    0x25, 0xf2, 0x25, 0xf2, 0x25, 0xf2, 0x25, 0xf2, 0x25, 0xf2, 0x25, 0xf2, 0x25, 0xf2, 0x25, 0xf2,
    0x25, 0xf2, 0x25, 0xf2, 0x25, 0xf2, 0x25, 0xf2, 0x25, 0xf2, 0x25, 0xf2, 0x25, 0xf2, 0x25, 0xf2,
    0x25, 0xf2, 0x25, 0xf2, 0x25, 0xf2, 0x25, 0xf2, 0x24, 0xf2, 0x24, 0xf2, 0x24, 0xf2, 0x25, 0xf2,
    0x25, 0xf2, 0x24, 0xf2, 0x24, 0xf2, 0x24, 0xf2, 0x24, 0xf2, 0x24, 0xf2, 0x24, 0xf2, 0x24, 0xf2,
    0x25, 0xf2, 0x25, 0xf2, 0x25, 0xf2, 0x25, 0xf2, 0x25, 0xf2, 0x25, 0xf2, 0x25, 0xf2, 0x25, 0xf2,
    0x25, 0xf2, 0x25, 0xf2, 0x25, 0xf2, 0x25, 0xf2, 0x25, 0xf2, 0x25, 0xf2, 0x25, 0xf2, 0x26, 0xf2,
    0x25, 0xf2, 0x25, 0xf2, 0x25, 0xf2, 0x25, 0xf2, 0x25, 0xf2, 0x25, 0xf2, 0x25, 0xf2, 0x26, 0xf2,
    0x26, 0xf2, 0x26, 0xf2, 0x25, 0xf2, 0x25, 0xf2, 0x25, 0xf2, 0x25, 0xf2, 0x25, 0xf2, 0x25, 0xf2,
    0x36, 0xf2, 0x47, 0xf2, 0x47, 0xf2, 0x36, 0xf2, 0x36, 0xf2, 0x36, 0xf2, 0x25, 0xf2, 0x25, 0xf2,
    0x25, 0xf2, 0x25, 0xf2, 0x25, 0xf2, 0x25, 0xf2, 0x25, 0xf2, 0x25, 0xf2, 0x25, 0xf2, 0x26, 0xf2,
    0x25, 0xf2, 0x25, 0xf2, 0x25, 0xf2, 0x25, 0xf2, 0x25, 0xf2, 0x24, 0xf2, 0x24, 0xf2, 0x25, 0xf2,
    0x25, 0xf2, 0x24, 0xf2, 0x24, 0xf2, 0x24, 0xf2, 0x25, 0xf2, 0x25, 0xf2, 0x25, 0xf2, 0x25, 0xf2,
    0x25, 0xf2, 0x25, 0xf2, 0x25, 0xf2, 0x25, 0xf2, 0x25, 0xf2, 0x36, 0xf2, 0x26, 0xf2, 0x25, 0xf2,
    0x25, 0xf2, 0x25, 0xf2, 0x25, 0xf2, 0x25, 0xf2, 0x25, 0xf2, 0x25, 0xf2, 0x25, 0xf2, 0x25, 0xf2,
    0x25, 0xf2, 0x25, 0xf2, 0x25, 0xf2, 0x24, 0xf2, 0x24, 0xf2, 0x24, 0xf2, 0x24, 0xf2, 0x25, 0xf2,
    0x24, 0xf2, 0x24, 0xf2, 0x24, 0xf2, 0x24, 0xf2, 0x24, 0xf2, 0x24, 0xf2, 0x24, 0xf2, 0x24, 0xf2,
    0x24, 0xf2, 0x24, 0xf2, 0x24, 0xf2, 0x24, 0xf2, 0x24, 0xf2, 0x24, 0xf2, 0x14, 0xf2, 0x14, 0xf2,
    0x14, 0xf2, 0x24, 0xf2, 0x24, 0xf2, 0x14, 0xf2, 0x14, 0xf2, 0x24, 0xf2, 0x24, 0xf2, 0x14, 0xf2,
    0x14, 0xf2, 0x14, 0xf2, 0x14, 0xf2, 0x13, 0xf1, 0x13, 0xf1, 0x13, 0xf1, 0x13, 0xf1, 0x13, 0xf1,
    0x13, 0xf1, 0x13, 0xf1, 0x35, 0xf2, 0x24, 0xf2, 0x13, 0xf1, 0x13, 0xf1, 0x13, 0xf1, 0x13, 0xf1,
    0x13, 0xf1, 0x13, 0xf1, 0x13, 0xf1, 0x13, 0xf1, 0x13, 0xf1, 0x13, 0xf1, 0x13, 0xf1, 0x13, 0xf1,
    0x13, 0xf1, 0x13, 0xf1, 0x13, 0xf1, 0x13, 0xf1, 0x13, 0xf1, 0x13, 0xf1, 0x13, 0xf1, 0x13, 0xf1,
    0x13, 0xf1, 0x13, 0xf1, 0x13, 0xf1, 0x13, 0xf1, 0x13, 0xf1, 0x13, 0xf1, 0x13, 0xf1, 0x13, 0xf1,
    0x26, 0xf2, 0x26, 0xf2, 0x27, 0xf2, 0x37, 0xf2, 0x36, 0xf2, 0x26, 0xf2, 0x26, 0xf2, 0x26, 0xf2,
    0x26, 0xf2, 0x26, 0xf2, 0x25, 0xf2, 0x25, 0xf2, 0x25, 0xf2, 0x25, 0xf2, 0x25, 0xf2, 0x25, 0xf2,
    0x25, 0xf2, 0x25, 0xf2, 0x25, 0xf2, 0x26, 0xf2, 0x25, 0xf2, 0x25, 0xf2, 0x25, 0xf2, 0x25, 0xf2,
    0x25, 0xf2, 0x25, 0xf2, 0x25, 0xf2, 0x25, 0xf2, 0x25, 0xf2, 0x25, 0xf2, 0x26, 0xf2, 0x26, 0xf2,
    0x26, 0xf2, 0x26, 0xf2, 0x26, 0xf2, 0x25, 0xf2, 0x25, 0xf2, 0x25, 0xf2, 0x26, 0xf2, 0x26, 0xf2,
    0x26, 0xf2, 0x26, 0xf2, 0x26, 0xf2, 0x26, 0xf2, 0x26, 0xf2, 0x36, 0xf2, 0x26, 0xf2, 0x26, 0xf2,
    0x26, 0xf2, 0x26, 0xf2, 0x26, 0xf2, 0x36, 0xf2, 0x36, 0xf2, 0x26, 0xf2, 0x26, 0xf2, 0x26, 0xf2,
    0x25, 0xf2, 0x25, 0xf2, 0x25, 0xf2, 0x25, 0xf2, 0x25, 0xf2, 0x25, 0xf2, 0x25, 0xf2, 0x25, 0xf2,
    0x25, 0xf2, 0x26, 0xf2, 0x25, 0xf2, 0x25, 0xf2, 0x25, 0xf2, 0x25, 0xf2, 0x25, 0xf2, 0x25, 0xf2,
    0x25, 0xf2, 0x25, 0xf2, 0x25, 0xf2, 0x25, 0xf2, 0x24, 0xf2, 0x24, 0xf2, 0x24, 0xf2, 0x25, 0xf2,
    0x24, 0xf2, 0x24, 0xf2, 0x24, 0xf2, 0x24, 0xf2, 0x24, 0xf2, 0x24, 0xf2, 0x24, 0xf2, 0x24, 0xf2,
    0x25, 0xf2, 0x25, 0xf2, 0x25, 0xf2, 0x25, 0xf2, 0x25, 0xf2, 0x25, 0xf2, 0x25, 0xf2, 0x25, 0xf2,
    0x25, 0xf2, 0x25, 0xf2, 0x25, 0xf2, 0x25, 0xf2, 0x25, 0xf2, 0x25, 0xf2, 0x25, 0xf2, 0x25, 0xf2,
    0x25, 0xf2, 0x25, 0xf2, 0x25, 0xf2, 0x26, 0xf2, 0x25, 0xf2, 0x25, 0xf2, 0x25, 0xf2, 0x25, 0xf2,
    0x25, 0xf2, 0x25, 0xf2, 0x25, 0xf2, 0x26, 0xf2, 0x25, 0xf2, 0x25, 0xf2, 0x26, 0xf2, 0x25, 0xf2,
    0x26, 0xf2, 0x36, 0xf2, 0x36, 0xf2, 0x36, 0xf2, 0x26, 0xf2, 0x25, 0xf2, 0x25, 0xf2, 0x25, 0xf2,
    0x25, 0xf2, 0x25, 0xf2, 0x25, 0xf2, 0x26, 0xf2, 0x25, 0xf2, 0x25, 0xf2, 0x26, 0xf2, 0x36, 0xf2,
    0x36, 0xf2, 0x25, 0xf2, 0x25, 0xf2, 0x25, 0xf2, 0x25, 0xf2, 0x24, 0xf2, 0x25, 0xf2, 0x25, 0xf2,
    0x25, 0xf2, 0x25, 0xf2, 0x24, 0xf2, 0x24, 0xf2, 0x25, 0xf2, 0x25, 0xf2, 0x25, 0xf2, 0x25, 0xf2,
    0x25, 0xf2, 0x25, 0xf2, 0x25, 0xf2, 0x25, 0xf2, 0x25, 0xf2, 0x25, 0xf2, 0x25, 0xf2, 0x25, 0xf2,
    0x25, 0xf2, 0x26, 0xf2, 0x35, 0xf2, 0x25, 0xf2, 0x25, 0xf2, 0x25, 0xf2, 0x25, 0xf2, 0x25, 0xf2,
    0x25, 0xf2, 0x25, 0xf2, 0x25, 0xf2, 0x25, 0xf2, 0x25, 0xf2, 0x35, 0xf2, 0x24, 0xf2, 0x24, 0xf2,
    0x25, 0xf2, 0x24, 0xf2, 0x24, 0xf2, 0x24, 0xf2, 0x24, 0xf2, 0x24, 0xf2, 0x24, 0xf2, 0x24, 0xf2,
    0x24, 0xf2, 0x24, 0xf2, 0x24, 0xf2, 0x24, 0xf2, 0x24, 0xf2, 0x24, 0xf2, 0x24, 0xf2, 0x24, 0xf2,
    0x14, 0xf2, 0x24, 0xf2, 0x24, 0xf2, 0x24, 0xf2, 0x14, 0xf2, 0x14, 0xf2, 0x14, 0xf2, 0x14, 0xf2,
    0x14, 0xf2, 0x13, 0xf2, 0x13, 0xf1, 0x13, 0xf2, 0x14, 0xf2, 0x13, 0xf1, 0x13, 0xf1, 0x13, 0xf1,
    0x13, 0xf1, 0x13, 0xf1, 0x13, 0xf1, 0x13, 0xf1, 0x13, 0xf1, 0x13, 0xf1, 0x13, 0xf1, 0x13, 0xf1,
    0x13, 0xf1, 0x13, 0xf1, 0x13, 0xf1, 0x13, 0xf1, 0x13, 0xf1, 0x13, 0xf1, 0x13, 0xf1, 0x13, 0xf1,
    0x13, 0xf1, 0x13, 0xf1, 0x13, 0xf1, 0x13, 0xf1, 0x13, 0xf1, 0x13, 0xf1, 0x13, 0xf1, 0x13, 0xf1,
    0x13, 0xf1, 0x13, 0xf1, 0x13, 0xf1, 0x13, 0xf1, 0x13, 0xf1, 0x13, 0xf1, 0x13, 0xf1, 0x13, 0xf1,
    0x26, 0xf2, 0x26, 0xf2, 0x26, 0xf2, 0x36, 0xf2, 0x37, 0xf2, 0x37, 0xf2, 0x36, 0xf2, 0x26, 0xf2,
    0x26, 0xf2, 0x26, 0xf2, 0x25, 0xf2, 0x25, 0xf2, 0x25, 0xf2, 0x25, 0xf2, 0x25, 0xf2, 0x25, 0xf2,
    0x26, 0xf2, 0x26, 0xf2, 0x26, 0xf2, 0x26, 0xf2, 0x26, 0xf2, 0x26, 0xf2, 0x25, 0xf2, 0x25, 0xf2,
    0x25, 0xf2, 0x25, 0xf2, 0x25, 0xf2, 0x25, 0xf2, 0x25, 0xf2, 0x25, 0xf2, 0x26, 0xf2, 0x26, 0xf2,
    0x26, 0xf2, 0x25, 0xf2, 0x25, 0xf2, 0x25, 0xf2, 0x25, 0xf2, 0x25, 0xf2, 0x26, 0xf2, 0x26, 0xf2,
    0x26, 0xf2, 0x36, 0xf2, 0x36, 0xf2, 0x36, 0xf2, 0x26, 0xf2, 0x26, 0xf2, 0x26, 0xf2, 0x26, 0xf2,
    0x26, 0xf2, 0x26, 0xf2, 0x26, 0xf2, 0x37, 0xf2, 0x26, 0xf2, 0x25, 0xf2, 0x25, 0xf2, 0x25, 0xf2,
    0x25, 0xf2, 0x25, 0xf2, 0x25, 0xf2, 0x25, 0xf2, 0x25, 0xf2, 0x25, 0xf2, 0x25, 0xf2, 0x25, 0xf2,
    0x25, 0xf2, 0x25, 0xf2, 0x25, 0xf2, 0x25, 0xf2, 0x25, 0xf2, 0x25, 0xf2, 0x25, 0xf2, 0x25, 0xf2,
    0x25, 0xf2, 0x25, 0xf2, 0x25, 0xf2, 0x25, 0xf2, 0x24, 0xf2, 0x24, 0xf2, 0x25, 0xf2, 0x25, 0xf2,
    0x24, 0xf2, 0x24, 0xf2, 0x36, 0xf2, 0x47, 0xf3, 0x25, 0xf2, 0x24, 0xf2, 0x24, 0xf2, 0x24, 0xf2,
    0x25, 0xf2, 0x25, 0xf2, 0x25, 0xf2, 0x25, 0xf2, 0x25, 0xf2, 0x25, 0xf2, 0x25, 0xf2, 0x25, 0xf2,
    0x25, 0xf2, 0x25, 0xf2, 0x25, 0xf2, 0x25, 0xf2, 0x25, 0xf2, 0x25, 0xf2, 0x25, 0xf2, 0x25, 0xf2,
    0x25, 0xf2, 0x25, 0xf2, 0x25, 0xf2, 0x25, 0xf2, 0x25, 0xf2, 0x25, 0xf2, 0x25, 0xf2, 0x25, 0xf2,
    0x25, 0xf2, 0x25, 0xf2, 0x25, 0xf2, 0x26, 0xf2, 0x26, 0xf2, 0x26, 0xf2, 0x25, 0xf2, 0x25, 0xf2,
    0x26, 0xf2, 0x26, 0xf2, 0x26, 0xf2, 0x26, 0xf2, 0x26, 0xf2, 0x25, 0xf2, 0x25, 0xf2, 0x25, 0xf2,
    0x25, 0xf2, 0x25, 0xf2, 0x25, 0xf2, 0x25, 0xf2, 0x25, 0xf2, 0x25, 0xf2, 0x25, 0xf2, 0x36, 0xf2,
    0x36, 0xf2, 0x25, 0xf2, 0x26, 0xf2, 0x25, 0xf2, 0x25, 0xf2, 0x25, 0xf2, 0x25, 0xf2, 0x25, 0xf2,
    0x25, 0xf2, 0x25, 0xf2, 0x24, 0xf2, 0x25, 0xf2, 0x25, 0xf2, 0x25, 0xf2, 0x25, 0xf2, 0x25, 0xf2,
    0x25, 0xf2, 0x25, 0xf2, 0x25, 0xf2, 0x25, 0xf2, 0x25, 0xf2, 0x26, 0xf2, 0x26, 0xf2, 0x25, 0xf2,
    0x25, 0xf2, 0x25, 0xf2, 0x25, 0xf2, 0x25, 0xf2, 0x25, 0xf2, 0x35, 0xf2, 0x25, 0xf2, 0x25, 0xf2,
    0x25, 0xf2, 0x25, 0xf2, 0x25, 0xf2, 0x25, 0xf2, 0x25, 0xf2, 0x25, 0xf2, 0x25, 0xf2, 0x25, 0xf2,
    0x25, 0xf2, 0x24, 0xf2, 0x24, 0xf2, 0x25, 0xf2, 0x25, 0xf2, 0x25, 0xf2, 0x24, 0xf2, 0x24, 0xf2,
    0x24, 0xf2, 0x24, 0xf2, 0x24, 0xf2, 0x24, 0xf2, 0x24, 0xf2, 0x24, 0xf2, 0x24, 0xf2, 0x24, 0xf2,
    0x24, 0xf2, 0x24, 0xf2, 0x24, 0xf2, 0x14, 0xf2, 0x14, 0xf2, 0x14, 0xf2, 0x14, 0xf2, 0x14, 0xf2,
    0x14, 0xf2, 0x13, 0xf1, 0x14, 0xf2, 0x14, 0xf2, 0x24, 0xf2, 0x13, 0xf1, 0x13, 0xf1, 0x13, 0xf1,
    0x13, 0xf1, 0x13, 0xf1, 0x13, 0xf1, 0x13, 0xf1, 0x13, 0xf1, 0x13, 0xf1, 0x13, 0xf1, 0x13, 0xf1,
    0x13, 0xf1, 0x13, 0xf1, 0x13, 0xf1, 0x13, 0xf1, 0x13, 0xf1, 0x13, 0xf1, 0x13, 0xf1, 0x13, 0xf1,
    0x13, 0xf1, 0x13, 0xf1, 0x13, 0xf1, 0x13, 0xf1, 0x13, 0xf1, 0x13, 0xf1, 0x13, 0xf1, 0x13, 0xf1,
    0x13, 0xf1, 0x13, 0xf1, 0x13, 0xf1, 0x13, 0xf1, 0x13, 0xf1, 0x13, 0xf1, 0x13, 0xf1, 0x13, 0xf1,
    0x26, 0xf2, 0x26, 0xf2, 0x26, 0xf2, 0x26, 0xf2, 0x37, 0xf2, 0x37, 0xf2, 0x37, 0xf2, 0x26, 0xf2,
    0x26, 0xf2, 0x26, 0xf2, 0x26, 0xf2, 0x26, 0xf2, 0x26, 0xf2, 0x26, 0xf2, 0x26, 0xf2, 0x36, 0xf2,
    0x26, 0xf2, 0x26, 0xf2, 0x26, 0xf2, 0x26, 0xf2, 0x26, 0xf2, 0x26, 0xf2, 0x26, 0xf2, 0x25, 0xf2,
    0x25, 0xf2, 0x25, 0xf2, 0x25, 0xf2, 0x25, 0xf2, 0x25, 0xf2, 0x26, 0xf2, 0x26, 0xf2, 0x26, 0xf2,
    0x36, 0xf2, 0x36, 0xf2, 0x25, 0xf2, 0x25, 0xf2, 0x25, 0xf2, 0x25, 0xf2, 0x25, 0xf2, 0x26, 0xf2,
    0x26, 0xf2, 0x36, 0xf2, 0x36, 0xf2, 0x36, 0xf2, 0x36, 0xf2, 0x36, 0xf2, 0x36, 0xf2, 0x36, 0xf2,
    0x36, 0xf2, 0x26, 0xf2, 0x36, 0xf2, 0x37, 0xf2, 0x26, 0xf2, 0x25, 0xf2, 0x25, 0xf2, 0x25, 0xf2,
    0x25, 0xf2, 0x25, 0xf2, 0x25, 0xf2, 0x25, 0xf2, 0x25, 0xf2, 0x25, 0xf2, 0x25, 0xf2, 0x25, 0xf2,
    0x25, 0xf2, 0x25, 0xf2, 0x25, 0xf2, 0x25, 0xf2, 0x25, 0xf2, 0x25, 0xf2, 0x25, 0xf2, 0x25, 0xf2,
    0x25, 0xf2, 0x25, 0xf2, 0x25, 0xf2, 0x25, 0xf2, 0x25, 0xf2, 0x25, 0xf2, 0x25, 0xf2, 0x25, 0xf2,
    0x24, 0xf2, 0x24, 0xf2, 0x36, 0xf2, 0x57, 0xf3, 0x25, 0xf2, 0x25, 0xf2, 0x25, 0xf2, 0x25, 0xf2,
    0x25, 0xf2, 0x25, 0xf2, 0x25, 0xf2, 0x25, 0xf2, 0x25, 0xf2, 0x25, 0xf2, 0x25, 0xf2, 0x25, 0xf2,
    0x25, 0xf2, 0x25, 0xf2, 0x25, 0xf2, 0x25, 0xf2, 0x25, 0xf2, 0x25, 0xf2, 0x25, 0xf2, 0x25, 0xf2,
    0x25, 0xf2, 0x25, 0xf2, 0x25, 0xf2, 0x25, 0xf2, 0x25, 0xf2, 0x25, 0xf2, 0x25, 0xf2, 0x25, 0xf2,
    0x36, 0xf2, 0x47, 0xf2, 0x36, 0xf2, 0x25, 0xf2, 0x26, 0xf2, 0x25, 0xf2, 0x25, 0xf2, 0x26, 0xf2,
    0x26, 0xf2, 0x26, 0xf2, 0x26, 0xf2, 0x26, 0xf2, 0x26, 0xf2, 0x25, 0xf2, 0x25, 0xf2, 0x25, 0xf2,
    0x25, 0xf2, 0x25, 0xf2, 0x26, 0xf2, 0x25, 0xf2, 0x25, 0xf2, 0x25, 0xf2, 0x25, 0xf2, 0x25, 0xf2,
    0x25, 0xf2, 0x25, 0xf2, 0x25, 0xf2, 0x26, 0xf2, 0x25, 0xf2, 0x25, 0xf2, 0x35, 0xf2, 0x35, 0xf2,
    0x25, 0xf2, 0x25, 0xf2, 0x25, 0xf2, 0x25, 0xf2, 0x25, 0xf2, 0x25, 0xf2, 0x35, 0xf2, 0x36, 0xf2,
    0x36, 0xf2, 0x25, 0xf2, 0x26, 0xf2, 0x26, 0xf2, 0x26, 0xf2, 0x36, 0xf2, 0x36, 0xf2, 0x36, 0xf2,
    0x25, 0xf2, 0x25, 0xf2, 0x25, 0xf2, 0x25, 0xf2, 0x25, 0xf2, 0x25, 0xf2, 0x25, 0xf2, 0x25, 0xf2,
    0x25, 0xf2, 0x25, 0xf2, 0x25, 0xf2, 0x25, 0xf2, 0x25, 0xf2, 0x25, 0xf2, 0x25, 0xf2, 0x25, 0xf2,
    0x25, 0xf2, 0x24, 0xf2, 0x25, 0xf2, 0x25, 0xf2, 0x25, 0xf2, 0x25, 0xf2, 0x24, 0xf2, 0x24, 0xf2,
    0x24, 0xf2, 0x24, 0xf2, 0x25, 0xf2, 0x25, 0xf2, 0x24, 0xf2, 0x24, 0xf2, 0x24, 0xf2, 0x24, 0xf2,
    0x24, 0xf2, 0x24, 0xf2, 0x24, 0xf2, 0x14, 0xf2, 0x14, 0xf2, 0x14, 0xf2, 0x14, 0xf2, 0x14, 0xf2,
    0x14, 0xf2, 0x13, 0xf1, 0x14, 0xf2, 0x14, 0xf2, 0x14, 0xf2, 0x13, 0xf2, 0x14, 0xf2, 0x13, 0xf1,
    0x13, 0xf1, 0x13, 0xf1, 0x13, 0xf1, 0x13, 0xf1, 0x13, 0xf1, 0x13, 0xf1, 0x13, 0xf2, 0x13, 0xf1,
    0x13, 0xf1, 0x13, 0xf1, 0x13, 0xf1, 0x13, 0xf1, 0x13, 0xf1, 0x13, 0xf1, 0x13, 0xf1, 0x13, 0xf1,
    0x13, 0xf2, 0x13, 0xf1, 0x13, 0xf1, 0x13, 0xf1, 0x13, 0xf1, 0x13, 0xf1, 0x13, 0xf1, 0x13, 0xf1,
    0x13, 0xf1, 0x13, 0xf1, 0x13, 0xf1, 0x13, 0xf1, 0x13, 0xf1, 0x13, 0xf1, 0x13, 0xf1, 0x13, 0xf1,
    0x26, 0xf2, 0x26, 0xf2, 0x26, 0xf2, 0x26, 0xf2, 0x36, 0xf2, 0x36, 0xf2, 0x36, 0xf2, 0x36, 0xf2,
    0x36, 0xf2, 0x26, 0xf2, 0x26, 0xf2, 0x26, 0xf2, 0x36, 0xf2, 0x37, 0xf2, 0x27, 0xf2, 0x37, 0xf2,
    0x26, 0xf2, 0x26, 0xf2, 0x26, 0xf2, 0x26, 0xf2, 0x26, 0xf2, 0x26, 0xf2, 0x25, 0xf2, 0x25, 0xf2,
    0x25, 0xf2, 0x25, 0xf2, 0x25, 0xf2, 0x25, 0xf2, 0x26, 0xf2, 0x26, 0xf2, 0x26, 0xf2, 0x26, 0xf2,
    0x26, 0xf2, 0x36, 0xf2, 0x36, 0xf2, 0x25, 0xf2, 0x25, 0xf2, 0x26, 0xf2, 0x26, 0xf2, 0x26, 0xf2,
    0x26, 0xf2, 0x36, 0xf2, 0x36, 0xf2, 0x36, 0xf2, 0x36, 0xf2, 0x36, 0xf2, 0x36, 0xf2, 0x26, 0xf2,
    0x26, 0xf2, 0x26, 0xf2, 0x37, 0xf2, 0x26, 0xf2, 0x26, 0xf2, 0x25, 0xf2, 0x25, 0xf2, 0x25, 0xf2,
    0x25, 0xf2, 0x25, 0xf2, 0x25, 0xf2, 0x25, 0xf2, 0x25, 0xf2, 0x25, 0xf2, 0x25, 0xf2, 0x26, 0xf2,
    0x25, 0xf2, 0x25, 0xf2, 0x26, 0xf2, 0x25, 0xf2, 0x25, 0xf2, 0x25, 0xf2, 0x26, 0xf2, 0x25, 0xf2,
    0x25, 0xf2, 0x25, 0xf2, 0x25, 0xf2, 0x25, 0xf2, 0x25, 0xf2, 0x25, 0xf2, 0x25, 0xf2, 0x25, 0xf2,
    0x24, 0xf2, 0x24, 0xf2, 0x25, 0xf2, 0x25, 0xf2, 0x25, 0xf2, 0x26, 0xf2, 0x25, 0xf2, 0x25, 0xf2,
    0x25, 0xf2, 0x25, 0xf2, 0x25, 0xf2, 0x25, 0xf2, 0x25, 0xf2, 0x25, 0xf2, 0x25, 0xf2, 0x25, 0xf2,
    0x25, 0xf2, 0x25, 0xf2, 0x25, 0xf2, 0x25, 0xf2, 0x25, 0xf2, 0x25, 0xf2, 0x25, 0xf2, 0x25, 0xf2,
    0x25, 0xf2, 0x25, 0xf2, 0x25, 0xf2, 0x25, 0xf2, 0x26, 0xf2, 0x26, 0xf2, 0x25, 0xf2, 0x25, 0xf2,
    0x36, 0xf2, 0x68, 0xf3, 0x36, 0xf2, 0x26, 0xf2, 0x36, 0xf2, 0x25, 0xf2, 0x25, 0xf2, 0x26, 0xf2,
    0x26, 0xf2, 0x26, 0xf2, 0x26, 0xf2, 0x26, 0xf2, 0x26, 0xf2, 0x26, 0xf2, 0x25, 0xf2, 0x25, 0xf2,
    0x25, 0xf2, 0x25, 0xf2, 0x25, 0xf2, 0x25, 0xf2, 0x25, 0xf2, 0x25, 0xf2, 0x25, 0xf2, 0x25, 0xf2,
    0x25, 0xf2, 0x36, 0xf2, 0x36, 0xf2, 0x36, 0xf2, 0x36, 0xf2, 0x26, 0xf2, 0x36, 0xf2, 0x36, 0xf2,
    0x25, 0xf2, 0x35, 0xf2, 0x25, 0xf2, 0x35, 0xf2, 0x36, 0xf2, 0x36, 0xf2, 0x36, 0xf2, 0x36, 0xf2,
    0x36, 0xf2, 0x36, 0xf2, 0x36, 0xf2, 0x36, 0xf2, 0x36, 0xf2, 0x36, 0xf2, 0x36, 0xf2, 0x36, 0xf2,
    0x25, 0xf2, 0x25, 0xf2, 0x25, 0xf2, 0x26, 0xf2, 0x25, 0xf2, 0x25, 0xf2, 0x25, 0xf2, 0x25, 0xf2,
    0x25, 0xf2, 0x25, 0xf2, 0x25, 0xf2, 0x25, 0xf2, 0x25, 0xf2, 0x25, 0xf2, 0x25, 0xf2, 0x25, 0xf2,
    0x24, 0xf2, 0x24, 0xf2, 0x35, 0xf2, 0x57, 0xf3, 0x57, 0xf3, 0x36, 0xf2, 0x25, 0xf2, 0x25, 0xf2,
    0x25, 0xf2, 0x25, 0xf2, 0x25, 0xf2, 0x24, 0xf2, 0x24, 0xf2, 0x24, 0xf2, 0x24, 0xf2, 0x24, 0xf2,
    0x24, 0xf2, 0x14, 0xf2, 0x24, 0xf2, 0x24, 0xf2, 0x24, 0xf2, 0x14, 0xf2, 0x14, 0xf2, 0x14, 0xf2,
    0x14, 0xf2, 0x14, 0xf2, 0x14, 0xf2, 0x14, 0xf2, 0x24, 0xf2, 0x14, 0xf2, 0x14, 0xf2, 0x13, 0xf1,
    0x13, 0xf1, 0x13, 0xf1, 0x13, 0xf1, 0x13, 0xf1, 0x13, 0xf1, 0x13, 0xf1, 0x13, 0xf1, 0x13, 0xf1,
    0x13, 0xf1, 0x13, 0xf1, 0x13, 0xf1, 0x13, 0xf1, 0x13, 0xf1, 0x13, 0xf1, 0x13, 0xf1, 0x13, 0xf1,
    0x24, 0xf2, 0x13, 0xf1, 0x24, 0xf2, 0x14, 0xf2, 0x14, 0xf2, 0x13, 0xf1, 0x13, 0xf1, 0x13, 0xf1,
    0x13, 0xf1, 0x13, 0xf1, 0x13, 0xf1, 0x13, 0xf1, 0x13, 0xf1, 0x13, 0xf2, 0x14, 0xf2, 0x24, 0xf2,
    0x26, 0xf2, 0x26, 0xf2, 0x26, 0xf2, 0x26, 0xf2, 0x26, 0xf2, 0x26, 0xf2, 0x36, 0xf2, 0x36, 0xf2,
    0x37, 0xf2, 0x36, 0xf2, 0x26, 0xf2, 0x26, 0xf2, 0x26, 0xf2, 0x26, 0xf2, 0x26, 0xf2, 0x26, 0xf2,
    0x26, 0xf2, 0x26, 0xf2, 0x26, 0xf2, 0x26, 0xf2, 0x36, 0xf2, 0x26, 0xf2, 0x25, 0xf2, 0x25, 0xf2,
    0x25, 0xf2, 0x25, 0xf2, 0x25, 0xf2, 0x26, 0xf2, 0x26, 0xf2, 0x26, 0xf2, 0x26, 0xf2, 0x26, 0xf2,
    0x26, 0xf2, 0x26, 0xf2, 0x26, 0xf2, 0x25, 0xf2, 0x26, 0xf2, 0x26, 0xf2, 0x26, 0xf2, 0x36, 0xf2,
    0x36, 0xf2, 0x36, 0xf2, 0x36, 0xf2, 0x36, 0xf2, 0x36, 0xf2, 0x36, 0xf2, 0x26, 0xf2, 0x36, 0xf2,
    0x26, 0xf2, 0x26, 0xf2, 0x37, 0xf2, 0x26, 0xf2, 0x25, 0xf2, 0x25, 0xf2, 0x25, 0xf2, 0x25, 0xf2,
    0x25, 0xf2, 0x25, 0xf2, 0x25, 0xf2, 0x26, 0xf2, 0x25, 0xf2, 0x25, 0xf2, 0x25, 0xf2, 0x26, 0xf2,
    0x36, 0xf2, 0x36, 0xf2, 0x26, 0xf2, 0x26, 0xf2, 0x25, 0xf2, 0x26, 0xf2, 0x25, 0xf2, 0x25, 0xf2,
    0x25, 0xf2, 0x25, 0xf2, 0x25, 0xf2, 0x25, 0xf2, 0x25, 0xf2, 0x25, 0xf2, 0x25, 0xf2, 0x25, 0xf2,
    0x25, 0xf2, 0x24, 0xf2, 0x25, 0xf2, 0x25, 0xf2, 0x25, 0xf2, 0x25, 0xf2, 0x25, 0xf2, 0x25, 0xf2,
    0x25, 0xf2, 0x25, 0xf2, 0x25, 0xf2, 0x25, 0xf2, 0x25, 0xf2, 0x25, 0xf2, 0x25, 0xf2, 0x25, 0xf2,
    0x25, 0xf2, 0x25, 0xf2, 0x25, 0xf2, 0x25, 0xf2, 0x25, 0xf2, 0x25, 0xf2, 0x25, 0xf2, 0x25, 0xf2,
    0x25, 0xf2, 0x25, 0xf2, 0x25, 0xf2, 0x25, 0xf2, 0x26, 0xf2, 0x26, 0xf2, 0x25, 0xf2, 0x25, 0xf2,
    0x36, 0xf2, 0x26, 0xf2, 0x25, 0xf2, 0x36, 0xf2, 0x57, 0xf3, 0x36, 0xf2, 0x25, 0xf2, 0x26, 0xf2,
    0x26, 0xf2, 0x36, 0xf2, 0x26, 0xf2, 0x26, 0xf2, 0x26, 0xf2, 0x26, 0xf2, 0x26, 0xf2, 0x25, 0xf2,
    0x26, 0xf2, 0x26, 0xf2, 0x25, 0xf2, 0x25, 0xf2, 0x25, 0xf2, 0x36, 0xf2, 0x25, 0xf2, 0x25, 0xf2,
    0x25, 0xf2, 0x36, 0xf2, 0x36, 0xf2, 0x26, 0xf2, 0x36, 0xf2, 0x36, 0xf2, 0x35, 0xf2, 0x36, 0xf2,
    0x36, 0xf2, 0x25, 0xf2, 0x25, 0xf2, 0x36, 0xf2, 0x36, 0xf2, 0x36, 0xf2, 0x36, 0xf2, 0x36, 0xf2,
    0x36, 0xf2, 0x36, 0xf2, 0x36, 0xf2, 0x36, 0xf2, 0x36, 0xf2, 0x36, 0xf2, 0x36, 0xf2, 0x36, 0xf2,
    0x36, 0xf2, 0x36, 0xf2, 0x26, 0xf2, 0x26, 0xf2, 0x26, 0xf2, 0x25, 0xf2, 0x25, 0xf2, 0x25, 0xf2,
    0x25, 0xf2, 0x25, 0xf2, 0x25, 0xf2, 0x25, 0xf2, 0x25, 0xf2, 0x25, 0xf2, 0x25, 0xf2, 0x25, 0xf2,
    0x25, 0xf2, 0x25, 0xf2, 0x35, 0xf2, 0x68, 0xf3, 0xaa, 0xf7, 0x47, 0xf3, 0x36, 0xf2, 0x25, 0xf2,
    0x25, 0xf2, 0x25, 0xf2, 0x24, 0xf2, 0x24, 0xf2, 0x24, 0xf2, 0x24, 0xf2, 0x24, 0xf2, 0x24, 0xf2,
    0x24, 0xf2, 0x24, 0xf2, 0x14, 0xf2, 0x14, 0xf2, 0x24, 0xf2, 0x24, 0xf2, 0x24, 0xf2, 0x14, 0xf2,
    0x24, 0xf2, 0x24, 0xf2, 0x14, 0xf2, 0x24, 0xf2, 0x24, 0xf2, 0x24, 0xf2, 0x13, 0xf1, 0x13, 0xf1,
    0x14, 0xf2, 0x13, 0xf1, 0x13, 0xf1, 0x13, 0xf1, 0x13, 0xf1, 0x13, 0xf1, 0x13, 0xf2, 0x13, 0xf1,
    0x13, 0xf1, 0x13, 0xf1, 0x13, 0xf1, 0x13, 0xf1, 0x13, 0xf1, 0x13, 0xf1, 0x13, 0xf1, 0x13, 0xf1,
    0x13, 0xf1, 0x13, 0xf1, 0x24, 0xf2, 0x24, 0xf2, 0x24, 0xf2, 0x14, 0xf2, 0x14, 0xf2, 0x14, 0xf2,
    0x13, 0xf1, 0x13, 0xf1, 0x13, 0xf1, 0x13, 0xf1, 0x13, 0xf1, 0x13, 0xf1, 0x24, 0xf2, 0x24, 0xf2,
    0x26, 0xf2, 0x26, 0xf2, 0x25, 0xf2, 0x26, 0xf2, 0x26, 0xf2, 0x26, 0xf2, 0x26, 0xf2, 0x36, 0xf2,
    0x36, 0xf2, 0x36, 0xf2, 0x26, 0xf2, 0x26, 0xf2, 0x26, 0xf2, 0x26, 0xf2, 0x26, 0xf2, 0x26, 0xf2,
    0x26, 0xf2, 0x26, 0xf2, 0x26, 0xf2, 0x26, 0xf2, 0x26, 0xf2, 0x26, 0xf2, 0x25, 0xf2, 0x25, 0xf2,
    0x25, 0xf2, 0x25, 0xf2, 0x25, 0xf2, 0x26, 0xf2, 0x26, 0xf2, 0x26, 0xf2, 0x26, 0xf2, 0x26, 0xf2,
    0x26, 0xf2, 0x26, 0xf2, 0x25, 0xf2, 0x25, 0xf2, 0x25, 0xf2, 0x26, 0xf2, 0x26, 0xf2, 0x36, 0xf2,
    0x25, 0xf2, 0x26, 0xf2, 0x36, 0xf2, 0x36, 0xf2, 0x36, 0xf2, 0x36, 0xf2, 0x26, 0xf2, 0x26, 0xf2,
    0x26, 0xf2, 0x36, 0xf2, 0x26, 0xf2, 0x26, 0xf2, 0x26, 0xf2, 0x25, 0xf2, 0x25, 0xf2, 0x25, 0xf2,
    0x26, 0xf2, 0x25, 0xf2, 0x25, 0xf2, 0x36, 0xf2, 0x26, 0xf2, 0x25, 0xf2, 0x25, 0xf2, 0x26, 0xf2,
    0x36, 0xf2, 0x36, 0xf2, 0x47, 0xf2, 0x47, 0xf2, 0x36, 0xf2, 0x26, 0xf2, 0x25, 0xf2, 0x25, 0xf2,
    0x25, 0xf2, 0x25, 0xf2, 0x25, 0xf2, 0x25, 0xf2, 0x25, 0xf2, 0x25, 0xf2, 0x25, 0xf2, 0x25, 0xf2,
    0x25, 0xf2, 0x24, 0xf2, 0x25, 0xf2, 0x25, 0xf2, 0x25, 0xf2, 0x25, 0xf2, 0x25, 0xf2, 0x25, 0xf2,
    0x25, 0xf2, 0x25, 0xf2, 0x25, 0xf2, 0x25, 0xf2, 0x25, 0xf2, 0x25, 0xf2, 0x25, 0xf2, 0x25, 0xf2,
    0x25, 0xf2, 0x25, 0xf2, 0x25, 0xf2, 0x25, 0xf2, 0x25, 0xf2, 0x25, 0xf2, 0x25, 0xf2, 0x25, 0xf2,
    0x25, 0xf2, 0x25, 0xf2, 0x25, 0xf2, 0x25, 0xf2, 0x25, 0xf2, 0x25, 0xf2, 0x25, 0xf2, 0x26, 0xf2,
    0x26, 0xf2, 0x36, 0xf2, 0x25, 0xf2, 0x26, 0xf2, 0x36, 0xf2, 0x26, 0xf2, 0x25, 0xf2, 0x26, 0xf2,
    0x26, 0xf2, 0x36, 0xf2, 0x36, 0xf2, 0x26, 0xf2, 0x26, 0xf2, 0x26, 0xf2, 0x36, 0xf2, 0x26, 0xf2,
    0x36, 0xf2, 0x36, 0xf2, 0x25, 0xf2, 0x25, 0xf2, 0x25, 0xf2, 0x25, 0xf2, 0x25, 0xf2, 0x25, 0xf2,
    0x25, 0xf2, 0x25, 0xf2, 0x25, 0xf2, 0x36, 0xf2, 0x35, 0xf2, 0x25, 0xf2, 0x35, 0xf2, 0x36, 0xf2,
    0x36, 0xf2, 0x36, 0xf2, 0x35, 0xf2, 0x36, 0xf2, 0x36, 0xf2, 0x36, 0xf2, 0x36, 0xf2, 0x36, 0xf2,
    0x36, 0xf2, 0x36, 0xf2, 0x36, 0xf2, 0x36, 0xf2, 0x37, 0xf2, 0x36, 0xf2, 0x36, 0xf2, 0x36, 0xf2,
    0x36, 0xf2, 0x37, 0xf2, 0x36, 0xf2, 0x26, 0xf2, 0x25, 0xf2, 0x25, 0xf2, 0x25, 0xf2, 0x25, 0xf2,
    0x25, 0xf2, 0x25, 0xf2, 0x25, 0xf2, 0x25, 0xf2, 0x25, 0xf2, 0x25, 0xf2, 0x25, 0xf2, 0x25, 0xf2,
    0x25, 0xf2, 0x25, 0xf2, 0x25, 0xf2, 0x47, 0xf2, 0x68, 0xf3, 0x47, 0xf2, 0x36, 0xf2, 0x25, 0xf2,
    0x24, 0xf2, 0x25, 0xf2, 0x24, 0xf2, 0x24, 0xf2, 0x24, 0xf2, 0x24, 0xf2, 0x24, 0xf2, 0x24, 0xf2,
    0x24, 0xf2, 0x14, 0xf2, 0x24, 0xf2, 0x24, 0xf2, 0x24, 0xf2, 0x24, 0xf2, 0x14, 0xf2, 0x14, 0xf2,
    0x14, 0xf2, 0x14, 0xf2, 0x14, 0xf2, 0x14, 0xf2, 0x14, 0xf2, 0x13, 0xf2, 0x24, 0xf2, 0x24, 0xf2,
    0x14, 0xf2, 0x14, 0xf2, 0x13, 0xf1, 0x13, 0xf1, 0x13, 0xf2, 0x13, 0xf1, 0x14, 0xf2, 0x13, 0xf1,
    0x13, 0xf1, 0x13, 0xf1, 0x13, 0xf1, 0x13, 0xf1, 0x13, 0xf1, 0x13, 0xf1, 0x13, 0xf1, 0x13, 0xf1,
    0x13, 0xf1, 0x13, 0xf1, 0x24, 0xf2, 0x14, 0xf2, 0x24, 0xf2, 0x24, 0xf2, 0x14, 0xf2, 0x13, 0xf1,
    0x13, 0xf1, 0x13, 0xf2, 0x13, 0xf1, 0x13, 0xf1, 0x13, 0xf1, 0x13, 0xf1, 0x13, 0xf2, 0x13, 0xf1,
    0x26, 0xf2, 0x26, 0xf2, 0x25, 0xf2, 0x26, 0xf2, 0x26, 0xf2, 0x26, 0xf2, 0x26, 0xf2, 0x26, 0xf2,
    0x26, 0xf2, 0x26, 0xf2, 0x26, 0xf2, 0x26, 0xf2, 0x26, 0xf2, 0x26, 0xf2, 0x26, 0xf2, 0x36, 0xf2,
    0x36, 0xf2, 0x36, 0xf2, 0x26, 0xf2, 0x26, 0xf2, 0x26, 0xf2, 0x26, 0xf2, 0x26, 0xf2, 0x26, 0xf2,
    0x26, 0xf2, 0x26, 0xf2, 0x26, 0xf2, 0x26, 0xf2, 0x26, 0xf2, 0x26, 0xf2, 0x26, 0xf2, 0x26, 0xf2,
    0x36, 0xf2, 0x26, 0xf2, 0x26, 0xf2, 0x25, 0xf2, 0x25, 0xf2, 0x25, 0xf2, 0x26, 0xf2, 0x26, 0xf2,
    0x26, 0xf2, 0x36, 0xf2, 0x36, 0xf2, 0x36, 0xf2, 0x36, 0xf2, 0x36, 0xf2, 0x36, 0xf2, 0x36, 0xf2,
    0x26, 0xf2, 0x26, 0xf2, 0x26, 0xf2, 0x26, 0xf2, 0x26, 0xf2, 0x26, 0xf2, 0x25, 0xf2, 0x26, 0xf2,
    0x25, 0xf2, 0x25, 0xf2, 0x25, 0xf2, 0x25, 0xf2, 0x26, 0xf2, 0x26, 0xf2, 0x26, 0xf2, 0x26, 0xf2,
    0x26, 0xf2, 0x37, 0xf2, 0x68, 0xf3, 0x78, 0xf3, 0x36, 0xf2, 0x25, 0xf2, 0x25, 0xf2, 0x25, 0xf2,
    0x25, 0xf2, 0x25, 0xf2, 0x25, 0xf2, 0x25, 0xf2, 0x25, 0xf2, 0x25, 0xf2, 0x25, 0xf2, 0x25, 0xf2,
    0x25, 0xf2, 0x24, 0xf2, 0x25, 0xf2, 0x25, 0xf2, 0x25, 0xf2, 0x25, 0xf2, 0x25, 0xf2, 0x25, 0xf2,
    0x25, 0xf2, 0x25, 0xf2, 0x25, 0xf2, 0x25, 0xf2, 0x25, 0xf2, 0x25, 0xf2, 0x25, 0xf2, 0x25, 0xf2,
    0x25, 0xf2, 0x25, 0xf2, 0x25, 0xf2, 0x25, 0xf2, 0x25, 0xf2, 0x25, 0xf2, 0x25, 0xf2, 0x25, 0xf2,
    0x25, 0xf2, 0x25, 0xf2, 0x25, 0xf2, 0x25, 0xf2, 0x25, 0xf2, 0x25, 0xf2, 0x25, 0xf2, 0x25, 0xf2,
    0x25, 0xf2, 0x47, 0xf2, 0x36, 0xf2, 0x25, 0xf2, 0x26, 0xf2, 0x25, 0xf2, 0x25, 0xf2, 0x25, 0xf2,
    0x26, 0xf2, 0x26, 0xf2, 0x26, 0xf2, 0x36, 0xf2, 0x36, 0xf2, 0x36, 0xf2, 0x36, 0xf2, 0x36, 0xf2,
    0x36, 0xf2, 0x26, 0xf2, 0x25, 0xf2, 0x25, 0xf2, 0x25, 0xf2, 0x25, 0xf2, 0x25, 0xf2, 0x25, 0xf2,
    0x25, 0xf2, 0x25, 0xf2, 0x25, 0xf2, 0x35, 0xf2, 0x35, 0xf2, 0x25, 0xf2, 0x35, 0xf2, 0x36, 0xf2,
    0x36, 0xf2, 0x36, 0xf2, 0x36, 0xf2, 0x37, 0xf2, 0x36, 0xf2, 0x36, 0xf2, 0x36, 0xf2, 0x36, 0xf2,
    0x36, 0xf2, 0x36, 0xf2, 0x36, 0xf2, 0x36, 0xf2, 0x36, 0xf2, 0x36, 0xf2, 0x36, 0xf2, 0x36, 0xf2,
    0x36, 0xf2, 0x36, 0xf2, 0x36, 0xf2, 0x36, 0xf2, 0x26, 0xf2, 0x36, 0xf2, 0x36, 0xf2, 0x26, 0xf2,
    0x36, 0xf2, 0x36, 0xf2, 0x25, 0xf2, 0x25, 0xf2, 0x25, 0xf2, 0x25, 0xf2, 0x25, 0xf2, 0x25, 0xf2,
    0x25, 0xf2, 0x25, 0xf2, 0x25, 0xf2, 0x25, 0xf2, 0x25, 0xf2, 0x25, 0xf2, 0x25, 0xf2, 0x25, 0xf2,
    0x24, 0xf2, 0x25, 0xf2, 0x24, 0xf2, 0x24, 0xf2, 0x24, 0xf2, 0x24, 0xf2, 0x24, 0xf2, 0x24, 0xf2,
    0x24, 0xf2, 0x14, 0xf2, 0x24, 0xf2, 0x24, 0xf2, 0x24, 0xf2, 0x14, 0xf2, 0x14, 0xf2, 0x14, 0xf2,
    0x14, 0xf2, 0x24, 0xf2, 0x24, 0xf2, 0x14, 0xf2, 0x14, 0xf2, 0x14, 0xf2, 0x24, 0xf2, 0x24, 0xf2,
    0x13, 0xf2, 0x14, 0xf2, 0x14, 0xf2, 0x13, 0xf1, 0x13, 0xf1, 0x13, 0xf1, 0x13, 0xf1, 0x13, 0xf1,
    0x13, 0xf1, 0x13, 0xf1, 0x13, 0xf1, 0x13, 0xf1, 0x13, 0xf1, 0x13, 0xf1, 0x13, 0xf1, 0x13, 0xf1,
    0x13, 0xf2, 0x13, 0xf1, 0x13, 0xf1, 0x13, 0xf1, 0x14, 0xf2, 0x25, 0xf2, 0x24, 0xf2, 0x14, 0xf2,
    0x14, 0xf2, 0x13, 0xf2, 0x24, 0xf2, 0x24, 0xf2, 0x13, 0xf1, 0x13, 0xf1, 0x13, 0xf1, 0x13, 0xf1,
    0x26, 0xf2, 0x26, 0xf2, 0x26, 0xf2, 0x26, 0xf2, 0x26, 0xf2, 0x26, 0xf2, 0x26, 0xf2, 0x26, 0xf2,
    0x26, 0xf2, 0x26, 0xf2, 0x26, 0xf2, 0x26, 0xf2, 0x26, 0xf2, 0x26, 0xf2, 0x26, 0xf2, 0x36, 0xf2,
    0x36, 0xf2, 0x36, 0xf2, 0x26, 0xf2, 0x26, 0xf2, 0x26, 0xf2, 0x26, 0xf2, 0x26, 0xf2, 0x26, 0xf2,
    0x26, 0xf2, 0x26, 0xf2, 0x26, 0xf2, 0x26, 0xf2, 0x26, 0xf2, 0x26, 0xf2, 0x26, 0xf2, 0x26, 0xf2,
    0x26, 0xf2, 0x26, 0xf2, 0x26, 0xf2, 0x26, 0xf2, 0x25, 0xf2, 0x25, 0xf2, 0x26, 0xf2, 0x26, 0xf2,
    0x26, 0xf2, 0x26, 0xf2, 0x26, 0xf2, 0x36, 0xf2, 0x36, 0xf2, 0x36, 0xf2, 0x36, 0xf2, 0x36, 0xf2,
    0x26, 0xf2, 0x26, 0xf2, 0x26, 0xf2, 0x26, 0xf2, 0x26, 0xf2, 0x36, 0xf2, 0x25, 0xf2, 0x25, 0xf2,
    0x25, 0xf2, 0x25, 0xf2, 0x25, 0xf2, 0x25, 0xf2, 0x25, 0xf2, 0x25, 0xf2, 0x26, 0xf2, 0x26, 0xf2,
    0x25, 0xf2, 0x36, 0xf2, 0x47, 0xf2, 0x47, 0xf2, 0x26, 0xf2, 0x25, 0xf2, 0x25, 0xf2, 0x25, 0xf2,
    0x25, 0xf2, 0x25, 0xf2, 0x25, 0xf2, 0x25, 0xf2, 0x25, 0xf2, 0x25, 0xf2, 0x25, 0xf2, 0x25, 0xf2,
    0x25, 0xf2, 0x24, 0xf2, 0x25, 0xf2, 0x25, 0xf2, 0x25, 0xf2, 0x25, 0xf2, 0x25, 0xf2, 0x25, 0xf2,
    0x25, 0xf2, 0x36, 0xf2, 0x25, 0xf2, 0x25, 0xf2, 0x25, 0xf2, 0x25, 0xf2, 0x25, 0xf2, 0x25, 0xf2,
    0x25, 0xf2, 0x25, 0xf2, 0x25, 0xf2, 0x25, 0xf2, 0x25, 0xf2, 0x25, 0xf2, 0x25, 0xf2, 0x25, 0xf2,
    0x25, 0xf2, 0x25, 0xf2, 0x25, 0xf2, 0x25, 0xf2, 0x25, 0xf2, 0x25, 0xf2, 0x25, 0xf2, 0x25, 0xf2,
    0x25, 0xf2, 0x25, 0xf2, 0x26, 0xf2, 0x26, 0xf2, 0x25, 0xf2, 0x25, 0xf2, 0x25, 0xf2, 0x26, 0xf2,
    0x26, 0xf2, 0x26, 0xf2, 0x36, 0xf2, 0x36, 0xf2, 0x26, 0xf2, 0x26, 0xf2, 0x26, 0xf2, 0x36, 0xf2,
    0x36, 0xf2, 0x36, 0xf2, 0x25, 0xf2, 0x25, 0xf2, 0x25, 0xf2, 0x35, 0xf2, 0x25, 0xf2, 0x26, 0xf2,
    0x36, 0xf2, 0x36, 0xf2, 0x35, 0xf2, 0x25, 0xf2, 0x25, 0xf2, 0x25, 0xf2, 0x36, 0xf2, 0x37, 0xf2,
    0x37, 0xf2, 0x37, 0xf2, 0x37, 0xf2, 0x36, 0xf2, 0x36, 0xf2, 0x36, 0xf2, 0x36, 0xf2, 0x36, 0xf2,
    0x36, 0xf2, 0x36, 0xf2, 0x36, 0xf2, 0x36, 0xf2, 0x36, 0xf2, 0x36, 0xf2, 0x36, 0xf2, 0x26, 0xf2,
    0x26, 0xf2, 0x26, 0xf2, 0x36, 0xf2, 0x36, 0xf2, 0x36, 0xf2, 0x36, 0xf2, 0x37, 0xf2, 0x37, 0xf2,
    0x37, 0xf3, 0x37, 0xf2, 0x26, 0xf2, 0x25, 0xf2, 0x25, 0xf2, 0x25, 0xf2, 0x25, 0xf2, 0x25, 0xf2,
    0x25, 0xf2, 0x25, 0xf2, 0x25, 0xf2, 0x25, 0xf2, 0x25, 0xf2, 0x25, 0xf2, 0x25, 0xf2, 0x25, 0xf2,
    0x24, 0xf2, 0x25, 0xf2, 0x24, 0xf2, 0x24, 0xf2, 0x24, 0xf2, 0x24, 0xf2, 0x24, 0xf2, 0x24, 0xf2,
    0x24, 0xf2, 0x24, 0xf2, 0x14, 0xf2, 0x14, 0xf2, 0x24, 0xf2, 0x14, 0xf2, 0x14, 0xf2, 0x14, 0xf2,
    0x14, 0xf2, 0x24, 0xf2, 0x24, 0xf2, 0x14, 0xf2, 0x24, 0xf2, 0x24, 0xf2, 0x14, 0xf2, 0x25, 0xf2,
    0x36, 0xf2, 0x14, 0xf2, 0x13, 0xf1, 0x13, 0xf1, 0x13, 0xf1, 0x14, 0xf2, 0x24, 0xf2, 0x14, 0xf2,
    0x13, 0xf1, 0x13, 0xf2, 0x13, 0xf2, 0x13, 0xf2, 0x13, 0xf1, 0x13, 0xf1, 0x13, 0xf1, 0x13, 0xf1,
    0x13, 0xf1, 0x13, 0xf1, 0x13, 0xf2, 0x14, 0xf2, 0x13, 0xf2, 0x24, 0xf2, 0x24, 0xf2, 0x14, 0xf2,
    0x14, 0xf2, 0x14, 0xf2, 0x24, 0xf2, 0x36, 0xf2, 0x14, 0xf2, 0x13, 0xf2, 0x13, 0xf1, 0x13, 0xf1,
    0x25, 0xf2, 0x26, 0xf2, 0x26, 0xf2, 0x26, 0xf2, 0x26, 0xf2, 0x25, 0xf2, 0x26, 0xf2, 0x26, 0xf2,
    0x26, 0xf2, 0x26, 0xf2, 0x26, 0xf2, 0x26, 0xf2, 0x26, 0xf2, 0x26, 0xf2, 0x26, 0xf2, 0x36, 0xf2,
    0x36, 0xf2, 0x26, 0xf2, 0x26, 0xf2, 0x26, 0xf2, 0x26, 0xf2, 0x26, 0xf2, 0x26, 0xf2, 0x26, 0xf2,
    0x26, 0xf2, 0x26, 0xf2, 0x26, 0xf2, 0x26, 0xf2, 0x26, 0xf2, 0x26, 0xf2, 0x26, 0xf2, 0x36, 0xf2,
    0x36, 0xf2, 0x26, 0xf2, 0x26, 0xf2, 0x26, 0xf2, 0x25, 0xf2, 0x25, 0xf2, 0x26, 0xf2, 0x26, 0xf2,
    0x26, 0xf2, 0x26, 0xf2, 0x36, 0xf2, 0x26, 0xf2, 0x26, 0xf2, 0x36, 0xf2, 0x36, 0xf2, 0x26, 0xf2,
    0x26, 0xf2, 0x36, 0xf2, 0x36, 0xf2, 0x26, 0xf2, 0x25, 0xf2, 0x26, 0xf2, 0x26, 0xf2, 0x25, 0xf2,
    0x26, 0xf2, 0x26, 0xf2, 0x25, 0xf2, 0x25, 0xf2, 0x25, 0xf2, 0x25, 0xf2, 0x26, 0xf2, 0x26, 0xf2,
    0x25, 0xf2, 0x25, 0xf2, 0x25, 0xf2, 0x26, 0xf2, 0x26, 0xf2, 0x25, 0xf2, 0x25, 0xf2, 0x25, 0xf2,
    0x25, 0xf2, 0x25, 0xf2, 0x25, 0xf2, 0x25, 0xf2, 0x25, 0xf2, 0x25, 0xf2, 0x25, 0xf2, 0x25, 0xf2,
    0x25, 0xf2, 0x24, 0xf2, 0x25, 0xf2, 0x25, 0xf2, 0x25, 0xf2, 0x25, 0xf2, 0x25, 0xf2, 0x25, 0xf2,
    0x25, 0xf2, 0x25, 0xf2, 0x25, 0xf2, 0x25, 0xf2, 0x25, 0xf2, 0x25, 0xf2, 0x25, 0xf2, 0x25, 0xf2,
    0x25, 0xf2, 0x25, 0xf2, 0x25, 0xf2, 0x25, 0xf2, 0x25, 0xf2, 0x26, 0xf2, 0x25, 0xf2, 0x25, 0xf2,
    0x25, 0xf2, 0x25, 0xf2, 0x25, 0xf2, 0x25, 0xf2, 0x25, 0xf2, 0x25, 0xf2, 0x25, 0xf2, 0x25, 0xf2,
    0x36, 0xf2, 0x36, 0xf2, 0x26, 0xf2, 0x25, 0xf2, 0x25, 0xf2, 0x26, 0xf2, 0x26, 0xf2, 0x26, 0xf2,
    0x26, 0xf2, 0x26, 0xf2, 0x26, 0xf2, 0x26, 0xf2, 0x26, 0xf2, 0x26, 0xf2, 0x36, 0xf2, 0x36, 0xf2,
    0x36, 0xf2, 0x36, 0xf2, 0x36, 0xf2, 0x35, 0xf2, 0x36, 0xf2, 0x36, 0xf2, 0x36, 0xf2, 0x36, 0xf2,
    0x36, 0xf2, 0x36, 0xf2, 0x36, 0xf2, 0x36, 0xf2, 0x36, 0xf2, 0x36, 0xf2, 0x36, 0xf2, 0x47, 0xf2,
    0x37, 0xf2, 0x36, 0xf2, 0x36, 0xf2, 0x36, 0xf2, 0x36, 0xf2, 0x36, 0xf2, 0x36, 0xf2, 0x36, 0xf2,
    0x36, 0xf2, 0x36, 0xf2, 0x36, 0xf2, 0x36, 0xf2, 0x36, 0xf2, 0x36, 0xf2, 0x36, 0xf2, 0x26, 0xf2,
    0x26, 0xf2, 0x26, 0xf2, 0x36, 0xf2, 0x36, 0xf2, 0x36, 0xf2, 0x36, 0xf2, 0x36, 0xf2, 0x36, 0xf2,
    0x36, 0xf2, 0x36, 0xf2, 0x36, 0xf2, 0x26, 0xf2, 0x36, 0xf2, 0x26, 0xf2, 0x25, 0xf2, 0x25, 0xf2,
    0x25, 0xf2, 0x25, 0xf2, 0x25, 0xf2, 0x25, 0xf2, 0x25, 0xf2, 0x25, 0xf2, 0x25, 0xf2, 0x25, 0xf2,
    0x25, 0xf2, 0x25, 0xf2, 0x25, 0xf2, 0x24, 0xf2, 0x24, 0xf2, 0x24, 0xf2, 0x24, 0xf2, 0x24, 0xf2,
    0x24, 0xf2, 0x24, 0xf2, 0x24, 0xf2, 0x14, 0xf2, 0x14, 0xf2, 0x24, 0xf2, 0x24, 0xf2, 0x14, 0xf2,
    0x14, 0xf2, 0x14, 0xf2, 0x24, 0xf2, 0x14, 0xf2, 0x14, 0xf2, 0x14, 0xf2, 0x14, 0xf2, 0x25, 0xf2,
    0x46, 0xf2, 0x14, 0xf2, 0x14, 0xf2, 0x14, 0xf2, 0x13, 0xf2, 0x14, 0xf2, 0x14, 0xf2, 0x14, 0xf2,
    0x14, 0xf2, 0x14, 0xf2, 0x14, 0xf2, 0x14, 0xf2, 0x13, 0xf1, 0x13, 0xf1, 0x13, 0xf1, 0x13, 0xf1,
    0x14, 0xf2, 0x13, 0xf2, 0x14, 0xf2, 0x13, 0xf1, 0x13, 0xf1, 0x14, 0xf2, 0x14, 0xf2, 0x14, 0xf2,
    0x14, 0xf2, 0x14, 0xf2, 0x14, 0xf2, 0x14, 0xf2, 0x14, 0xf2, 0x14, 0xf2, 0x13, 0xf1, 0x13, 0xf2,
    0x26, 0xf2, 0x26, 0xf2, 0x26, 0xf2, 0x26, 0xf2, 0x26, 0xf2, 0x25, 0xf2, 0x26, 0xf2, 0x26, 0xf2,
    0x26, 0xf2, 0x26, 0xf2, 0x26, 0xf2, 0x26, 0xf2, 0x26, 0xf2, 0x26, 0xf2, 0x26, 0xf2, 0x26, 0xf2,
    0x26, 0xf2, 0x26, 0xf2, 0x26, 0xf2, 0x26, 0xf2, 0x26, 0xf2, 0x26, 0xf2, 0x26, 0xf2, 0x26, 0xf2,
    0x26, 0xf2, 0x26, 0xf2, 0x26, 0xf2, 0x26, 0xf2, 0x26, 0xf2, 0x26, 0xf2, 0x26, 0xf2, 0x26, 0xf2,
    0x26, 0xf2, 0x36, 0xf2, 0x26, 0xf2, 0x26, 0xf2, 0x25, 0xf2, 0x25, 0xf2, 0x25, 0xf2, 0x26, 0xf2,
    0x25, 0xf2, 0x26, 0xf2, 0x36, 0xf2, 0x26, 0xf2, 0x25, 0xf2, 0x26, 0xf2, 0x26, 0xf2, 0x26, 0xf2,
    0x26, 0xf2, 0x36, 0xf2, 0x36, 0xf2, 0x26, 0xf2, 0x26, 0xf2, 0x26, 0xf2, 0x26, 0xf2, 0x26, 0xf2,
    0x25, 0xf2, 0x26, 0xf2, 0x26, 0xf2, 0x25, 0xf2, 0x25, 0xf2, 0x25, 0xf2, 0x26, 0xf2, 0x25, 0xf2,
    0x25, 0xf2, 0x25, 0xf2, 0x26, 0xf2, 0x26, 0xf2, 0x26, 0xf2, 0x25, 0xf2, 0x25, 0xf2, 0x25, 0xf2,
    0x25, 0xf2, 0x25, 0xf2, 0x25, 0xf2, 0x25, 0xf2, 0x25, 0xf2, 0x25, 0xf2, 0x25, 0xf2, 0x25, 0xf2,
    0x24, 0xf2, 0x24, 0xf2, 0x25, 0xf2, 0x25, 0xf2, 0x25, 0xf2, 0x35, 0xf2, 0x36, 0xf2, 0x25, 0xf2,
    0x25, 0xf2, 0x25, 0xf2, 0x25, 0xf2, 0x25, 0xf2, 0x25, 0xf2, 0x25, 0xf2, 0x25, 0xf2, 0x25, 0xf2,
    0x25, 0xf2, 0x25, 0xf2, 0x25, 0xf2, 0x25, 0xf2, 0x36, 0xf2, 0x26, 0xf2, 0x36, 0xf2, 0x26, 0xf2,
    0x25, 0xf2, 0x25, 0xf2, 0x25, 0xf2, 0x25, 0xf2, 0x25, 0xf2, 0x25, 0xf2, 0x25, 0xf2, 0x26, 0xf2,
    0x26, 0xf2, 0x36, 0xf2, 0x36, 0xf2, 0x26, 0xf2, 0x26, 0xf2, 0x26, 0xf2, 0x26, 0xf2, 0x26, 0xf2,
    0x26, 0xf2, 0x36, 0xf2, 0x36, 0xf2, 0x36, 0xf2, 0x36, 0xf2, 0x36, 0xf2, 0x36, 0xf2, 0x36, 0xf2,
    0x36, 0xf2, 0x36, 0xf2, 0x36, 0xf2, 0x36, 0xf2, 0x36, 0xf2, 0x26, 0xf2, 0x25, 0xf2, 0x35, 0xf2,
    0x36, 0xf2, 0x36, 0xf2, 0x36, 0xf2, 0x36, 0xf2, 0x36, 0xf2, 0x36, 0xf2, 0x36, 0xf2, 0x47, 0xf2,
    0x37, 0xf2, 0x36, 0xf2, 0x36, 0xf2, 0x36, 0xf2, 0x36, 0xf2, 0x36, 0xf2, 0x36, 0xf2, 0x36, 0xf2,
    0x36, 0xf2, 0x36, 0xf2, 0x36, 0xf2, 0x37, 0xf2, 0x36, 0xf2, 0x26, 0xf2, 0x36, 0xf2, 0x26, 0xf2,
    0x26, 0xf2, 0x36, 0xf2, 0x36, 0xf2, 0x36, 0xf2, 0x36, 0xf2, 0x36, 0xf2, 0x36, 0xf2, 0x36, 0xf2,
    0x36, 0xf2, 0x36, 0xf2, 0x36, 0xf2, 0x36, 0xf2, 0x36, 0xf2, 0x36, 0xf2, 0x25, 0xf2, 0x25, 0xf2,
    0x25, 0xf2, 0x25, 0xf2, 0x25, 0xf2, 0x25, 0xf2, 0x25, 0xf2, 0x25, 0xf2, 0x25, 0xf2, 0x25, 0xf2,
    0x25, 0xf2, 0x25, 0xf2, 0x25, 0xf2, 0x25, 0xf2, 0x25, 0xf2, 0x24, 0xf2, 0x24, 0xf2, 0x24, 0xf2,
    0x24, 0xf2, 0x24, 0xf2, 0x24, 0xf2, 0x24, 0xf2, 0x14, 0xf2, 0x24, 0xf2, 0x24, 0xf2, 0x14, 0xf2,
    0x24, 0xf2, 0x14, 0xf2, 0x14, 0xf2, 0x24, 0xf2, 0x14, 0xf2, 0x14, 0xf2, 0x24, 0xf2, 0x14, 0xf2,
    0x14, 0xf2, 0x24, 0xf2, 0x24, 0xf2, 0x14, 0xf2, 0x14, 0xf2, 0x13, 0xf2, 0x13, 0xf2, 0x14, 0xf2,
    0x13, 0xf1, 0x13, 0xf1, 0x13, 0xf1, 0x13, 0xf2, 0x13, 0xf1, 0x13, 0xf1, 0x13, 0xf2, 0x13, 0xf1,
    0x14, 0xf2, 0x14, 0xf2, 0x14, 0xf2, 0x13, 0xf1, 0x14, 0xf2, 0x14, 0xf2, 0x14, 0xf2, 0x14, 0xf2,
    0x14, 0xf2, 0x24, 0xf2, 0x14, 0xf2, 0x14, 0xf2, 0x14, 0xf2, 0x14, 0xf2, 0x13, 0xf1, 0x13, 0xf1,
    0x26, 0xf2, 0x26, 0xf2, 0x26, 0xf2, 0x26, 0xf2, 0x26, 0xf2, 0x26, 0xf2, 0x26, 0xf2, 0x26, 0xf2,
    0x26, 0xf2, 0x26, 0xf2, 0x26, 0xf2, 0x26, 0xf2, 0x26, 0xf2, 0x26, 0xf2, 0x25, 0xf2, 0x25, 0xf2,
    0x26, 0xf2, 0x26, 0xf2, 0x26, 0xf2, 0x26, 0xf2, 0x26, 0xf2, 0x26, 0xf2, 0x36, 0xf2, 0x26, 0xf2,
    0x26, 0xf2, 0x26, 0xf2, 0x26, 0xf2, 0x26, 0xf2, 0x26, 0xf2, 0x26, 0xf2, 0x26, 0xf2, 0x26, 0xf2,
    0x26, 0xf2, 0x26, 0xf2, 0x25, 0xf2, 0x26, 0xf2, 0x26, 0xf2, 0x26, 0xf2, 0x25, 0xf2, 0x26, 0xf2,
    0x25, 0xf2, 0x26, 0xf2, 0x26, 0xf2, 0x36, 0xf2, 0x36, 0xf2, 0x26, 0xf2, 0x26, 0xf2, 0x26, 0xf2,
    0x36, 0xf2, 0x36, 0xf2, 0x36, 0xf2, 0x26, 0xf2, 0x26, 0xf2, 0x26, 0xf2, 0x26, 0xf2, 0x26, 0xf2,
    0x25, 0xf2, 0x26, 0xf2, 0x25, 0xf2, 0x25, 0xf2, 0x36, 0xf2, 0x25, 0xf2, 0x25, 0xf2, 0x25, 0xf2,
    0x25, 0xf2, 0x25, 0xf2, 0x25, 0xf2, 0x25, 0xf2, 0x25, 0xf2, 0x25, 0xf2, 0x25, 0xf2, 0x25, 0xf2,
    0x25, 0xf2, 0x25, 0xf2, 0x25, 0xf2, 0x25, 0xf2, 0x25, 0xf2, 0x25, 0xf2, 0x25, 0xf2, 0x25, 0xf2,
    0x25, 0xf2, 0x25, 0xf2, 0x25, 0xf2, 0x25, 0xf2, 0x26, 0xf2, 0x68, 0xf3, 0x57, 0xf3, 0x25, 0xf2,
    0x25, 0xf2, 0x25, 0xf2, 0x25, 0xf2, 0x25, 0xf2, 0x25, 0xf2, 0x25, 0xf2, 0x25, 0xf2, 0x25, 0xf2,
    0x25, 0xf2, 0x25, 0xf2, 0x25, 0xf2, 0x25, 0xf2, 0x26, 0xf2, 0x26, 0xf2, 0x36, 0xf2, 0x36, 0xf2,
    0x25, 0xf2, 0x25, 0xf2, 0x25, 0xf2, 0x25, 0xf2, 0x25, 0xf2, 0x25, 0xf2, 0x26, 0xf2, 0x26, 0xf2,
    0x26, 0xf2, 0x26, 0xf2, 0x26, 0xf2, 0x26, 0xf2, 0x26, 0xf2, 0x36, 0xf2, 0x36, 0xf2, 0x26, 0xf2,
    0x26, 0xf2, 0x36, 0xf2, 0x36, 0xf2, 0x36, 0xf2, 0x36, 0xf2, 0x36, 0xf2, 0x36, 0xf2, 0x36, 0xf2,
    0x36, 0xf2, 0x36, 0xf2, 0x36, 0xf2, 0x36, 0xf2, 0x35, 0xf2, 0x25, 0xf2, 0x25, 0xf2, 0x36, 0xf2,
    0x36, 0xf2, 0x36, 0xf2, 0x36, 0xf2, 0x36, 0xf2, 0x36, 0xf2, 0x36, 0xf2, 0x36, 0xf2, 0x37, 0xf2,
    0x37, 0xf2, 0x36, 0xf2, 0x36, 0xf2, 0x36, 0xf2, 0x36, 0xf2, 0x36, 0xf2, 0x36, 0xf2, 0x36, 0xf2,
    0x36, 0xf2, 0x36, 0xf2, 0x36, 0xf2, 0x36, 0xf2, 0x36, 0xf2, 0x36, 0xf2, 0x26, 0xf2, 0x25, 0xf2,
    0x26, 0xf2, 0x26, 0xf2, 0x36, 0xf2, 0x36, 0xf2, 0x26, 0xf2, 0x26, 0xf2, 0x36, 0xf2, 0x36, 0xf2,
    0x26, 0xf2, 0x36, 0xf2, 0x37, 0xf2, 0x36, 0xf2, 0x26, 0xf2, 0x36, 0xf2, 0x26, 0xf2, 0x25, 0xf2,
    0x25, 0xf2, 0x25, 0xf2, 0x25, 0xf2, 0x25, 0xf2, 0x25, 0xf2, 0x25, 0xf2, 0x25, 0xf2, 0x25, 0xf2,
    0x25, 0xf2, 0x25, 0xf2, 0x25, 0xf2, 0x25, 0xf2, 0x25, 0xf2, 0x24, 0xf2, 0x24, 0xf2, 0x24, 0xf2,
    0x24, 0xf2, 0x24, 0xf2, 0x24, 0xf2, 0x24, 0xf2, 0x24, 0xf2, 0x24, 0xf2, 0x24, 0xf2, 0x24, 0xf2,
    0x24, 0xf2, 0x24, 0xf2, 0x24, 0xf2, 0x24, 0xf2, 0x24, 0xf2, 0x14, 0xf2, 0x14, 0xf2, 0x14, 0xf2,
    0x24, 0xf2, 0x24, 0xf2, 0x14, 0xf2, 0x13, 0xf2, 0x14, 0xf2, 0x14, 0xf2, 0x13, 0xf1, 0x13, 0xf1,
    0x13, 0xf1, 0x13, 0xf1, 0x13, 0xf1, 0x13, 0xf1, 0x13, 0xf1, 0x13, 0xf1, 0x13, 0xf1, 0x13, 0xf1,
    0x13, 0xf2, 0x14, 0xf2, 0x14, 0xf2, 0x14, 0xf2, 0x14, 0xf2, 0x14, 0xf2, 0x14, 0xf2, 0x14, 0xf2,
    0x24, 0xf2, 0x24, 0xf2, 0x14, 0xf2, 0x14, 0xf2, 0x13, 0xf2, 0x13, 0xf1, 0x14, 0xf2, 0x14, 0xf2,
    0x26, 0xf2, 0x25, 0xf2, 0x25, 0xf2, 0x25, 0xf2, 0x26, 0xf2, 0x26, 0xf2, 0x26, 0xf2, 0x26, 0xf2,
    0x26, 0xf2, 0x26, 0xf2, 0x26, 0xf2, 0x26, 0xf2, 0x26, 0xf2, 0x26, 0xf2, 0x25, 0xf2, 0x25, 0xf2,
    0x26, 0xf2, 0x26, 0xf2, 0x26, 0xf2, 0x36, 0xf2, 0x36, 0xf2, 0x36, 0xf2, 0x26, 0xf2, 0x26, 0xf2,
    0x26, 0xf2, 0x26, 0xf2, 0x26, 0xf2, 0x26, 0xf2, 0x26, 0xf2, 0x26, 0xf2, 0x26, 0xf2, 0x26, 0xf2,
    0x26, 0xf2, 0x26, 0xf2, 0x25, 0xf2, 0x25, 0xf2, 0x26, 0xf2, 0x26, 0xf2, 0x26, 0xf2, 0x26, 0xf2,
    0x26, 0xf2, 0x25, 0xf2, 0x26, 0xf2, 0x36, 0xf2, 0x36, 0xf2, 0x36, 0xf2, 0x26, 0xf2, 0x25, 0xf2,
    0x26, 0xf2, 0x26, 0xf2, 0x36, 0xf2, 0x36, 0xf2, 0x26, 0xf2, 0x26, 0xf2, 0x36, 0xf2, 0x26, 0xf2,
    0x26, 0xf2, 0x26, 0xf2, 0x25, 0xf2, 0x25, 0xf2, 0x36, 0xf2, 0x25, 0xf2, 0x25, 0xf2, 0x26, 0xf2,
    0x25, 0xf2, 0x25, 0xf2, 0x25, 0xf2, 0x25, 0xf2, 0x25, 0xf2, 0x25, 0xf2, 0x25, 0xf2, 0x25, 0xf2,
    0x25, 0xf2, 0x25, 0xf2, 0x24, 0xf2, 0x24, 0xf2, 0x25, 0xf2, 0x25, 0xf2, 0x25, 0xf2, 0x25, 0xf2,
    0x25, 0xf2, 0x25, 0xf2, 0x25, 0xf2, 0x25, 0xf2, 0x25, 0xf2, 0x36, 0xf2, 0x36, 0xf2, 0x25, 0xf2,
    0x25, 0xf2, 0x25, 0xf2, 0x25, 0xf2, 0x25, 0xf2, 0x25, 0xf2, 0x25, 0xf2, 0x25, 0xf2, 0x25, 0xf2,
    0x25, 0xf2, 0x25, 0xf2, 0x25, 0xf2, 0x25, 0xf2, 0x26, 0xf2, 0x26, 0xf2, 0x47, 0xf2, 0x36, 0xf2,
    0x25, 0xf2, 0x25, 0xf2, 0x25, 0xf2, 0x25, 0xf2, 0x25, 0xf2, 0x26, 0xf2, 0x26, 0xf2, 0x25, 0xf2,
    0x26, 0xf2, 0x26, 0xf2, 0x26, 0xf2, 0x36, 0xf2, 0x36, 0xf2, 0x36, 0xf2, 0x36, 0xf2, 0x26, 0xf2,
    0x26, 0xf2, 0x36, 0xf2, 0x36, 0xf2, 0x36, 0xf2, 0x36, 0xf2, 0x36, 0xf2, 0x36, 0xf2, 0x36, 0xf2,
    0x36, 0xf2, 0x36, 0xf2, 0x36, 0xf2, 0x36, 0xf2, 0x25, 0xf2, 0x36, 0xf2, 0x36, 0xf2, 0x36, 0xf2,
    0x36, 0xf2, 0x36, 0xf2, 0x36, 0xf2, 0x36, 0xf2, 0x36, 0xf2, 0x37, 0xf2, 0x36, 0xf2, 0x36, 0xf2,
    0x47, 0xf3, 0x37, 0xf2, 0x36, 0xf2, 0x36, 0xf2, 0x36, 0xf2, 0x36, 0xf2, 0x36, 0xf2, 0x36, 0xf2,
    0x36, 0xf2, 0x36, 0xf2, 0x36, 0xf2, 0x36, 0xf2, 0x36, 0xf2, 0x36, 0xf2, 0x36, 0xf2, 0x25, 0xf2,
    0x25, 0xf2, 0x36, 0xf2, 0x36, 0xf2, 0x36, 0xf2, 0x36, 0xf2, 0x26, 0xf2, 0x26, 0xf2, 0x36, 0xf2,
    0x36, 0xf2, 0x36, 0xf2, 0x36, 0xf2, 0x37, 0xf2, 0x36, 0xf2, 0x36, 0xf2, 0x36, 0xf2, 0x25, 0xf2,
    0x25, 0xf2, 0x25, 0xf2, 0x25, 0xf2, 0x25, 0xf2, 0x25, 0xf2, 0x25, 0xf2, 0x25, 0xf2, 0x25, 0xf2,
    0x25, 0xf2, 0x25, 0xf2, 0x25, 0xf2, 0x25, 0xf2, 0x24, 0xf2, 0x25, 0xf2, 0x24, 0xf2, 0x24, 0xf2,
    0x24, 0xf2, 0x24, 0xf2, 0x25, 0xf2, 0x36, 0xf2, 0x25, 0xf2, 0x24, 0xf2, 0x24, 0xf2, 0x25, 0xf2,
    0x24, 0xf2, 0x24, 0xf2, 0x24, 0xf2, 0x24, 0xf2, 0x24, 0xf2, 0x24, 0xf2, 0x24, 0xf2, 0x24, 0xf2,
    0x24, 0xf2, 0x24, 0xf2, 0x14, 0xf2, 0x14, 0xf2, 0x24, 0xf2, 0x24, 0xf2, 0x13, 0xf2, 0x13, 0xf2,
    0x13, 0xf2, 0x13, 0xf1, 0x13, 0xf1, 0x13, 0xf1, 0x13, 0xf1, 0x13, 0xf1, 0x13, 0xf1, 0x13, 0xf2,
    0x13, 0xf1, 0x13, 0xf2, 0x14, 0xf2, 0x14, 0xf2, 0x24, 0xf2, 0x24, 0xf2, 0x24, 0xf2, 0x24, 0xf2,
    0x14, 0xf2, 0x24, 0xf2, 0x14, 0xf2, 0x14, 0xf2, 0x13, 0xf1, 0x13, 0xf1, 0x13, 0xf2, 0x14, 0xf2,
    0x25, 0xf2, 0x25, 0xf2, 0x25, 0xf2, 0x25, 0xf2, 0x25, 0xf2, 0x26, 0xf2, 0x26, 0xf2, 0x26, 0xf2,
    0x26, 0xf2, 0x26, 0xf2, 0x26, 0xf2, 0x26, 0xf2, 0x26, 0xf2, 0x26, 0xf2, 0x25, 0xf2, 0x26, 0xf2,
    0x26, 0xf2, 0x25, 0xf2, 0x26, 0xf2, 0x36, 0xf2, 0x26, 0xf2, 0x36, 0xf2, 0x26, 0xf2, 0x26, 0xf2,
    0x26, 0xf2, 0x26, 0xf2, 0x26, 0xf2, 0x26, 0xf2, 0x26, 0xf2, 0x26, 0xf2, 0x26, 0xf2, 0x26, 0xf2,
    0x26, 0xf2, 0x26, 0xf2, 0x26, 0xf2, 0x26, 0xf2, 0x26, 0xf2, 0x26, 0xf2, 0x26, 0xf2, 0x26, 0xf2,
    0x26, 0xf2, 0x26, 0xf2, 0x36, 0xf2, 0x37, 0xf2, 0x36, 0xf2, 0x36, 0xf2, 0x26, 0xf2, 0x26, 0xf2,
    0x26, 0xf2, 0x26, 0xf2, 0x36, 0xf2, 0x36, 0xf2, 0x36, 0xf2, 0x26, 0xf2, 0x36, 0xf2, 0x26, 0xf2,
    0x26, 0xf2, 0x26, 0xf2, 0x25, 0xf2, 0x25, 0xf2, 0x25, 0xf2, 0x25, 0xf2, 0x26, 0xf2, 0x26, 0xf2,
    0x26, 0xf2, 0x25, 0xf2, 0x25, 0xf2, 0x25, 0xf2, 0x25, 0xf2, 0x25, 0xf2, 0x25, 0xf2, 0x25, 0xf2,
    0x25, 0xf2, 0x25, 0xf2, 0x25, 0xf2, 0x25, 0xf2, 0x25, 0xf2, 0x25, 0xf2, 0x25, 0xf2, 0x25, 0xf2,
    0x25, 0xf2, 0x25, 0xf2, 0x25, 0xf2, 0x25, 0xf2, 0x25, 0xf2, 0x25, 0xf2, 0x25, 0xf2, 0x25, 0xf2,
    0x25, 0xf2, 0x25, 0xf2, 0x25, 0xf2, 0x25, 0xf2, 0x25, 0xf2, 0x25, 0xf2, 0x25, 0xf2, 0x25, 0xf2,
    0x25, 0xf2, 0x25, 0xf2, 0x26, 0xf2, 0x25, 0xf2, 0x26, 0xf2, 0x36, 0xf2, 0x47, 0xf3, 0x25, 0xf2,
    0x25, 0xf2, 0x25, 0xf2, 0x25, 0xf2, 0x25, 0xf2, 0x25, 0xf2, 0x25, 0xf2, 0x26, 0xf2, 0x26, 0xf2,
    0x36, 0xf2, 0x36, 0xf2, 0x36, 0xf2, 0x36, 0xf2, 0x36, 0xf2, 0x36, 0xf2, 0x36, 0xf2, 0x36, 0xf2,
    0x36, 0xf2, 0x36, 0xf2, 0x36, 0xf2, 0x36, 0xf2, 0x36, 0xf2, 0x36, 0xf2, 0x36, 0xf2, 0x36, 0xf2,
    0x36, 0xf2, 0x36, 0xf2, 0x36, 0xf2, 0x36, 0xf2, 0x26, 0xf2, 0x36, 0xf2, 0x36, 0xf2, 0x36, 0xf2,
    0x36, 0xf2, 0x36, 0xf2, 0x36, 0xf2, 0x47, 0xf3, 0x48, 0xf3, 0x48, 0xf3, 0x37, 0xf2, 0x36, 0xf2,
    0x47, 0xf2, 0x47, 0xf3, 0x36, 0xf2, 0x36, 0xf2, 0x36, 0xf2, 0x36, 0xf2, 0x36, 0xf2, 0x36, 0xf2,
    0x36, 0xf2, 0x36, 0xf2, 0x36, 0xf2, 0x36, 0xf2, 0x36, 0xf2, 0x36, 0xf2, 0x36, 0xf2, 0x36, 0xf2,
    0x25, 0xf2, 0x36, 0xf2, 0x36, 0xf2, 0x26, 0xf2, 0x26, 0xf2, 0x36, 0xf2, 0x36, 0xf2, 0x26, 0xf2,
    0x25, 0xf2, 0x26, 0xf2, 0x26, 0xf2, 0x36, 0xf2, 0x36, 0xf2, 0x36, 0xf2, 0x36, 0xf2, 0x36, 0xf2,
    0x25, 0xf2, 0x25, 0xf2, 0x25, 0xf2, 0x25, 0xf2, 0x25, 0xf2, 0x25, 0xf2, 0x25, 0xf2, 0x25, 0xf2,
    0x25, 0xf2, 0x25, 0xf2, 0x25, 0xf2, 0x25, 0xf2, 0x25, 0xf2, 0x25, 0xf2, 0x25, 0xf2, 0x24, 0xf2,
    0x24, 0xf2, 0x25, 0xf2, 0x46, 0xf2, 0x8a, 0xf4, 0x46, 0xf2, 0x14, 0xf2, 0x24, 0xf2, 0x24, 0xf2,
    0x24, 0xf2, 0x24, 0xf2, 0x24, 0xf2, 0x14, 0xf2, 0x24, 0xf2, 0x24, 0xf2, 0x24, 0xf2, 0x24, 0xf2,
    0x24, 0xf2, 0x24, 0xf2, 0x14, 0xf2, 0x14, 0xf2, 0x14, 0xf2, 0x24, 0xf2, 0x14, 0xf2, 0x14, 0xf2,
    0x14, 0xf2, 0x14, 0xf2, 0x13, 0xf1, 0x13, 0xf1, 0x13, 0xf1, 0x13, 0xf1, 0x13, 0xf1, 0x14, 0xf2,
    0x13, 0xf2, 0x14, 0xf2, 0x14, 0xf2, 0x14, 0xf2, 0x14, 0xf2, 0x24, 0xf2, 0x24, 0xf2, 0x14, 0xf2,
    0x14, 0xf2, 0x24, 0xf2, 0x24, 0xf2, 0x14, 0xf2, 0x13, 0xf1, 0x14, 0xf2, 0x14, 0xf2, 0x14, 0xf2,
    0x25, 0xf2, 0x25, 0xf2, 0x25, 0xf2, 0x25, 0xf2, 0x26, 0xf2, 0x26, 0xf2, 0x26, 0xf2, 0x26, 0xf2,
    0x26, 0xf2, 0x26, 0xf2, 0x26, 0xf2, 0x26, 0xf2, 0x26, 0xf2, 0x26, 0xf2, 0x26, 0xf2, 0x26, 0xf2,
    0x25, 0xf2, 0x25, 0xf2, 0x25, 0xf2, 0x25, 0xf2, 0x26, 0xf2, 0x26, 0xf2, 0x26, 0xf2, 0x26, 0xf2,
    0x26, 0xf2, 0x26, 0xf2, 0x26, 0xf2, 0x26, 0xf2, 0x26, 0xf2, 0x36, 0xf2, 0x26, 0xf2, 0x26, 0xf2,
    0x26, 0xf2, 0x26, 0xf2, 0x26, 0xf2, 0x26, 0xf2, 0x26, 0xf2, 0x36, 0xf2, 0x36, 0xf2, 0x26, 0xf2,
    0x26, 0xf2, 0x26, 0xf2, 0x36, 0xf2, 0x36, 0xf2, 0x36, 0xf2, 0x36, 0xf2, 0x36, 0xf2, 0x26, 0xf2,
    0x26, 0xf2, 0x26, 0xf2, 0x36, 0xf2, 0x36, 0xf2, 0x36, 0xf2, 0x26, 0xf2, 0x26, 0xf2, 0x26, 0xf2,
    0x26, 0xf2, 0x26, 0xf2, 0x26, 0xf2, 0x25, 0xf2, 0x26, 0xf2, 0x26, 0xf2, 0x26, 0xf2, 0x26, 0xf2,
    0x26, 0xf2, 0x26, 0xf2, 0x25, 0xf2, 0x36, 0xf2, 0x36, 0xf2, 0x25, 0xf2, 0x25, 0xf2, 0x25, 0xf2,
    0x25, 0xf2, 0x25, 0xf2, 0x25, 0xf2, 0x25, 0xf2, 0x25, 0xf2, 0x25, 0xf2, 0x25, 0xf2, 0x25, 0xf2,
    0x25, 0xf2, 0x25, 0xf2, 0x25, 0xf2, 0x25, 0xf2, 0x25, 0xf2, 0x25, 0xf2, 0x25, 0xf2, 0x25, 0xf2,
    0x25, 0xf2, 0x25, 0xf2, 0x25, 0xf2, 0x25, 0xf2, 0x25, 0xf2, 0x25, 0xf2, 0x25, 0xf2, 0x25, 0xf2,
    0x25, 0xf2, 0x25, 0xf2, 0x25, 0xf2, 0x26, 0xf2, 0x26, 0xf2, 0x36, 0xf2, 0x36, 0xf2, 0x25, 0xf2,
    0x25, 0xf2, 0x25, 0xf2, 0x25, 0xf2, 0x25, 0xf2, 0x25, 0xf2, 0x25, 0xf2, 0x26, 0xf2, 0x26, 0xf2,
    0x26, 0xf2, 0x26, 0xf2, 0x36, 0xf2, 0x36, 0xf2, 0x36, 0xf2, 0x36, 0xf2, 0x36, 0xf2, 0x36, 0xf2,
    0x36, 0xf2, 0x36, 0xf2, 0x36, 0xf2, 0x36, 0xf2, 0x36, 0xf2, 0x36, 0xf2, 0x36, 0xf2, 0x36, 0xf2,
    0x36, 0xf2, 0x36, 0xf2, 0x36, 0xf2, 0x36, 0xf2, 0x36, 0xf2, 0x36, 0xf2, 0x36, 0xf2, 0x36, 0xf2,
    0x36, 0xf2, 0x36, 0xf2, 0x37, 0xf2, 0x79, 0xf3, 0x69, 0xf3, 0x37, 0xf2, 0x36, 0xf2, 0x36, 0xf2,
    0x48, 0xf3, 0x58, 0xf3, 0x36, 0xf2, 0x36, 0xf2, 0x36, 0xf2, 0x36, 0xf2, 0x36, 0xf2, 0x36, 0xf2,
    0x36, 0xf2, 0x36, 0xf2, 0x36, 0xf2, 0x36, 0xf2, 0x36, 0xf2, 0x26, 0xf2, 0x36, 0xf2, 0x26, 0xf2,
    0x25, 0xf2, 0x25, 0xf2, 0x25, 0xf2, 0x26, 0xf2, 0x26, 0xf2, 0x36, 0xf2, 0x36, 0xf2, 0x26, 0xf2,
    0x26, 0xf2, 0x26, 0xf2, 0x36, 0xf2, 0x36, 0xf2, 0x36, 0xf2, 0x36, 0xf2, 0x36, 0xf2, 0x36, 0xf2,
    0x25, 0xf2, 0x25, 0xf2, 0x25, 0xf2, 0x25, 0xf2, 0x36, 0xf2, 0x25, 0xf2, 0x25, 0xf2, 0x25, 0xf2,
    0x25, 0xf2, 0x25, 0xf2, 0x25, 0xf2, 0x25, 0xf2, 0x25, 0xf2, 0x25, 0xf2, 0x25, 0xf2, 0x25, 0xf2,
    0x25, 0xf2, 0x25, 0xf2, 0x35, 0xf2, 0x46, 0xf2, 0x25, 0xf2, 0x24, 0xf2, 0x24, 0xf2, 0x24, 0xf2,
    0x24, 0xf2, 0x24, 0xf2, 0x24, 0xf2, 0x24, 0xf2, 0x24, 0xf2, 0x24, 0xf2, 0x25, 0xf2, 0x24, 0xf2,
    0x14, 0xf2, 0x14, 0xf2, 0x14, 0xf2, 0x24, 0xf2, 0x14, 0xf2, 0x14, 0xf2, 0x14, 0xf2, 0x14, 0xf2,
    0x14, 0xf2, 0x14, 0xf2, 0x13, 0xf1, 0x13, 0xf1, 0x13, 0xf1, 0x13, 0xf1, 0x13, 0xf2, 0x14, 0xf2,
    0x13, 0xf2, 0x14, 0xf2, 0x14, 0xf2, 0x14, 0xf2, 0x14, 0xf2, 0x14, 0xf2, 0x24, 0xf2, 0x14, 0xf2,
    0x14, 0xf2, 0x24, 0xf2, 0x24, 0xf2, 0x14, 0xf2, 0x14, 0xf2, 0x14, 0xf2, 0x14, 0xf2, 0x14, 0xf2,
    0x25, 0xf2, 0x25, 0xf2, 0x25, 0xf2, 0x26, 0xf2, 0x26, 0xf2, 0x26, 0xf2, 0x26, 0xf2, 0x26, 0xf2,
    0x26, 0xf2, 0x26, 0xf2, 0x26, 0xf2, 0x26, 0xf2, 0x26, 0xf2, 0x26, 0xf2, 0x26, 0xf2, 0x25, 0xf2,
    0x25, 0xf2, 0x25, 0xf2, 0x25, 0xf2, 0x25, 0xf2, 0x25, 0xf2, 0x25, 0xf2, 0x26, 0xf2, 0x26, 0xf2,
    0x26, 0xf2, 0x26, 0xf2, 0x26, 0xf2, 0x26, 0xf2, 0x26, 0xf2, 0x26, 0xf2, 0x26, 0xf2, 0x26, 0xf2,
    0x26, 0xf2, 0x26, 0xf2, 0x36, 0xf2, 0x26, 0xf2, 0x26, 0xf2, 0x36, 0xf2, 0x26, 0xf2, 0x36, 0xf2,
    0x26, 0xf2, 0x36, 0xf2, 0x36, 0xf2, 0x36, 0xf2, 0x36, 0xf2, 0x36, 0xf2, 0x36, 0xf2, 0x36, 0xf2,
    0x26, 0xf2, 0x26, 0xf2, 0x36, 0xf2, 0x36, 0xf2, 0x36, 0xf2, 0x36, 0xf2, 0x26, 0xf2, 0x26, 0xf2,
    0x25, 0xf2, 0x25, 0xf2, 0x25, 0xf2, 0x26, 0xf2, 0x26, 0xf2, 0x26, 0xf2, 0x26, 0xf2, 0x26, 0xf2,
    0x26, 0xf2, 0x25, 0xf2, 0x25, 0xf2, 0x25, 0xf2, 0x25, 0xf2, 0x26, 0xf2, 0x25, 0xf2, 0x25, 0xf2,
    0x26, 0xf2, 0x25, 0xf2, 0x25, 0xf2, 0x25, 0xf2, 0x25, 0xf2, 0x25, 0xf2, 0x25, 0xf2, 0x25, 0xf2,
    0x25, 0xf2, 0x25, 0xf2, 0x25, 0xf2, 0x25, 0xf2, 0x25, 0xf2, 0x25, 0xf2, 0x25, 0xf2, 0x25, 0xf2,
    0x25, 0xf2, 0x25, 0xf2, 0x25, 0xf2, 0x25, 0xf2, 0x25, 0xf2, 0x25, 0xf2, 0x25, 0xf2, 0x25, 0xf2,
    0x25, 0xf2, 0x25, 0xf2, 0x25, 0xf2, 0x25, 0xf2, 0x26, 0xf2, 0x36, 0xf2, 0x26, 0xf2, 0x25, 0xf2,
    0x25, 0xf2, 0x25, 0xf2, 0x25, 0xf2, 0x26, 0xf2, 0x26, 0xf2, 0x26, 0xf2, 0x26, 0xf2, 0x26, 0xf2,
    0x26, 0xf2, 0x36, 0xf2, 0x36, 0xf2, 0x36, 0xf2, 0x36, 0xf2, 0x36, 0xf2, 0x36, 0xf2, 0x36, 0xf2,
    0x36, 0xf2, 0x36, 0xf2, 0x36, 0xf2, 0x36, 0xf2, 0x36, 0xf2, 0x36, 0xf2, 0x36, 0xf2, 0x36, 0xf2,
    0x36, 0xf2, 0x36, 0xf2, 0x36, 0xf2, 0x36, 0xf2, 0x36, 0xf2, 0x36, 0xf2, 0x36, 0xf2, 0x36, 0xf2,
    0x36, 0xf2, 0x36, 0xf2, 0x37, 0xf2, 0x48, 0xf3, 0x37, 0xf2, 0x36, 0xf2, 0x36, 0xf2, 0x36, 0xf2,
    0x37, 0xf2, 0x37, 0xf2, 0x37, 0xf2, 0x36, 0xf2, 0x36, 0xf2, 0x36, 0xf2, 0x36, 0xf2, 0x36, 0xf2,
    0x36, 0xf2, 0x36, 0xf2, 0x36, 0xf2, 0x36, 0xf2, 0x26, 0xf2, 0x26, 0xf2, 0x25, 0xf2, 0x25, 0xf2,
    0x25, 0xf2, 0x25, 0xf2, 0x25, 0xf2, 0x25, 0xf2, 0x25, 0xf2, 0x25, 0xf2, 0x26, 0xf2, 0x36, 0xf2,
    0x36, 0xf2, 0x36, 0xf2, 0x36, 0xf2, 0x36, 0xf2, 0x36, 0xf2, 0x36, 0xf2, 0x36, 0xf2, 0x36, 0xf2,
    0x36, 0xf2, 0x35, 0xf2, 0x25, 0xf2, 0x25, 0xf2, 0x36, 0xf2, 0x36, 0xf2, 0x25, 0xf2, 0x25, 0xf2,
    0x25, 0xf2, 0x25, 0xf2, 0x25, 0xf2, 0x36, 0xf2, 0x36, 0xf2, 0x37, 0xf2, 0x26, 0xf2, 0x25, 0xf2,
    0x25, 0xf2, 0x25, 0xf2, 0x25, 0xf2, 0x25, 0xf2, 0x24, 0xf2, 0x25, 0xf2, 0x24, 0xf2, 0x24, 0xf2,
    0x24, 0xf2, 0x24, 0xf2, 0x24, 0xf2, 0x24, 0xf2, 0x24, 0xf2, 0x25, 0xf2, 0x24, 0xf2, 0x24, 0xf2,
    0x14, 0xf2, 0x24, 0xf2, 0x24, 0xf2, 0x24, 0xf2, 0x24, 0xf2, 0x13, 0xf1, 0x14, 0xf2, 0x14, 0xf2,
    0x14, 0xf2, 0x14, 0xf2, 0x14, 0xf2, 0x14, 0xf2, 0x14, 0xf2, 0x14, 0xf2, 0x14, 0xf2, 0x14, 0xf2,
    0x14, 0xf2, 0x14, 0xf2, 0x14, 0xf2, 0x24, 0xf2, 0x14, 0xf2, 0x14, 0xf2, 0x24, 0xf2, 0x24, 0xf2,
    0x14, 0xf2, 0x24, 0xf2, 0x24, 0xf2, 0x14, 0xf2, 0x14, 0xf2, 0x14, 0xf2, 0x14, 0xf2, 0x14, 0xf2,
    0x26, 0xf2, 0x26, 0xf2, 0x26, 0xf2, 0x26, 0xf2, 0x26, 0xf2, 0x26, 0xf2, 0x26, 0xf2, 0x26, 0xf2,
    0x26, 0xf2, 0x26, 0xf2, 0x26, 0xf2, 0x26, 0xf2, 0x26, 0xf2, 0x26, 0xf2, 0x26, 0xf2, 0x26, 0xf2,
    0x25, 0xf2, 0x25, 0xf2, 0x25, 0xf2, 0x25, 0xf2, 0x25, 0xf2, 0x25, 0xf2, 0x26, 0xf2, 0x36, 0xf2,
    0x26, 0xf2, 0x26, 0xf2, 0x26, 0xf2, 0x26, 0xf2, 0x26, 0xf2, 0x26, 0xf2, 0x26, 0xf2, 0x26, 0xf2,
    0x26, 0xf2, 0x26, 0xf2, 0x26, 0xf2, 0x26, 0xf2, 0x26, 0xf2, 0x36, 0xf2, 0x26, 0xf2, 0x26, 0xf2,
    0x36, 0xf2, 0x36, 0xf2, 0x26, 0xf2, 0x26, 0xf2, 0x36, 0xf2, 0x36, 0xf2, 0x36, 0xf2, 0x36, 0xf2,
    0x26, 0xf2, 0x36, 0xf2, 0x36, 0xf2, 0x36, 0xf2, 0x36, 0xf2, 0x36, 0xf2, 0x26, 0xf2, 0x25, 0xf2,
    0x25, 0xf2, 0x25, 0xf2, 0x26, 0xf2, 0x26, 0xf2, 0x26, 0xf2, 0x26, 0xf2, 0x26, 0xf2, 0x26, 0xf2,
    0x25, 0xf2, 0x25, 0xf2, 0x25, 0xf2, 0x25, 0xf2, 0x25, 0xf2, 0x26, 0xf2, 0x25, 0xf2, 0x25, 0xf2,
    0x36, 0xf2, 0x25, 0xf2, 0x25, 0xf2, 0x25, 0xf2, 0x25, 0xf2, 0x25, 0xf2, 0x25, 0xf2, 0x25, 0xf2,
    0x25, 0xf2, 0x25, 0xf2, 0x25, 0xf2, 0x25, 0xf2, 0x25, 0xf2, 0x25, 0xf2, 0x25, 0xf2, 0x25, 0xf2,
    0x25, 0xf2, 0x25, 0xf2, 0x25, 0xf2, 0x25, 0xf2, 0x25, 0xf2, 0x25, 0xf2, 0x25, 0xf2, 0x25, 0xf2,
    0x25, 0xf2, 0x25, 0xf2, 0x25, 0xf2, 0x26, 0xf2, 0x36, 0xf2, 0x37, 0xf2, 0x26, 0xf2, 0x25, 0xf2,
    0x25, 0xf2, 0x25, 0xf2, 0x26, 0xf2, 0x26, 0xf2, 0x26, 0xf2, 0x26, 0xf2, 0x26, 0xf2, 0x26, 0xf2,
    0x26, 0xf2, 0x26, 0xf2, 0x26, 0xf2, 0x26, 0xf2, 0x36, 0xf2, 0x36, 0xf2, 0x36, 0xf2, 0x36, 0xf2,
    0x36, 0xf2, 0x36, 0xf2, 0x36, 0xf2, 0x36, 0xf2, 0x36, 0xf2, 0x36, 0xf2, 0x36, 0xf2, 0x36, 0xf2,
    0x36, 0xf2, 0x36, 0xf2, 0x36, 0xf2, 0x36, 0xf2, 0x36, 0xf2, 0x36, 0xf2, 0x36, 0xf2, 0x36, 0xf2,
    0x36, 0xf2, 0x36, 0xf2, 0x37, 0xf2, 0x47, 0xf3, 0x37, 0xf2, 0x36, 0xf2, 0x36, 0xf2, 0x36, 0xf2,
    0x47, 0xf2, 0x37, 0xf2, 0x36, 0xf2, 0x36, 0xf2, 0x36, 0xf2, 0x36, 0xf2, 0x36, 0xf2, 0x36, 0xf2,
    0x36, 0xf2, 0x36, 0xf2, 0x36, 0xf2, 0x36, 0xf2, 0x36, 0xf2, 0x36, 0xf2, 0x36, 0xf2, 0x26, 0xf2,
    0x26, 0xf2, 0x25, 0xf2, 0x26, 0xf2, 0x26, 0xf2, 0x25, 0xf2, 0x25, 0xf2, 0x26, 0xf2, 0x26, 0xf2,
    0x26, 0xf2, 0x26, 0xf2, 0x26, 0xf2, 0x26, 0xf2, 0x36, 0xf2, 0x36, 0xf2, 0x36, 0xf2, 0x36, 0xf2,
    0x47, 0xf2, 0x36, 0xf2, 0x25, 0xf2, 0x25, 0xf2, 0x25, 0xf2, 0x36, 0xf2, 0x35, 0xf2, 0x25, 0xf2,
    0x25, 0xf2, 0x25, 0xf2, 0x25, 0xf2, 0x36, 0xf2, 0x79, 0xf3, 0x79, 0xf3, 0x26, 0xf2, 0x25, 0xf2,
    0x25, 0xf2, 0x25, 0xf2, 0x25, 0xf2, 0x25, 0xf2, 0x24, 0xf2, 0x25, 0xf2, 0x24, 0xf2, 0x24, 0xf2,
    0x24, 0xf2, 0x24, 0xf2, 0x24, 0xf2, 0x24, 0xf2, 0x24, 0xf2, 0x24, 0xf2, 0x24, 0xf2, 0x24, 0xf2,
    0x24, 0xf2, 0x24, 0xf2, 0x24, 0xf2, 0x24, 0xf2, 0x24, 0xf2, 0x14, 0xf2, 0x14, 0xf2, 0x14, 0xf2,
    0x14, 0xf2, 0x14, 0xf2, 0x24, 0xf2, 0x14, 0xf2, 0x14, 0xf2, 0x14, 0xf2, 0x14, 0xf2, 0x24, 0xf2,
    0x14, 0xf2, 0x14, 0xf2, 0x14, 0xf2, 0x14, 0xf2, 0x14, 0xf2, 0x14, 0xf2, 0x24, 0xf2, 0x24, 0xf2,
    0x14, 0xf2, 0x14, 0xf2, 0x24, 0xf2, 0x14, 0xf2, 0x14, 0xf2, 0x14, 0xf2, 0x14, 0xf2, 0x14, 0xf2,
